source_clip,frame,time_sec,face_detected,ear,mar,head_pitch,head_yaw,head_roll,gaze_vertical,gaze_horizontal
normal.mp4,0,0.000,True,0.2875,0.0013,18.96,1.53,-2.83,0.375,0.511
normal.mp4,1,0.033,True,0.2864,0.0017,18.97,1.35,-2.94,0.414,0.509
normal.mp4,2,0.066,True,0.2702,0.0047,19.01,1.45,-2.56,0.362,0.503
normal.mp4,3,0.099,True,0.2752,0.0027,19.05,1.58,-2.70,0.393,0.495
normal.mp4,4,0.132,True,0.2761,0.0027,19.26,1.58,-2.81,0.386,0.512
normal.mp4,5,0.165,True,0.2700,0.0026,19.36,1.86,-2.87,0.382,0.498
normal.mp4,6,0.198,True,0.2788,0.0018,19.08,1.95,-2.80,0.381,0.513
normal.mp4,7,0.231,True,0.2863,0.0016,19.01,1.75,-2.57,0.376,0.505
normal.mp4,8,0.263,True,0.2829,0.0023,18.97,1.84,-2.77,0.383,0.507
normal.mp4,9,0.296,True,0.2761,0.0020,18.94,2.04,-2.68,0.371,0.512
normal.mp4,10,0.329,True,0.2932,0.0020,19.04,1.86,-2.73,0.402,0.505
normal.mp4,11,0.362,True,0.2832,0.0025,19.06,1.63,-2.81,0.373,0.513
normal.mp4,12,0.395,True,0.2803,0.0035,19.14,1.78,-2.58,0.369,0.503
normal.mp4,13,0.428,True,0.2860,0.0041,19.35,1.39,-2.96,0.363,0.506
normal.mp4,14,0.461,True,0.2805,0.0022,18.91,1.63,-2.81,0.367,0.508
normal.mp4,15,0.494,True,0.2767,0.0025,19.00,1.71,-2.61,0.340,0.512
normal.mp4,16,0.527,True,0.2792,0.0015,19.09,1.62,-2.63,0.363,0.502
normal.mp4,17,0.560,True,0.2752,0.0027,18.88,1.61,-2.68,0.338,0.511
normal.mp4,18,0.593,True,0.2808,0.0023,19.09,1.46,-2.85,0.358,0.517
normal.mp4,19,0.626,True,0.3008,0.0036,19.00,1.64,-2.93,0.370,0.509
normal.mp4,20,0.659,True,0.2925,0.0019,18.92,1.71,-2.96,0.368,0.506
normal.mp4,21,0.692,True,0.2862,0.0027,19.05,1.56,-2.79,0.383,0.505
normal.mp4,22,0.725,True,0.2895,0.0030,19.24,1.49,-3.12,0.379,0.519
normal.mp4,23,0.758,True,0.2960,0.0025,19.07,1.42,-3.10,0.379,0.507
normal.mp4,24,0.790,True,0.2853,0.0030,19.07,1.46,-2.95,0.364,0.510
normal.mp4,25,0.823,True,0.2837,0.0029,19.09,1.63,-3.00,0.362,0.511
normal.mp4,26,0.856,True,0.2795,0.0021,19.00,1.39,-3.04,0.367,0.518
normal.mp4,27,0.889,True,0.2856,0.0028,18.98,1.02,-2.77,0.376,0.506
normal.mp4,28,0.922,True,0.2941,0.0015,19.09,1.34,-2.82,0.373,0.514
normal.mp4,29,0.955,True,0.2949,0.0032,19.13,1.55,-2.90,0.383,0.522
normal.mp4,30,0.988,True,0.2933,0.0025,19.03,1.84,-2.97,0.387,0.508
normal.mp4,31,1.021,True,0.2912,0.0018,18.88,1.52,-3.11,0.376,0.515
normal.mp4,32,1.054,True,0.2855,0.0028,18.98,1.58,-2.90,0.355,0.506
normal.mp4,33,1.087,True,0.2937,0.0031,19.23,1.42,-3.06,0.379,0.501
normal.mp4,34,1.120,True,0.2841,0.0027,19.07,1.55,-2.96,0.371,0.507
normal.mp4,35,1.153,True,0.2877,0.0029,19.31,1.50,-3.07,0.378,0.518
normal.mp4,36,1.186,True,0.2884,0.0013,18.95,1.33,-2.91,0.368,0.507
normal.mp4,37,1.219,True,0.2854,0.0017,19.23,1.51,-3.14,0.386,0.515
normal.mp4,38,1.252,True,0.2930,0.0017,19.15,1.48,-2.72,0.374,0.508
normal.mp4,39,1.285,True,0.2944,0.0013,19.13,1.67,-2.64,0.394,0.517
normal.mp4,40,1.317,True,0.2896,0.0058,18.98,1.60,-2.90,0.382,0.511
normal.mp4,41,1.350,True,0.2868,0.0013,19.07,1.53,-2.93,0.354,0.511
normal.mp4,42,1.383,True,0.2938,0.0014,19.33,1.38,-2.67,0.383,0.504
normal.mp4,43,1.416,True,0.2942,0.0017,19.16,1.41,-2.68,0.387,0.510
normal.mp4,44,1.449,True,0.2986,0.0035,19.14,1.39,-2.67,0.381,0.505
normal.mp4,45,1.482,True,0.3014,0.0034,19.14,1.48,-2.74,0.382,0.497
normal.mp4,46,1.515,True,0.2879,0.0015,19.31,1.38,-2.96,0.382,0.508
normal.mp4,47,1.548,True,0.2930,0.0023,19.22,1.72,-2.83,0.396,0.516
normal.mp4,48,1.581,True,0.2936,0.0027,19.31,1.32,-2.82,0.386,0.513
normal.mp4,49,1.614,True,0.2916,0.0011,19.06,1.62,-2.85,0.375,0.509
normal.mp4,50,1.647,True,0.3040,0.0023,18.95,1.51,-2.84,0.370,0.514
normal.mp4,51,1.680,True,0.2954,0.0022,19.33,1.65,-2.85,0.364,0.518
normal.mp4,52,1.713,True,0.2824,0.0022,19.21,1.66,-2.94,0.380,0.513
normal.mp4,53,1.746,True,0.2867,0.0023,19.32,1.46,-2.94,0.385,0.515
normal.mp4,54,1.779,True,0.2881,0.0021,19.43,1.46,-2.83,0.358,0.513
normal.mp4,55,1.812,True,0.2946,0.0009,19.26,1.56,-2.74,0.356,0.517
normal.mp4,56,1.844,True,0.2901,0.0025,19.24,1.56,-3.01,0.379,0.520
normal.mp4,57,1.877,True,0.2987,0.0023,19.05,1.53,-2.90,0.368,0.505
normal.mp4,58,1.910,True,0.2894,0.0025,19.46,1.54,-2.76,0.378,0.507
normal.mp4,59,1.943,True,0.2877,0.0030,19.29,1.54,-2.72,0.374,0.510
normal.mp4,60,1.976,True,0.2875,0.0027,19.09,1.68,-3.03,0.376,0.498
normal.mp4,61,2.009,True,0.2839,0.0027,19.30,1.60,-3.00,0.370,0.513
normal.mp4,62,2.042,True,0.2951,0.0027,18.88,1.80,-2.72,0.363,0.514
normal.mp4,63,2.075,True,0.2866,0.0031,19.29,1.58,-2.95,0.372,0.515
normal.mp4,64,2.108,True,0.2892,0.0020,19.28,1.72,-3.28,0.374,0.506
normal.mp4,65,2.141,True,0.2833,0.0019,19.10,1.76,-2.90,0.348,0.518
normal.mp4,66,2.174,True,0.2910,0.0023,19.07,1.92,-2.86,0.368,0.511
normal.mp4,67,2.207,True,0.2795,0.0017,19.15,1.74,-2.68,0.358,0.514
normal.mp4,68,2.240,True,0.2909,0.0035,19.03,1.63,-2.80,0.381,0.521
normal.mp4,69,2.273,True,0.2978,0.0031,18.84,1.76,-2.66,0.382,0.516
normal.mp4,70,2.306,True,0.3007,0.0022,19.36,1.65,-2.60,0.384,0.511
normal.mp4,71,2.339,True,0.2982,0.0030,19.16,1.33,-2.84,0.387,0.515
normal.mp4,72,2.371,True,0.2931,0.0022,19.27,1.65,-2.81,0.369,0.514
normal.mp4,73,2.404,True,0.3046,0.0030,19.42,1.63,-2.50,0.397,0.507
normal.mp4,74,2.437,True,0.2841,0.0020,19.13,1.55,-2.70,0.359,0.514
normal.mp4,75,2.470,True,0.2854,0.0034,19.36,1.63,-3.06,0.385,0.511
normal.mp4,76,2.503,True,0.2945,0.0021,19.00,1.60,-2.83,0.386,0.510
normal.mp4,77,2.536,True,0.2952,0.0027,19.24,1.46,-2.84,0.398,0.513
normal.mp4,78,2.569,True,0.2946,0.0020,19.15,1.44,-2.91,0.393,0.510
normal.mp4,79,2.602,True,0.2924,0.0019,19.00,1.53,-2.89,0.376,0.512
normal.mp4,80,2.635,True,0.3016,0.0022,19.10,1.49,-3.05,0.382,0.511
normal.mp4,81,2.668,True,0.3060,0.0019,18.95,1.45,-2.72,0.387,0.510
normal.mp4,82,2.701,True,0.3084,0.0033,19.28,1.48,-3.12,0.390,0.501
normal.mp4,83,2.734,True,0.2961,0.0029,19.33,1.51,-2.65,0.370,0.506
normal.mp4,84,2.767,True,0.2911,0.0026,19.07,1.49,-2.81,0.376,0.517
normal.mp4,85,2.800,True,0.2997,0.0029,19.29,1.47,-2.90,0.389,0.506
normal.mp4,86,2.833,True,0.2993,0.0021,19.12,1.70,-2.79,0.386,0.512
normal.mp4,87,2.866,True,0.2902,0.0012,19.01,1.77,-2.67,0.375,0.516
normal.mp4,88,2.898,True,0.2990,0.0015,19.11,1.52,-2.67,0.367,0.511
normal.mp4,89,2.931,True,0.2963,0.0017,19.09,1.47,-3.03,0.377,0.517
normal.mp4,90,2.964,True,0.2997,0.0030,19.23,1.63,-2.95,0.375,0.510
normal.mp4,91,2.997,True,0.2841,0.0034,19.26,1.47,-3.12,0.359,0.507
normal.mp4,92,3.030,True,0.2873,0.0022,19.17,1.54,-3.01,0.383,0.518
normal.mp4,93,3.063,True,0.2936,0.0028,19.00,1.62,-2.87,0.384,0.512
normal.mp4,94,3.096,True,0.2967,0.0019,19.01,1.55,-2.79,0.370,0.514
normal.mp4,95,3.129,True,0.2948,0.0027,19.21,1.65,-2.48,0.380,0.514
normal.mp4,96,3.162,True,0.2893,0.0019,18.94,1.44,-2.66,0.387,0.510
normal.mp4,97,3.195,True,0.2919,0.0045,19.26,1.70,-3.02,0.382,0.513
normal.mp4,98,3.228,True,0.2947,0.0019,19.36,1.43,-3.00,0.379,0.511
normal.mp4,99,3.261,True,0.2869,0.0038,18.93,1.71,-2.80,0.348,0.513
normal.mp4,100,3.294,True,0.2928,0.0022,19.17,1.63,-3.04,0.384,0.510
normal.mp4,101,3.327,True,0.2882,0.0037,18.94,1.74,-2.70,0.372,0.510
normal.mp4,102,3.360,True,0.2926,0.0023,19.21,1.62,-3.12,0.363,0.511
normal.mp4,103,3.393,True,0.2950,0.0020,19.16,1.56,-2.98,0.378,0.522
normal.mp4,104,3.425,True,0.2786,0.0016,18.68,1.78,-2.51,0.365,0.517
normal.mp4,105,3.458,True,0.2885,0.0021,19.06,1.74,-2.64,0.377,0.508
normal.mp4,106,3.491,True,0.2926,0.0020,19.36,1.56,-2.73,0.394,0.506
normal.mp4,107,3.524,True,0.2999,0.0017,19.02,1.58,-2.80,0.379,0.510
normal.mp4,108,3.557,True,0.2935,0.0022,19.14,1.76,-2.89,0.368,0.509
normal.mp4,109,3.590,True,0.2941,0.0032,19.20,1.68,-2.69,0.367,0.513
normal.mp4,110,3.623,True,0.2868,0.0013,19.01,1.32,-2.72,0.382,0.515
normal.mp4,111,3.656,True,0.2996,0.0025,18.72,1.50,-2.61,0.384,0.512
normal.mp4,112,3.689,True,0.2987,0.0030,19.08,1.70,-2.88,0.363,0.517
normal.mp4,113,3.722,True,0.2975,0.0027,18.93,1.94,-2.77,0.363,0.514
normal.mp4,114,3.755,True,0.2851,0.0025,18.98,1.52,-2.66,0.354,0.507
normal.mp4,115,3.788,True,0.2970,0.0032,18.71,1.59,-2.71,0.365,0.505
normal.mp4,116,3.821,True,0.2958,0.0020,19.06,1.80,-2.89,0.386,0.507
normal.mp4,117,3.854,True,0.2966,0.0033,19.11,1.80,-3.02,0.384,0.510
normal.mp4,118,3.887,True,0.2937,0.0027,19.23,1.56,-2.75,0.362,0.507
normal.mp4,119,3.920,True,0.3030,0.0023,19.00,1.72,-2.57,0.401,0.511
normal.mp4,120,3.952,True,0.2946,0.0018,19.01,1.88,-2.69,0.403,0.511
normal.mp4,121,3.985,True,0.2857,0.0021,18.84,1.75,-2.61,0.364,0.515
normal.mp4,122,4.018,True,0.2976,0.0030,18.92,1.67,-2.81,0.378,0.507
normal.mp4,123,4.051,True,0.2843,0.0024,18.99,1.56,-2.70,0.364,0.508
normal.mp4,124,4.084,True,0.2973,0.0031,18.86,1.58,-2.55,0.369,0.510
normal.mp4,125,4.117,True,0.2995,0.0025,19.14,1.47,-2.45,0.370,0.519
normal.mp4,126,4.150,True,0.2930,0.0024,18.98,1.51,-2.43,0.367,0.518
normal.mp4,127,4.183,True,0.2865,0.0023,18.98,1.83,-2.58,0.370,0.509
normal.mp4,128,4.216,True,0.2960,0.0035,19.06,1.86,-2.90,0.378,0.506
normal.mp4,129,4.249,True,0.2851,0.0037,19.22,1.79,-2.69,0.353,0.507
normal.mp4,130,4.282,True,0.2932,0.0031,19.00,1.76,-2.57,0.357,0.510
normal.mp4,131,4.315,True,0.2908,0.0018,18.94,1.81,-2.65,0.365,0.515
normal.mp4,132,4.348,True,0.3020,0.0013,19.04,1.65,-2.46,0.367,0.508
normal.mp4,133,4.381,True,0.3029,0.0021,19.02,1.85,-2.82,0.385,0.520
normal.mp4,134,4.414,True,0.2944,0.0023,19.06,1.68,-2.80,0.384,0.519
normal.mp4,135,4.447,True,0.3000,0.0020,19.25,1.80,-2.59,0.383,0.513
normal.mp4,136,4.479,True,0.2987,0.0023,19.13,2.02,-2.60,0.376,0.520
normal.mp4,137,4.512,True,0.2984,0.0037,19.24,1.81,-2.79,0.379,0.505
normal.mp4,138,4.545,True,0.3018,0.0023,19.21,1.80,-2.48,0.386,0.507
normal.mp4,139,4.578,True,0.2856,0.0024,19.21,1.59,-2.54,0.359,0.518
normal.mp4,140,4.611,True,0.2972,0.0031,19.32,1.85,-2.57,0.382,0.507
normal.mp4,141,4.644,True,0.2904,0.0018,19.01,1.75,-2.56,0.357,0.515
normal.mp4,142,4.677,True,0.2984,0.0021,18.93,1.81,-2.58,0.379,0.509
normal.mp4,143,4.710,True,0.2992,0.0030,19.31,1.83,-2.87,0.391,0.511
normal.mp4,144,4.743,True,0.2941,0.0027,18.91,1.59,-2.59,0.350,0.512
normal.mp4,145,4.776,True,0.2791,0.0017,19.14,1.69,-2.52,0.341,0.517
normal.mp4,146,4.809,True,0.2917,0.0025,19.31,1.64,-2.46,0.362,0.511
normal.mp4,147,4.842,True,0.2984,0.0017,19.00,1.59,-2.39,0.385,0.509
normal.mp4,148,4.875,True,0.2815,0.0024,19.00,1.59,-2.61,0.378,0.512
normal.mp4,149,4.908,True,0.2881,0.0031,19.02,1.41,-2.65,0.372,0.514
normal.mp4,150,4.941,True,0.2946,0.0033,19.40,1.68,-2.66,0.365,0.498
normal.mp4,151,4.974,True,0.3005,0.0025,19.01,1.75,-2.57,0.388,0.517
normal.mp4,152,5.006,True,0.2797,0.0032,19.18,1.80,-2.57,0.357,0.509
normal.mp4,153,5.039,True,0.2955,0.0015,19.08,1.76,-2.60,0.362,0.507
normal.mp4,154,5.072,True,0.2984,0.0018,19.03,1.77,-2.55,0.376,0.511
normal.mp4,155,5.105,True,0.2932,0.0039,18.98,1.78,-2.55,0.369,0.514
normal.mp4,156,5.138,True,0.2965,0.0032,19.48,1.83,-2.98,0.396,0.509
normal.mp4,157,5.171,True,0.2933,0.0017,19.33,1.92,-2.59,0.372,0.507
normal.mp4,158,5.204,True,0.2871,0.0033,19.01,1.80,-2.68,0.374,0.510
normal.mp4,159,5.237,True,0.2932,0.0012,19.05,2.03,-2.54,0.361,0.513
normal.mp4,160,5.270,True,0.2898,0.0024,19.06,1.82,-2.67,0.353,0.503
normal.mp4,161,5.303,True,0.2942,0.0024,19.28,1.88,-2.58,0.376,0.507
normal.mp4,162,5.336,True,0.2963,0.0028,19.04,1.96,-2.51,0.377,0.517
normal.mp4,163,5.369,True,0.3048,0.0022,19.10,1.85,-2.49,0.392,0.511
normal.mp4,164,5.402,True,0.2980,0.0026,19.07,1.77,-2.63,0.385,0.508
normal.mp4,165,5.435,True,0.3020,0.0034,18.79,1.92,-2.33,0.392,0.508
normal.mp4,166,5.468,True,0.3051,0.0028,19.25,1.59,-2.84,0.403,0.517
normal.mp4,167,5.501,True,0.2955,0.0027,18.86,1.60,-2.38,0.394,0.511
normal.mp4,168,5.533,True,0.3045,0.0030,18.93,1.66,-2.59,0.390,0.519
normal.mp4,169,5.566,True,0.2936,0.0020,18.78,1.71,-2.57,0.379,0.511
normal.mp4,170,5.599,True,0.2900,0.0023,18.94,1.76,-2.48,0.390,0.515
normal.mp4,171,5.632,True,0.3029,0.0018,18.98,1.68,-2.47,0.385,0.505
normal.mp4,172,5.665,True,0.2967,0.0022,19.02,1.79,-2.28,0.380,0.504
normal.mp4,173,5.698,True,0.2950,0.0022,19.01,1.65,-2.46,0.376,0.502
normal.mp4,174,5.731,True,0.3076,0.0034,19.15,1.83,-2.71,0.399,0.506
normal.mp4,175,5.764,True,0.2964,0.0021,19.09,1.58,-2.87,0.394,0.512
normal.mp4,176,5.797,True,0.2911,0.0019,19.01,1.64,-2.99,0.384,0.509
normal.mp4,177,5.830,True,0.3039,0.0030,19.01,1.89,-2.44,0.371,0.506
normal.mp4,178,5.863,True,0.2948,0.0020,18.85,2.00,-2.56,0.361,0.511
normal.mp4,179,5.896,True,0.2961,0.0024,19.20,1.76,-2.70,0.391,0.508
normal.mp4,180,5.929,True,0.2955,0.0019,19.21,1.75,-2.56,0.357,0.514
normal.mp4,181,5.962,True,0.2792,0.0029,19.15,1.77,-2.39,0.350,0.512
normal.mp4,182,5.995,True,0.2898,0.0020,18.88,1.85,-2.77,0.377,0.506
normal.mp4,183,6.028,True,0.2895,0.0026,19.21,1.92,-2.54,0.362,0.512
normal.mp4,184,6.060,True,0.3010,0.0022,19.15,1.77,-2.53,0.376,0.515
normal.mp4,185,6.093,True,0.2966,0.0015,18.98,1.94,-2.59,0.385,0.510
normal.mp4,186,6.126,True,0.2961,0.0029,18.97,1.65,-2.52,0.370,0.510
normal.mp4,187,6.159,True,0.2985,0.0032,18.81,1.67,-2.51,0.396,0.512
normal.mp4,188,6.192,True,0.2993,0.0020,19.05,1.92,-2.61,0.384,0.508
normal.mp4,189,6.225,True,0.2944,0.0035,19.05,1.82,-2.31,0.371,0.515
normal.mp4,190,6.258,True,0.2981,0.0025,19.03,1.65,-2.45,0.384,0.506
normal.mp4,191,6.291,True,0.3032,0.0023,19.13,1.59,-2.43,0.395,0.511
normal.mp4,192,6.324,True,0.2948,0.0029,19.10,1.72,-2.71,0.379,0.514
normal.mp4,193,6.357,True,0.2897,0.0024,18.87,1.74,-2.32,0.364,0.516
normal.mp4,194,6.390,True,0.2840,0.0025,19.26,1.95,-2.62,0.360,0.511
normal.mp4,195,6.423,True,0.2884,0.0023,18.84,2.00,-2.45,0.358,0.509
normal.mp4,196,6.456,True,0.2947,0.0027,19.06,1.51,-2.58,0.394,0.508
normal.mp4,197,6.489,True,0.2923,0.0020,19.00,1.90,-2.63,0.358,0.516
normal.mp4,198,6.522,True,0.2966,0.0030,19.01,1.83,-2.35,0.364,0.509
normal.mp4,199,6.555,True,0.2905,0.0019,18.81,2.08,-2.27,0.362,0.508
normal.mp4,200,6.587,True,0.2926,0.0022,18.75,1.97,-2.45,0.380,0.509
normal.mp4,201,6.620,True,0.2974,0.0025,18.98,2.03,-2.30,0.379,0.510
normal.mp4,202,6.653,True,0.3025,0.0015,18.96,1.69,-2.60,0.381,0.515
normal.mp4,203,6.686,True,0.3014,0.0017,18.98,1.79,-2.36,0.375,0.504
normal.mp4,204,6.719,True,0.2902,0.0018,19.04,1.99,-2.48,0.378,0.511
normal.mp4,205,6.752,True,0.2913,0.0034,18.85,1.84,-2.65,0.379,0.512
normal.mp4,206,6.785,True,0.3024,0.0024,18.72,1.89,-2.09,0.395,0.507
normal.mp4,207,6.818,True,0.2936,0.0021,18.78,1.94,-2.46,0.382,0.510
normal.mp4,208,6.851,True,0.2858,0.0016,19.27,1.90,-2.38,0.356,0.516
normal.mp4,209,6.884,True,0.2923,0.0038,19.21,1.69,-2.40,0.375,0.504
normal.mp4,210,6.917,True,0.3025,0.0024,18.84,1.52,-2.69,0.380,0.515
normal.mp4,211,6.950,True,0.2915,0.0028,18.99,1.71,-2.67,0.391,0.515
normal.mp4,212,6.983,True,0.2916,0.0036,18.89,1.40,-2.57,0.388,0.508
normal.mp4,213,7.016,True,0.3043,0.0029,19.12,1.58,-2.50,0.384,0.506
normal.mp4,214,7.049,True,0.2819,0.0026,18.80,1.67,-2.55,0.368,0.506
normal.mp4,215,7.082,True,0.2937,0.0016,19.03,1.58,-2.21,0.386,0.506
normal.mp4,216,7.114,True,0.2925,0.0025,19.14,1.79,-2.37,0.381,0.508
normal.mp4,217,7.147,True,0.2878,0.0032,19.16,1.60,-2.02,0.382,0.512
normal.mp4,218,7.180,True,0.2942,0.0021,19.11,1.60,-2.27,0.392,0.510
normal.mp4,219,7.213,True,0.2915,0.0021,19.08,1.73,-2.19,0.389,0.511
normal.mp4,220,7.246,True,0.2926,0.0032,19.15,1.62,-2.54,0.389,0.514
normal.mp4,221,7.279,True,0.2967,0.0034,18.96,1.70,-2.38,0.401,0.506
normal.mp4,222,7.312,True,0.2901,0.0022,19.12,1.51,-2.53,0.379,0.507
normal.mp4,223,7.345,True,0.2994,0.0037,19.02,1.34,-2.31,0.393,0.511
normal.mp4,224,7.378,True,0.2820,0.0020,19.39,1.81,-2.83,0.348,0.517
normal.mp4,225,7.411,True,0.2865,0.0023,18.90,1.61,-2.40,0.369,0.514
normal.mp4,226,7.444,True,0.2919,0.0025,19.32,1.62,-2.39,0.385,0.509
normal.mp4,227,7.477,True,0.2977,0.0038,19.14,1.33,-2.32,0.387,0.507
normal.mp4,228,7.510,True,0.2950,0.0019,19.35,1.40,-2.40,0.368,0.514
normal.mp4,229,7.543,True,0.3013,0.0020,19.10,1.62,-2.37,0.387,0.511
normal.mp4,230,7.576,True,0.3057,0.0029,19.03,1.36,-2.08,0.400,0.509
normal.mp4,231,7.609,True,0.2945,0.0036,19.35,0.98,-2.34,0.359,0.515
normal.mp4,232,7.641,True,0.2841,0.0023,19.43,0.93,-2.28,0.358,0.505
normal.mp4,233,7.674,True,0.2865,0.0016,19.50,1.00,-2.15,0.371,0.510
normal.mp4,234,7.707,True,0.2833,0.0031,19.19,1.09,-2.06,0.370,0.511
normal.mp4,235,7.740,True,0.2920,0.0022,19.58,0.78,-2.47,0.387,0.514
normal.mp4,236,7.773,True,0.2893,0.0023,19.52,1.01,-2.25,0.363,0.517
normal.mp4,237,7.806,True,0.2957,0.0044,19.68,0.90,-2.34,0.364,0.512
normal.mp4,238,7.839,True,0.2915,0.0020,19.68,0.89,-2.34,0.352,0.510
normal.mp4,239,7.872,True,0.2899,0.0035,19.40,1.01,-2.30,0.345,0.504
normal.mp4,240,7.905,True,0.2936,0.0027,19.32,0.78,-2.30,0.376,0.508
normal.mp4,241,7.938,True,0.2822,0.0019,19.40,0.79,-2.32,0.357,0.510
normal.mp4,242,7.971,True,0.2899,0.0018,19.65,0.87,-2.62,0.364,0.517
normal.mp4,243,8.004,True,0.2938,0.0020,19.41,0.82,-2.35,0.374,0.514
normal.mp4,244,8.037,True,0.2915,0.0022,19.32,0.96,-2.57,0.366,0.513
normal.mp4,245,8.070,True,0.2424,0.0023,19.19,0.62,-2.76,0.380,0.515
normal.mp4,246,8.103,True,0.2311,0.0033,18.65,1.02,-2.06,0.373,0.517
normal.mp4,247,8.136,True,0.2449,0.0029,18.92,1.27,-2.39,0.339,0.513
normal.mp4,248,8.168,True,0.2710,0.0014,19.16,1.02,-3.08,0.348,0.517
normal.mp4,249,8.201,True,0.2649,0.0031,19.41,0.92,-3.04,0.330,0.503
normal.mp4,250,8.234,True,0.2845,0.0020,19.24,0.88,-2.74,0.351,0.512
normal.mp4,251,8.267,True,0.2933,0.0035,19.32,1.06,-2.39,0.379,0.507
normal.mp4,252,8.300,True,0.2914,0.0045,19.62,1.05,-2.71,0.373,0.508
normal.mp4,253,8.333,True,0.2788,0.0021,19.59,1.23,-2.90,0.342,0.509
normal.mp4,254,8.366,True,0.2838,0.0024,19.41,1.09,-2.76,0.360,0.510
normal.mp4,255,8.399,True,0.2837,0.0022,19.37,0.97,-2.74,0.356,0.508
normal.mp4,256,8.432,True,0.2735,0.0019,19.39,1.02,-2.75,0.350,0.508
normal.mp4,257,8.465,True,0.2800,0.0014,19.18,0.98,-2.68,0.346,0.505
normal.mp4,258,8.498,True,0.2763,0.0039,19.47,1.21,-2.66,0.348,0.507
normal.mp4,259,8.531,True,0.2951,0.0016,19.56,1.12,-2.93,0.379,0.519
normal.mp4,260,8.564,True,0.2884,0.0027,19.57,0.99,-2.66,0.364,0.509
normal.mp4,261,8.597,True,0.2879,0.0039,19.24,1.14,-2.76,0.347,0.504
normal.mp4,262,8.630,True,0.3014,0.0025,19.43,0.94,-2.92,0.377,0.519
normal.mp4,263,8.663,True,0.3023,0.0034,19.86,1.14,-3.18,0.382,0.508
normal.mp4,264,8.695,True,0.2940,0.0025,19.65,1.01,-3.07,0.383,0.522
normal.mp4,265,8.728,True,0.2979,0.0022,19.62,1.08,-2.99,0.384,0.500
normal.mp4,266,8.761,True,0.2949,0.0022,19.32,1.07,-2.86,0.363,0.505
normal.mp4,267,8.794,True,0.2951,0.0026,19.73,0.97,-2.92,0.382,0.502
normal.mp4,268,8.827,True,0.2887,0.0029,19.72,1.02,-2.92,0.388,0.518
normal.mp4,269,8.860,True,0.2944,0.0022,19.43,0.85,-2.81,0.381,0.509
normal.mp4,270,8.893,True,0.2930,0.0031,19.73,1.04,-2.88,0.387,0.509
normal.mp4,271,8.926,True,0.2959,0.0028,19.60,1.03,-3.09,0.382,0.516
normal.mp4,272,8.959,True,0.2855,0.0024,19.64,0.97,-2.88,0.384,0.504
normal.mp4,273,8.992,True,0.2906,0.0026,19.74,1.09,-3.16,0.368,0.514
normal.mp4,274,9.025,True,0.2966,0.0032,19.73,1.19,-3.03,0.395,0.510
normal.mp4,275,9.058,True,0.2961,0.0022,19.25,0.97,-3.05,0.392,0.510
normal.mp4,276,9.091,True,0.2837,0.0020,19.74,1.00,-3.11,0.368,0.513
normal.mp4,277,9.124,True,0.2983,0.0020,19.74,1.21,-2.99,0.393,0.513
normal.mp4,278,9.157,True,0.2902,0.0017,19.64,0.95,-3.23,0.376,0.506
normal.mp4,279,9.190,True,0.3028,0.0038,19.89,0.91,-2.96,0.399,0.508
normal.mp4,280,9.222,True,0.3032,0.0028,19.72,0.97,-2.99,0.399,0.506
normal.mp4,281,9.255,True,0.2970,0.0018,19.77,0.98,-3.15,0.392,0.513
normal.mp4,282,9.288,True,0.2953,0.0012,19.38,0.94,-3.08,0.396,0.510
normal.mp4,283,9.321,True,0.2969,0.0022,19.49,1.22,-3.03,0.379,0.506
normal.mp4,284,9.354,True,0.2911,0.0020,19.46,0.92,-2.98,0.368,0.513
normal.mp4,285,9.387,True,0.3009,0.0017,19.46,0.92,-2.89,0.396,0.515
normal.mp4,286,9.420,True,0.2978,0.0017,19.78,0.91,-3.07,0.385,0.504
normal.mp4,287,9.453,True,0.3014,0.0026,19.57,0.99,-3.00,0.377,0.504
normal.mp4,288,9.486,True,0.2860,0.0018,19.38,0.97,-2.83,0.365,0.504
normal.mp4,289,9.519,True,0.2870,0.0022,19.32,0.82,-2.86,0.369,0.509
normal.mp4,290,9.552,True,0.3035,0.0048,19.54,1.11,-2.69,0.385,0.514
normal.mp4,291,9.585,True,0.2899,0.0024,19.47,1.32,-2.76,0.369,0.509
normal.mp4,292,9.618,True,0.3016,0.0024,19.31,1.20,-2.92,0.386,0.506
normal.mp4,293,9.651,True,0.2931,0.0026,19.73,1.19,-3.23,0.391,0.518
normal.mp4,294,9.684,True,0.2868,0.0015,19.25,1.17,-2.91,0.363,0.505
normal.mp4,295,9.717,True,0.2909,0.0030,19.64,1.13,-2.88,0.378,0.510
normal.mp4,296,9.749,True,0.2872,0.0023,19.32,1.13,-2.77,0.367,0.512
normal.mp4,297,9.782,True,0.2919,0.0012,19.61,1.02,-2.88,0.388,0.503
normal.mp4,298,9.815,True,0.2898,0.0045,19.41,1.19,-2.96,0.379,0.507
normal.mp4,299,9.848,True,0.2884,0.0028,19.41,1.24,-2.82,0.368,0.517
normal.mp4,300,9.881,True,0.2983,0.0029,19.39,1.22,-2.70,0.382,0.503
normal.mp4,301,9.914,True,0.2970,0.0037,19.51,1.40,-2.87,0.370,0.509
normal.mp4,302,9.947,True,0.2936,0.0028,19.62,1.22,-2.80,0.369,0.508
normal.mp4,303,9.980,True,0.2937,0.0032,19.69,1.10,-2.98,0.387,0.515
normal.mp4,304,10.013,True,0.2974,0.0037,19.38,1.14,-3.15,0.393,0.517
normal.mp4,305,10.046,True,0.2855,0.0019,19.91,1.27,-2.95,0.378,0.508
normal.mp4,306,10.079,True,0.2987,0.0022,19.57,1.37,-3.14,0.379,0.506
normal.mp4,307,10.112,True,0.3037,0.0036,19.56,1.71,-3.03,0.396,0.503
normal.mp4,308,10.145,True,0.2986,0.0018,19.75,1.21,-3.35,0.389,0.512
normal.mp4,309,10.178,True,0.3006,0.0012,19.53,1.19,-3.28,0.382,0.505
normal.mp4,310,10.211,True,0.2920,0.0032,19.80,1.21,-3.41,0.380,0.508
normal.mp4,311,10.244,True,0.3007,0.0022,19.64,1.50,-3.33,0.377,0.513
normal.mp4,312,10.276,True,0.2982,0.0021,19.45,1.38,-3.25,0.392,0.513
normal.mp4,313,10.309,True,0.3052,0.0026,19.38,1.30,-3.57,0.400,0.512
normal.mp4,314,10.342,True,0.2952,0.0031,19.54,1.41,-3.78,0.394,0.500
normal.mp4,315,10.375,True,0.3010,0.0034,19.88,1.49,-3.54,0.388,0.510
normal.mp4,316,10.408,True,0.2996,0.0033,19.62,1.56,-3.61,0.393,0.505
normal.mp4,317,10.441,True,0.2911,0.0029,19.28,1.47,-3.40,0.366,0.517
normal.mp4,318,10.474,True,0.2910,0.0032,19.65,1.26,-3.51,0.386,0.507
normal.mp4,319,10.507,True,0.2964,0.0027,19.59,1.52,-3.66,0.395,0.512
normal.mp4,320,10.540,True,0.2913,0.0037,19.45,1.21,-3.66,0.377,0.507
normal.mp4,321,10.573,True,0.2948,0.0043,19.52,1.36,-3.83,0.388,0.519
normal.mp4,322,10.606,True,0.2981,0.0026,19.52,1.52,-3.70,0.392,0.522
normal.mp4,323,10.639,True,0.3011,0.0032,19.62,1.51,-4.01,0.388,0.515
normal.mp4,324,10.672,True,0.2931,0.0019,19.75,1.26,-3.53,0.389,0.511
normal.mp4,325,10.705,True,0.2892,0.0025,19.68,1.24,-3.64,0.368,0.509
normal.mp4,326,10.738,True,0.2928,0.0024,19.49,1.41,-3.30,0.395,0.518
normal.mp4,327,10.770,True,0.2822,0.0020,19.76,1.52,-3.31,0.389,0.515
normal.mp4,328,10.803,True,0.2920,0.0023,19.89,1.30,-3.18,0.383,0.513
normal.mp4,329,10.836,True,0.3023,0.0034,20.11,1.26,-3.31,0.380,0.509
normal.mp4,330,10.869,True,0.2883,0.0020,19.59,1.56,-3.30,0.361,0.510
normal.mp4,331,10.902,True,0.2970,0.0040,19.90,1.54,-3.45,0.360,0.512
normal.mp4,332,10.935,True,0.3031,0.0029,19.48,1.36,-3.11,0.377,0.504
normal.mp4,333,10.968,True,0.2873,0.0040,19.73,1.40,-2.87,0.362,0.512
normal.mp4,334,11.001,True,0.2933,0.0023,19.75,1.41,-3.01,0.361,0.505
normal.mp4,335,11.034,True,0.2908,0.0019,19.77,1.50,-3.21,0.371,0.503
normal.mp4,336,11.067,True,0.3037,0.0015,19.56,1.41,-3.15,0.370,0.505
normal.mp4,337,11.100,True,0.2924,0.0029,19.65,1.79,-3.28,0.396,0.514
normal.mp4,338,11.133,True,0.2858,0.0022,19.66,1.52,-3.33,0.386,0.512
normal.mp4,339,11.166,True,0.2887,0.0020,19.73,1.36,-3.20,0.354,0.507
normal.mp4,340,11.199,True,0.2959,0.0034,19.56,1.49,-2.98,0.390,0.507
normal.mp4,341,11.232,True,0.2931,0.0020,20.07,1.38,-2.84,0.386,0.512
normal.mp4,342,11.265,True,0.2901,0.0015,19.81,1.49,-3.04,0.372,0.509
normal.mp4,343,11.297,True,0.3050,0.0013,19.93,1.63,-3.03,0.384,0.510
normal.mp4,344,11.330,True,0.2961,0.0026,19.69,1.28,-2.90,0.378,0.510
normal.mp4,345,11.363,True,0.2979,0.0021,19.69,1.40,-2.73,0.368,0.512
normal.mp4,346,11.396,True,0.2940,0.0025,19.60,1.17,-2.84,0.371,0.511
normal.mp4,347,11.429,True,0.2924,0.0029,19.82,1.07,-2.96,0.386,0.517
normal.mp4,348,11.462,True,0.2906,0.0036,19.71,1.28,-3.00,0.351,0.509
normal.mp4,349,11.495,True,0.2981,0.0024,19.85,1.28,-2.68,0.368,0.512
normal.mp4,350,11.528,True,0.2879,0.0022,19.59,1.25,-2.82,0.351,0.505
normal.mp4,351,11.561,True,0.2870,0.0037,19.52,1.48,-2.72,0.359,0.510
normal.mp4,352,11.594,True,0.2912,0.0019,19.54,1.33,-2.52,0.373,0.509
normal.mp4,353,11.627,True,0.2895,0.0043,19.63,1.26,-2.44,0.359,0.509
normal.mp4,354,11.660,True,0.2920,0.0021,19.79,1.41,-2.86,0.376,0.503
normal.mp4,355,11.693,True,0.2840,0.0013,19.66,1.18,-2.85,0.370,0.512
normal.mp4,356,11.726,True,0.2958,0.0015,19.72,1.47,-3.27,0.396,0.512
normal.mp4,357,11.759,True,0.2868,0.0009,19.46,1.44,-2.99,0.359,0.506
normal.mp4,358,11.792,True,0.2917,0.0018,19.73,1.23,-3.41,0.377,0.513
normal.mp4,359,11.824,True,0.2962,0.0030,20.01,1.35,-3.33,0.409,0.511
normal.mp4,360,11.857,True,0.2922,0.0021,19.42,1.46,-3.31,0.387,0.511
normal.mp4,361,11.890,True,0.2924,0.0034,19.24,1.34,-3.29,0.372,0.516
normal.mp4,362,11.923,True,0.2967,0.0014,19.61,1.59,-3.31,0.403,0.512
normal.mp4,363,11.956,True,0.3038,0.0024,19.60,1.36,-3.22,0.406,0.509
normal.mp4,364,11.989,True,0.2949,0.0036,19.48,1.45,-3.14,0.384,0.506
normal.mp4,365,12.022,True,0.2953,0.0025,19.76,1.12,-2.97,0.388,0.506
normal.mp4,366,12.055,True,0.2951,0.0032,19.44,1.33,-3.00,0.389,0.514
normal.mp4,367,12.088,True,0.3032,0.0028,19.34,1.27,-3.06,0.385,0.501
normal.mp4,368,12.121,True,0.2967,0.0024,19.65,1.32,-3.18,0.403,0.502
normal.mp4,369,12.154,True,0.3044,0.0028,20.04,1.53,-3.44,0.402,0.517
normal.mp4,370,12.187,True,0.2876,0.0018,19.37,1.34,-3.02,0.387,0.506
normal.mp4,371,12.220,True,0.2947,0.0027,19.76,1.32,-3.10,0.386,0.507
normal.mp4,372,12.253,True,0.2973,0.0033,19.85,1.24,-2.71,0.378,0.512
normal.mp4,373,12.286,True,0.2999,0.0020,20.20,1.30,-3.16,0.391,0.512
normal.mp4,374,12.319,True,0.2920,0.0026,19.82,1.48,-3.21,0.377,0.516
normal.mp4,375,12.351,True,0.2895,0.0016,19.75,1.42,-2.78,0.380,0.511
normal.mp4,376,12.384,True,0.2969,0.0026,19.74,1.40,-2.94,0.389,0.514
normal.mp4,377,12.417,True,0.2965,0.0037,20.14,1.39,-3.10,0.402,0.505
normal.mp4,378,12.450,True,0.2977,0.0021,19.86,1.42,-3.19,0.384,0.511
normal.mp4,379,12.483,True,0.2912,0.0015,19.92,1.30,-3.38,0.391,0.511
normal.mp4,380,12.516,True,0.2990,0.0021,19.67,1.29,-3.12,0.370,0.504
normal.mp4,381,12.549,True,0.2969,0.0009,19.64,1.41,-2.97,0.375,0.512
normal.mp4,382,12.582,True,0.2908,0.0012,19.98,1.54,-2.93,0.390,0.504
normal.mp4,383,12.615,True,0.2969,0.0042,19.66,1.16,-3.14,0.369,0.501
normal.mp4,384,12.648,True,0.2973,0.0017,19.59,1.39,-2.76,0.375,0.507
normal.mp4,385,12.681,True,0.3033,0.0026,19.68,1.05,-2.65,0.392,0.502
normal.mp4,386,12.714,True,0.2829,0.0017,19.78,1.03,-3.08,0.372,0.501
normal.mp4,387,12.747,True,0.2880,0.0011,19.63,1.26,-3.16,0.380,0.504
normal.mp4,388,12.780,True,0.3019,0.0026,19.73,1.07,-3.12,0.379,0.512
normal.mp4,389,12.813,True,0.2879,0.0011,19.52,1.19,-2.88,0.360,0.508
normal.mp4,390,12.846,True,0.2892,0.0019,19.56,1.40,-2.69,0.370,0.503
normal.mp4,391,12.878,True,0.2997,0.0022,19.61,1.32,-2.83,0.373,0.501
normal.mp4,392,12.911,True,0.2969,0.0012,19.77,1.53,-2.76,0.380,0.504
normal.mp4,393,12.944,True,0.3001,0.0018,19.67,1.08,-2.86,0.375,0.497
normal.mp4,394,12.977,True,0.2931,0.0020,19.69,1.26,-2.82,0.363,0.514
normal.mp4,395,13.010,True,0.2971,0.0049,19.70,1.26,-2.87,0.398,0.504
normal.mp4,396,13.043,True,0.2934,0.0028,19.85,1.04,-2.85,0.380,0.510
normal.mp4,397,13.076,True,0.3052,0.0034,20.06,1.19,-2.81,0.394,0.512
normal.mp4,398,13.109,True,0.3043,0.0036,20.20,1.40,-2.73,0.384,0.508
normal.mp4,399,13.142,True,0.2988,0.0028,19.95,1.34,-2.50,0.357,0.506
normal.mp4,400,13.175,True,0.3007,0.0021,19.75,1.30,-2.43,0.382,0.506
normal.mp4,401,13.208,True,0.2864,0.0016,19.83,1.35,-2.47,0.371,0.508
normal.mp4,402,13.241,True,0.2839,0.0018,19.97,1.46,-2.56,0.366,0.511
normal.mp4,403,13.274,True,0.3009,0.0009,20.01,1.27,-2.37,0.392,0.499
normal.mp4,404,13.307,True,0.3015,0.0025,20.12,1.22,-2.61,0.377,0.516
normal.mp4,405,13.340,True,0.2923,0.0019,20.12,1.10,-2.61,0.378,0.505
normal.mp4,406,13.373,True,0.2942,0.0015,19.89,1.19,-2.25,0.374,0.506
normal.mp4,407,13.405,True,0.2928,0.0024,19.86,1.36,-2.40,0.349,0.504
normal.mp4,408,13.438,True,0.2909,0.0021,20.09,1.06,-2.61,0.387,0.512
normal.mp4,409,13.471,True,0.2893,0.0017,19.91,1.40,-2.71,0.373,0.512
normal.mp4,410,13.504,True,0.2918,0.0018,19.85,1.15,-2.45,0.368,0.505
normal.mp4,411,13.537,True,0.2960,0.0022,19.90,1.13,-2.50,0.369,0.511
normal.mp4,412,13.570,True,0.3000,0.0039,19.98,1.17,-2.92,0.378,0.506
normal.mp4,413,13.603,True,0.2981,0.0022,19.82,1.25,-2.42,0.368,0.513
normal.mp4,414,13.636,True,0.3043,0.0021,19.89,1.33,-2.57,0.381,0.511
normal.mp4,415,13.669,True,0.2995,0.0015,20.19,1.18,-2.74,0.382,0.512
normal.mp4,416,13.702,True,0.2957,0.0011,20.10,1.24,-2.55,0.372,0.506
normal.mp4,417,13.735,True,0.3057,0.0011,20.21,1.28,-2.85,0.380,0.508
normal.mp4,418,13.768,True,0.3023,0.0010,19.90,1.22,-2.56,0.384,0.499
normal.mp4,419,13.801,True,0.2959,0.0025,19.76,1.11,-2.65,0.382,0.510
normal.mp4,420,13.834,True,0.3111,0.0015,20.02,1.12,-2.42,0.406,0.491
normal.mp4,421,13.867,True,0.2988,0.0010,20.08,1.01,-2.79,0.383,0.506
normal.mp4,422,13.900,True,0.3014,0.0011,20.11,1.40,-2.75,0.387,0.509
normal.mp4,423,13.932,True,0.2884,0.0011,20.11,0.99,-2.87,0.372,0.504
normal.mp4,424,13.965,True,0.3055,0.0013,19.99,0.96,-2.94,0.389,0.510
normal.mp4,425,13.998,True,0.2899,0.0017,19.66,1.22,-2.48,0.365,0.506
normal.mp4,426,14.031,True,0.2906,0.0029,20.14,1.35,-2.89,0.386,0.510
normal.mp4,427,14.064,True,0.3054,0.0013,20.05,1.23,-2.60,0.385,0.515
normal.mp4,428,14.097,True,0.2959,0.0014,20.01,1.28,-2.82,0.383,0.509
normal.mp4,429,14.130,True,0.3016,0.0026,19.85,1.15,-2.78,0.374,0.502
normal.mp4,430,14.163,True,0.3002,0.0036,19.80,1.23,-2.66,0.369,0.510
normal.mp4,431,14.196,True,0.3021,0.0027,19.80,1.19,-2.62,0.373,0.511
normal.mp4,432,14.229,True,0.2908,0.0016,19.82,1.31,-3.07,0.394,0.505
normal.mp4,433,14.262,True,0.2953,0.0023,19.78,1.37,-2.83,0.381,0.506
normal.mp4,434,14.295,True,0.2937,0.0022,20.02,1.30,-2.59,0.380,0.509
normal.mp4,435,14.328,True,0.2922,0.0011,19.93,1.31,-2.71,0.393,0.513
normal.mp4,436,14.361,True,0.3016,0.0018,19.90,1.15,-2.85,0.395,0.511
normal.mp4,437,14.394,True,0.2872,0.0020,20.32,1.23,-2.73,0.386,0.511
normal.mp4,438,14.427,True,0.2935,0.0009,19.89,1.12,-3.09,0.390,0.504
normal.mp4,439,14.459,True,0.2913,0.0022,19.99,1.06,-2.90,0.380,0.508
normal.mp4,440,14.492,True,0.3047,0.0020,19.93,1.08,-2.63,0.388,0.511
normal.mp4,441,14.525,True,0.2908,0.0015,19.92,1.03,-3.03,0.376,0.503
normal.mp4,442,14.558,True,0.2888,0.0021,20.45,1.22,-2.65,0.373,0.510
normal.mp4,443,14.591,True,0.2944,0.0033,20.17,1.30,-2.71,0.378,0.508
normal.mp4,444,14.624,True,0.2923,0.0029,19.93,1.19,-2.71,0.371,0.506
normal.mp4,445,14.657,True,0.2989,0.0017,20.09,0.85,-2.84,0.384,0.502
normal.mp4,446,14.690,True,0.3010,0.0023,20.28,1.03,-2.87,0.382,0.500
normal.mp4,447,14.723,True,0.2920,0.0025,20.50,0.93,-3.10,0.370,0.509
normal.mp4,448,14.756,True,0.2935,0.0017,20.33,0.97,-2.93,0.378,0.512
normal.mp4,449,14.789,True,0.2888,0.0019,20.18,1.03,-2.96,0.365,0.510
normal.mp4,450,14.822,True,0.2946,0.0017,19.93,1.26,-2.53,0.357,0.509
normal.mp4,451,14.855,True,0.2989,0.0025,20.09,1.20,-3.08,0.380,0.507
normal.mp4,452,14.888,True,0.3043,0.0030,20.39,1.14,-2.72,0.382,0.503
normal.mp4,453,14.921,True,0.2818,0.0047,20.45,1.31,-2.98,0.352,0.508
normal.mp4,454,14.954,True,0.2912,0.0027,20.41,1.08,-3.14,0.358,0.519
normal.mp4,455,14.986,True,0.3066,0.0023,20.37,1.29,-2.72,0.383,0.508
normal.mp4,456,15.019,True,0.2879,0.0030,20.34,1.25,-2.94,0.365,0.510
normal.mp4,457,15.052,True,0.2960,0.0035,20.55,1.33,-2.89,0.362,0.512
normal.mp4,458,15.085,True,0.2909,0.0026,20.53,1.05,-2.78,0.371,0.507
normal.mp4,459,15.118,True,0.2918,0.0036,20.24,1.37,-2.94,0.346,0.517
normal.mp4,460,15.151,True,0.2935,0.0036,20.48,1.32,-2.96,0.360,0.512
normal.mp4,461,15.184,True,0.2899,0.0028,20.41,1.24,-3.21,0.365,0.512
normal.mp4,462,15.217,True,0.2894,0.0021,20.34,1.15,-3.00,0.360,0.512
normal.mp4,463,15.250,True,0.2980,0.0038,20.25,1.26,-3.05,0.379,0.504
normal.mp4,464,15.283,True,0.3010,0.0024,20.53,1.25,-2.77,0.384,0.509
normal.mp4,465,15.316,True,0.2921,0.0021,20.45,1.29,-2.71,0.357,0.505
normal.mp4,466,15.349,True,0.2926,0.0038,20.50,1.32,-2.86,0.367,0.510
normal.mp4,467,15.382,True,0.2944,0.0024,20.39,1.15,-2.79,0.387,0.508
normal.mp4,468,15.415,True,0.3002,0.0011,20.43,1.19,-2.82,0.363,0.508
normal.mp4,469,15.448,True,0.2886,0.0022,20.31,1.17,-2.73,0.368,0.503
normal.mp4,470,15.481,True,0.2954,0.0027,20.22,1.18,-2.70,0.376,0.503
normal.mp4,471,15.513,True,0.3005,0.0025,20.42,1.48,-2.47,0.364,0.515
normal.mp4,472,15.546,True,0.2929,0.0024,20.26,1.44,-2.68,0.360,0.509
normal.mp4,473,15.579,True,0.2887,0.0026,20.19,1.54,-2.73,0.369,0.496
normal.mp4,474,15.612,True,0.2988,0.0021,20.37,1.18,-2.82,0.385,0.516
normal.mp4,475,15.645,True,0.2947,0.0032,20.29,1.13,-2.98,0.370,0.511
normal.mp4,476,15.678,True,0.2956,0.0034,20.40,1.18,-3.02,0.377,0.508
normal.mp4,477,15.711,True,0.2920,0.0026,20.47,1.14,-2.91,0.375,0.515
normal.mp4,478,15.744,True,0.2997,0.0015,20.29,1.25,-2.88,0.381,0.500
normal.mp4,479,15.777,True,0.2914,0.0031,20.30,1.22,-3.05,0.368,0.509
normal.mp4,480,15.810,True,0.2997,0.0020,20.09,1.10,-3.04,0.378,0.505
normal.mp4,481,15.843,True,0.2896,0.0023,20.28,1.20,-2.81,0.378,0.509
normal.mp4,482,15.876,True,0.2855,0.0021,20.07,1.31,-3.03,0.376,0.512
normal.mp4,483,15.909,True,0.2913,0.0032,20.41,1.51,-3.07,0.388,0.504
normal.mp4,484,15.942,True,0.3111,0.0017,20.52,1.22,-2.55,0.403,0.514
normal.mp4,485,15.975,True,0.2928,0.0017,20.48,1.25,-2.68,0.362,0.508
normal.mp4,486,16.008,True,0.2937,0.0035,20.09,1.41,-2.86,0.370,0.509
normal.mp4,487,16.040,True,0.2988,0.0028,20.28,1.26,-2.94,0.383,0.512
normal.mp4,488,16.073,True,0.3006,0.0018,20.47,1.14,-3.07,0.379,0.508
normal.mp4,489,16.106,True,0.3018,0.0017,20.23,1.48,-2.79,0.382,0.501
normal.mp4,490,16.139,True,0.2959,0.0021,20.51,1.29,-2.85,0.373,0.510
normal.mp4,491,16.172,True,0.2991,0.0025,20.37,1.45,-2.93,0.366,0.507
normal.mp4,492,16.205,True,0.2867,0.0030,20.22,1.47,-2.80,0.353,0.508
normal.mp4,493,16.238,True,0.2897,0.0016,20.29,0.96,-3.02,0.385,0.513
normal.mp4,494,16.271,True,0.2870,0.0014,20.01,1.40,-2.75,0.383,0.513
normal.mp4,495,16.304,True,0.3014,0.0014,20.41,1.20,-2.93,0.375,0.503
normal.mp4,496,16.337,True,0.2907,0.0020,20.14,1.39,-2.90,0.379,0.508
normal.mp4,497,16.370,True,0.2963,0.0014,20.26,1.19,-2.97,0.385,0.513
normal.mp4,498,16.403,True,0.2882,0.0023,20.20,1.31,-2.74,0.359,0.513
normal.mp4,499,16.436,True,0.3021,0.0037,20.26,0.96,-2.82,0.375,0.518
normal.mp4,500,16.469,True,0.2982,0.0014,20.18,1.09,-2.93,0.382,0.509
normal.mp4,501,16.502,True,0.2972,0.0018,20.19,1.26,-2.90,0.375,0.509
normal.mp4,502,16.535,True,0.2929,0.0020,20.27,1.55,-2.91,0.374,0.512
normal.mp4,503,16.567,True,0.2990,0.0026,20.06,1.29,-2.87,0.375,0.510
normal.mp4,504,16.600,True,0.3011,0.0021,20.10,1.33,-2.82,0.369,0.506
normal.mp4,505,16.633,True,0.2926,0.0023,20.06,1.32,-2.96,0.368,0.510
normal.mp4,506,16.666,True,0.2910,0.0029,20.38,1.31,-2.92,0.376,0.507
normal.mp4,507,16.699,True,0.2955,0.0021,20.00,1.37,-2.82,0.357,0.507
normal.mp4,508,16.732,True,0.2984,0.0023,20.45,1.29,-2.96,0.391,0.513
normal.mp4,509,16.765,True,0.3067,0.0015,20.25,1.26,-2.88,0.374,0.509
normal.mp4,510,16.798,True,0.2964,0.0030,19.98,1.25,-3.23,0.396,0.515
normal.mp4,511,16.831,True,0.3005,0.0037,20.19,1.25,-2.99,0.367,0.506
normal.mp4,512,16.864,True,0.2947,0.0023,20.01,1.15,-3.00,0.367,0.508
normal.mp4,513,16.897,True,0.2936,0.0023,19.80,1.23,-2.84,0.359,0.505
normal.mp4,514,16.930,True,0.2905,0.0015,20.21,1.30,-3.04,0.364,0.516
normal.mp4,515,16.963,True,0.2907,0.0043,20.09,1.02,-2.96,0.357,0.508
normal.mp4,516,16.996,True,0.2985,0.0019,20.11,1.40,-3.00,0.381,0.510
normal.mp4,517,17.029,True,0.2880,0.0045,20.33,1.40,-3.00,0.364,0.504
normal.mp4,518,17.062,True,0.3011,0.0021,20.06,1.27,-2.81,0.382,0.508
normal.mp4,519,17.094,True,0.2893,0.0016,20.02,1.27,-3.11,0.365,0.502
normal.mp4,520,17.127,True,0.2902,0.0018,19.94,1.29,-2.80,0.369,0.502
normal.mp4,521,17.160,True,0.2881,0.0017,20.13,1.21,-3.18,0.361,0.507
normal.mp4,522,17.193,True,0.2978,0.0019,20.29,1.40,-2.80,0.386,0.504
normal.mp4,523,17.226,True,0.2919,0.0023,19.90,1.31,-2.91,0.372,0.510
normal.mp4,524,17.259,True,0.2887,0.0021,20.05,1.21,-2.99,0.370,0.502
normal.mp4,525,17.292,True,0.2967,0.0034,19.66,1.22,-2.85,0.378,0.511
normal.mp4,526,17.325,True,0.2967,0.0024,20.12,1.19,-2.97,0.378,0.515
normal.mp4,527,17.358,True,0.2976,0.0014,19.67,1.15,-2.87,0.383,0.511
normal.mp4,528,17.391,True,0.2941,0.0016,19.92,1.37,-2.79,0.371,0.507
normal.mp4,529,17.424,True,0.2968,0.0024,19.93,1.36,-2.70,0.379,0.507
normal.mp4,530,17.457,True,0.2901,0.0023,20.09,1.18,-2.76,0.377,0.508
normal.mp4,531,17.490,True,0.2902,0.0020,20.09,1.45,-3.03,0.372,0.512
normal.mp4,532,17.523,True,0.2942,0.0024,20.18,1.06,-3.13,0.371,0.499
normal.mp4,533,17.556,True,0.2937,0.0012,20.20,1.15,-3.15,0.373,0.506
normal.mp4,534,17.589,True,0.2973,0.0018,20.06,1.38,-2.83,0.372,0.508
normal.mp4,535,17.621,True,0.2931,0.0014,20.13,0.95,-3.07,0.358,0.514
normal.mp4,536,17.654,True,0.2886,0.0013,20.01,0.95,-3.09,0.364,0.505
normal.mp4,537,17.687,True,0.3050,0.0036,19.98,1.21,-2.91,0.395,0.500
normal.mp4,538,17.720,True,0.2936,0.0012,20.03,1.30,-2.98,0.384,0.511
normal.mp4,539,17.753,True,0.2979,0.0021,19.96,1.19,-2.79,0.392,0.506
normal.mp4,540,17.786,True,0.2939,0.0047,20.00,1.31,-3.29,0.378,0.522
normal.mp4,541,17.819,True,0.3002,0.0020,20.06,1.36,-3.02,0.378,0.505
normal.mp4,542,17.852,True,0.3009,0.0016,20.34,1.42,-3.17,0.387,0.510
normal.mp4,543,17.885,True,0.2955,0.0016,19.99,1.25,-3.09,0.389,0.504
normal.mp4,544,17.918,True,0.2969,0.0017,20.17,1.31,-3.01,0.370,0.523
normal.mp4,545,17.951,True,0.3054,0.0032,20.15,1.23,-2.96,0.372,0.514
normal.mp4,546,17.984,True,0.2933,0.0024,20.15,1.05,-3.03,0.362,0.510
normal.mp4,547,18.017,True,0.2986,0.0025,19.97,1.44,-2.87,0.370,0.514
normal.mp4,548,18.050,True,0.2995,0.0023,20.16,1.29,-2.99,0.372,0.513
normal.mp4,549,18.083,True,0.3071,0.0023,20.25,1.30,-2.91,0.373,0.509
normal.mp4,550,18.116,True,0.2942,0.0028,20.43,1.40,-3.32,0.364,0.514
normal.mp4,551,18.148,True,0.2927,0.0019,20.21,1.21,-3.27,0.379,0.520
normal.mp4,552,18.181,True,0.3039,0.0022,20.12,1.33,-3.22,0.382,0.507
normal.mp4,553,18.214,True,0.2892,0.0021,20.08,1.46,-3.02,0.364,0.502
normal.mp4,554,18.247,True,0.2933,0.0025,20.02,1.46,-2.76,0.357,0.514
normal.mp4,555,18.280,True,0.2918,0.0018,20.10,1.41,-3.09,0.355,0.516
normal.mp4,556,18.313,True,0.2868,0.0035,20.12,1.40,-2.86,0.350,0.504
normal.mp4,557,18.346,True,0.2919,0.0038,20.24,1.25,-3.26,0.383,0.514
normal.mp4,558,18.379,True,0.2939,0.0029,20.18,1.33,-2.98,0.383,0.511
normal.mp4,559,18.412,True,0.2998,0.0040,20.08,1.25,-2.91,0.388,0.510
normal.mp4,560,18.445,True,0.3059,0.0025,20.09,1.16,-2.99,0.389,0.514
normal.mp4,561,18.478,True,0.2993,0.0019,20.34,1.39,-3.05,0.378,0.507
normal.mp4,562,18.511,True,0.2985,0.0022,20.06,1.18,-3.08,0.383,0.509
normal.mp4,563,18.544,True,0.2926,0.0023,19.91,1.26,-2.90,0.366,0.518
normal.mp4,564,18.577,True,0.2859,0.0020,20.23,1.16,-2.90,0.355,0.512
normal.mp4,565,18.610,True,0.2924,0.0029,19.98,1.31,-2.96,0.368,0.509
normal.mp4,566,18.643,True,0.2915,0.0028,20.27,1.61,-3.12,0.366,0.513
normal.mp4,567,18.675,True,0.2901,0.0022,19.78,1.14,-2.70,0.361,0.510
normal.mp4,568,18.708,True,0.2902,0.0009,20.08,1.04,-3.04,0.374,0.504
normal.mp4,569,18.741,True,0.3003,0.0030,20.31,1.38,-3.14,0.394,0.514
normal.mp4,570,18.774,True,0.2877,0.0030,20.02,1.40,-2.91,0.363,0.509
normal.mp4,571,18.807,True,0.2929,0.0014,20.02,1.23,-3.12,0.373,0.503
normal.mp4,572,18.840,True,0.2880,0.0031,20.09,1.31,-2.92,0.363,0.505
normal.mp4,573,18.873,True,0.2912,0.0021,19.93,1.22,-3.05,0.369,0.507
normal.mp4,574,18.906,True,0.2987,0.0025,20.30,1.27,-3.06,0.373,0.502
normal.mp4,575,18.939,True,0.2876,0.0041,20.28,1.45,-3.11,0.366,0.507
normal.mp4,576,18.972,True,0.2958,0.0031,20.05,1.61,-3.13,0.385,0.504
normal.mp4,577,19.005,True,0.2913,0.0029,20.15,1.50,-3.17,0.371,0.506
normal.mp4,578,19.038,True,0.2866,0.0014,19.98,1.57,-3.10,0.356,0.504
normal.mp4,579,19.071,True,0.2991,0.0014,20.00,1.53,-2.75,0.377,0.513
normal.mp4,580,19.104,True,0.3002,0.0035,19.94,1.34,-2.91,0.381,0.510
normal.mp4,581,19.137,True,0.3006,0.0021,20.04,1.37,-2.79,0.375,0.502
normal.mp4,582,19.170,True,0.2946,0.0021,20.11,1.27,-2.79,0.361,0.517
normal.mp4,583,19.202,True,0.2904,0.0017,19.87,1.38,-2.75,0.351,0.510
normal.mp4,584,19.235,True,0.2992,0.0021,20.27,1.47,-2.78,0.382,0.508
normal.mp4,585,19.268,True,0.2966,0.0025,20.15,1.39,-3.05,0.378,0.507
normal.mp4,586,19.301,True,0.3087,0.0015,20.31,1.20,-2.76,0.374,0.512
normal.mp4,587,19.334,True,0.2990,0.0023,19.93,1.15,-2.96,0.376,0.511
normal.mp4,588,19.367,True,0.2955,0.0033,20.01,1.30,-3.08,0.375,0.505
normal.mp4,589,19.400,True,0.2873,0.0017,19.77,1.25,-3.04,0.357,0.507
normal.mp4,590,19.433,True,0.2948,0.0030,20.14,1.34,-2.84,0.366,0.503
normal.mp4,591,19.466,True,0.3024,0.0015,19.92,1.30,-2.84,0.364,0.503
normal.mp4,592,19.499,True,0.2901,0.0041,19.86,1.31,-2.85,0.379,0.514
normal.mp4,593,19.532,True,0.2926,0.0018,19.83,1.60,-2.91,0.378,0.515
normal.mp4,594,19.565,True,0.2911,0.0015,20.00,1.45,-2.83,0.369,0.508
normal.mp4,595,19.598,True,0.2948,0.0037,19.88,1.20,-2.84,0.375,0.505
normal.mp4,596,19.631,True,0.2902,0.0022,20.14,1.39,-2.86,0.371,0.507
normal.mp4,597,19.664,True,0.3015,0.0018,20.08,1.03,-2.97,0.380,0.507
normal.mp4,598,19.697,True,0.2898,0.0020,19.94,1.42,-2.98,0.375,0.514
normal.mp4,599,19.729,True,0.3018,0.0010,20.25,1.24,-3.19,0.376,0.516
normal.mp4,600,19.762,True,0.3003,0.0010,20.12,1.19,-2.85,0.372,0.494
normal.mp4,601,19.795,True,0.2976,0.0040,19.83,1.18,-2.96,0.373,0.515
normal.mp4,602,19.828,True,0.3029,0.0028,20.28,1.24,-2.92,0.374,0.509
normal.mp4,603,19.861,True,0.2908,0.0018,20.07,1.36,-3.08,0.365,0.504
normal.mp4,604,19.894,True,0.2945,0.0013,20.19,1.29,-2.86,0.364,0.503
normal.mp4,605,19.927,True,0.3075,0.0034,20.18,1.05,-3.04,0.386,0.507
normal.mp4,606,19.960,True,0.2979,0.0043,20.19,1.37,-2.86,0.377,0.506
normal.mp4,607,19.993,True,0.2914,0.0021,19.94,1.23,-2.91,0.371,0.498
normal.mp4,608,20.026,True,0.2916,0.0018,20.10,1.37,-3.00,0.365,0.511
normal.mp4,609,20.059,True,0.2978,0.0042,20.21,1.34,-3.13,0.400,0.511
normal.mp4,610,20.092,True,0.2966,0.0024,20.20,1.27,-2.97,0.386,0.522
normal.mp4,611,20.125,True,0.2933,0.0013,20.12,1.39,-2.72,0.360,0.511
normal.mp4,612,20.158,True,0.2954,0.0015,20.16,1.27,-2.83,0.370,0.513
normal.mp4,613,20.191,True,0.3009,0.0023,20.39,1.49,-3.17,0.382,0.507
normal.mp4,614,20.224,True,0.2976,0.0017,20.03,1.39,-2.85,0.378,0.506
normal.mp4,615,20.256,True,0.2935,0.0019,20.15,1.18,-3.08,0.388,0.503
normal.mp4,616,20.289,True,0.2914,0.0027,20.15,1.28,-2.93,0.365,0.513
normal.mp4,617,20.322,True,0.2962,0.0020,20.15,1.50,-2.82,0.377,0.516
normal.mp4,618,20.355,True,0.2894,0.0019,20.12,1.28,-3.05,0.372,0.517
normal.mp4,619,20.388,True,0.3006,0.0020,20.16,1.23,-3.15,0.384,0.505
normal.mp4,620,20.421,True,0.3090,0.0024,20.23,1.03,-3.01,0.400,0.499
normal.mp4,621,20.454,True,0.3030,0.0034,20.43,1.09,-2.94,0.374,0.504
normal.mp4,622,20.487,True,0.3051,0.0033,20.16,1.38,-2.91,0.381,0.497
normal.mp4,623,20.520,True,0.2980,0.0015,20.25,1.11,-3.07,0.390,0.504
normal.mp4,624,20.553,True,0.3016,0.0026,20.28,1.08,-2.72,0.381,0.500
normal.mp4,625,20.586,True,0.2906,0.0017,20.12,1.22,-2.81,0.354,0.503
normal.mp4,626,20.619,True,0.2882,0.0015,20.18,1.26,-2.92,0.365,0.506
normal.mp4,627,20.652,True,0.3016,0.0018,20.15,1.19,-2.83,0.378,0.505
normal.mp4,628,20.685,True,0.2847,0.0023,20.15,1.24,-2.96,0.363,0.513
normal.mp4,629,20.718,True,0.2874,0.0027,20.01,1.36,-3.08,0.357,0.510
normal.mp4,630,20.751,True,0.3049,0.0020,19.99,1.04,-2.78,0.393,0.506
normal.mp4,631,20.783,True,0.2972,0.0025,19.97,1.32,-2.95,0.367,0.513
normal.mp4,632,20.816,True,0.2935,0.0011,19.90,1.31,-3.01,0.381,0.502
normal.mp4,633,20.849,True,0.2925,0.0017,20.25,1.11,-2.87,0.380,0.517
normal.mp4,634,20.882,True,0.2986,0.0014,19.89,1.39,-2.97,0.373,0.514
normal.mp4,635,20.915,True,0.2930,0.0016,19.87,1.63,-2.87,0.364,0.507
normal.mp4,636,20.948,True,0.2981,0.0017,19.97,1.42,-2.82,0.384,0.508
normal.mp4,637,20.981,True,0.3059,0.0020,20.14,1.27,-2.74,0.389,0.517
normal.mp4,638,21.014,True,0.2889,0.0011,19.96,1.19,-3.08,0.361,0.508
normal.mp4,639,21.047,True,0.2970,0.0021,20.26,1.29,-2.88,0.376,0.511
normal.mp4,640,21.080,True,0.2940,0.0013,19.98,1.12,-3.00,0.374,0.511
normal.mp4,641,21.113,True,0.2896,0.0024,20.24,1.26,-3.07,0.377,0.505
normal.mp4,642,21.146,True,0.2907,0.0022,20.27,1.34,-3.06,0.378,0.507
normal.mp4,643,21.179,True,0.2926,0.0019,20.05,1.29,-3.06,0.378,0.512
normal.mp4,644,21.212,True,0.2942,0.0018,19.79,1.15,-2.85,0.368,0.510
normal.mp4,645,21.245,True,0.2997,0.0028,20.24,1.29,-3.18,0.377,0.513
normal.mp4,646,21.277,True,0.3035,0.0028,19.88,1.11,-2.82,0.404,0.512
normal.mp4,647,21.310,True,0.2887,0.0017,19.97,1.40,-3.11,0.389,0.511
normal.mp4,648,21.343,True,0.2916,0.0025,20.06,1.16,-2.99,0.380,0.515
normal.mp4,649,21.376,True,0.2866,0.0031,19.88,1.08,-3.15,0.380,0.518
normal.mp4,650,21.409,True,0.2891,0.0018,20.30,1.18,-3.20,0.391,0.517
normal.mp4,651,21.442,True,0.2904,0.0019,19.79,1.18,-3.32,0.372,0.516
normal.mp4,652,21.475,True,0.2906,0.0013,19.76,1.06,-3.02,0.391,0.517
normal.mp4,653,21.508,True,0.2919,0.0010,19.97,1.33,-3.18,0.377,0.511
normal.mp4,654,21.541,True,0.3035,0.0019,20.02,1.29,-3.31,0.392,0.509
normal.mp4,655,21.574,True,0.2937,0.0026,20.23,1.44,-3.40,0.396,0.513
normal.mp4,656,21.607,True,0.2925,0.0028,19.90,1.42,-3.27,0.386,0.509
normal.mp4,657,21.640,True,0.3009,0.0022,19.83,1.10,-3.11,0.374,0.505
normal.mp4,658,21.673,True,0.2967,0.0024,20.03,1.40,-3.22,0.385,0.507
normal.mp4,659,21.706,True,0.2963,0.0037,20.19,1.45,-3.46,0.396,0.508
normal.mp4,660,21.739,True,0.3000,0.0025,19.69,1.30,-3.18,0.364,0.510
normal.mp4,661,21.772,True,0.2992,0.0020,20.10,1.15,-3.08,0.380,0.507
normal.mp4,662,21.804,True,0.2901,0.0014,20.06,1.20,-3.27,0.395,0.508
normal.mp4,663,21.837,True,0.2892,0.0017,19.80,1.06,-3.50,0.385,0.503
normal.mp4,664,21.870,True,0.2951,0.0019,20.07,1.20,-3.45,0.371,0.511
normal.mp4,665,21.903,True,0.2982,0.0014,20.11,1.21,-3.55,0.371,0.514
normal.mp4,666,21.936,True,0.2932,0.0039,20.28,1.31,-3.44,0.375,0.502
normal.mp4,667,21.969,True,0.2980,0.0021,20.01,1.14,-3.31,0.377,0.505
normal.mp4,668,22.002,True,0.3007,0.0015,19.89,1.35,-3.43,0.387,0.509
normal.mp4,669,22.035,True,0.2885,0.0025,20.08,1.22,-3.45,0.375,0.506
normal.mp4,670,22.068,True,0.2906,0.0039,19.86,1.27,-3.15,0.379,0.507
normal.mp4,671,22.101,True,0.2982,0.0020,19.87,1.31,-3.64,0.394,0.502
normal.mp4,672,22.134,True,0.2971,0.0029,19.73,1.11,-3.33,0.361,0.503
normal.mp4,673,22.167,True,0.2931,0.0033,19.84,1.19,-3.37,0.386,0.504
normal.mp4,674,22.200,True,0.2871,0.0038,19.74,1.41,-3.53,0.372,0.505
normal.mp4,675,22.233,True,0.2995,0.0019,20.00,1.29,-3.43,0.368,0.499
normal.mp4,676,22.266,True,0.2935,0.0027,20.16,1.29,-3.58,0.390,0.508
normal.mp4,677,22.299,True,0.2964,0.0022,19.90,1.30,-3.49,0.387,0.503
normal.mp4,678,22.331,True,0.3038,0.0030,20.17,1.27,-3.37,0.397,0.500
normal.mp4,679,22.364,True,0.2898,0.0019,19.80,1.21,-3.30,0.381,0.509
normal.mp4,680,22.397,True,0.2913,0.0017,19.74,1.06,-3.32,0.370,0.506
normal.mp4,681,22.430,True,0.2994,0.0052,20.07,1.26,-3.70,0.400,0.505
normal.mp4,682,22.463,True,0.2946,0.0028,20.01,1.39,-3.87,0.399,0.511
normal.mp4,683,22.496,True,0.3023,0.0028,19.85,1.15,-3.51,0.390,0.508
normal.mp4,684,22.529,True,0.2962,0.0029,20.19,1.32,-3.53,0.409,0.503
normal.mp4,685,22.562,True,0.3024,0.0027,19.95,1.30,-3.54,0.380,0.510
normal.mp4,686,22.595,True,0.2945,0.0023,19.79,0.91,-3.26,0.372,0.499
normal.mp4,687,22.628,True,0.2931,0.0026,20.13,1.27,-3.72,0.387,0.501
normal.mp4,688,22.661,True,0.2978,0.0015,20.17,1.18,-3.62,0.379,0.514
normal.mp4,689,22.694,True,0.2967,0.0014,19.92,1.19,-3.32,0.371,0.503
normal.mp4,690,22.727,True,0.2876,0.0026,19.41,1.29,-3.39,0.375,0.507
normal.mp4,691,22.760,True,0.2902,0.0019,20.06,1.39,-3.56,0.402,0.510
normal.mp4,692,22.793,True,0.2957,0.0009,19.84,1.21,-3.41,0.385,0.507
normal.mp4,693,22.826,True,0.2966,0.0017,19.92,1.30,-3.76,0.387,0.499
normal.mp4,694,22.858,True,0.3039,0.0012,19.97,1.37,-3.56,0.401,0.502
normal.mp4,695,22.891,True,0.2895,0.0033,19.84,1.13,-3.22,0.378,0.504
normal.mp4,696,22.924,True,0.2953,0.0038,19.97,1.31,-3.61,0.386,0.503
normal.mp4,697,22.957,True,0.2995,0.0018,20.10,1.10,-3.77,0.401,0.502
normal.mp4,698,22.990,True,0.2949,0.0030,20.22,1.39,-3.83,0.395,0.516
normal.mp4,699,23.023,True,0.2936,0.0016,20.13,1.31,-3.84,0.392,0.513
normal.mp4,700,23.056,True,0.2957,0.0031,20.06,1.26,-3.42,0.385,0.511
normal.mp4,701,23.089,True,0.2980,0.0019,20.18,1.38,-3.69,0.382,0.512
normal.mp4,702,23.122,True,0.2873,0.0020,20.06,1.27,-3.48,0.388,0.499
normal.mp4,703,23.155,True,0.2931,0.0021,20.00,1.26,-3.68,0.378,0.498
normal.mp4,704,23.188,True,0.2900,0.0009,20.23,1.32,-3.80,0.393,0.506
normal.mp4,705,23.221,True,0.2950,0.0016,20.08,1.28,-3.58,0.397,0.511
normal.mp4,706,23.254,True,0.2988,0.0020,19.77,1.50,-3.53,0.391,0.513
normal.mp4,707,23.287,True,0.2964,0.0026,19.86,1.33,-3.32,0.380,0.501
normal.mp4,708,23.320,True,0.3063,0.0024,20.34,1.25,-3.76,0.381,0.507
normal.mp4,709,23.353,True,0.3027,0.0020,20.08,1.17,-3.43,0.398,0.512
normal.mp4,710,23.385,True,0.3003,0.0034,20.05,1.36,-3.62,0.411,0.510
normal.mp4,711,23.418,True,0.2972,0.0016,20.03,1.25,-3.79,0.393,0.504
normal.mp4,712,23.451,True,0.2889,0.0024,20.05,1.08,-3.62,0.383,0.500
normal.mp4,713,23.484,True,0.2979,0.0020,19.88,1.42,-3.75,0.380,0.503
normal.mp4,714,23.517,True,0.2939,0.0013,20.06,1.52,-3.13,0.368,0.507
normal.mp4,715,23.550,True,0.3028,0.0026,20.25,1.34,-3.57,0.401,0.511
normal.mp4,716,23.583,True,0.2975,0.0026,19.82,1.35,-3.68,0.399,0.507
normal.mp4,717,23.616,True,0.2911,0.0028,19.85,1.43,-3.33,0.379,0.506
normal.mp4,718,23.649,True,0.2945,0.0014,19.67,1.31,-3.29,0.377,0.513
normal.mp4,719,23.682,True,0.2867,0.0012,19.97,1.38,-3.69,0.373,0.510
normal.mp4,720,23.715,True,0.2984,0.0031,19.82,1.53,-3.56,0.393,0.502
normal.mp4,721,23.748,True,0.2911,0.0030,19.74,1.29,-3.52,0.386,0.506
normal.mp4,722,23.781,True,0.2877,0.0023,19.78,1.12,-3.42,0.380,0.512
normal.mp4,723,23.814,True,0.2996,0.0013,19.84,1.32,-3.42,0.391,0.504
normal.mp4,724,23.847,True,0.3004,0.0030,20.30,1.42,-3.65,0.393,0.511
normal.mp4,725,23.880,True,0.2917,0.0020,20.01,1.24,-3.22,0.398,0.506
normal.mp4,726,23.912,True,0.2930,0.0026,20.13,1.26,-3.33,0.380,0.510
normal.mp4,727,23.945,True,0.2952,0.0015,19.89,1.18,-3.24,0.381,0.497
normal.mp4,728,23.978,True,0.2887,0.0022,19.92,1.32,-3.23,0.367,0.502
normal.mp4,729,24.011,True,0.2922,0.0038,19.91,1.13,-3.50,0.399,0.511
normal.mp4,730,24.044,True,0.2956,0.0030,20.21,1.34,-3.58,0.393,0.509
normal.mp4,731,24.077,True,0.2932,0.0022,19.96,1.51,-3.82,0.397,0.514
normal.mp4,732,24.110,True,0.3028,0.0016,19.66,1.37,-3.04,0.370,0.500
normal.mp4,733,24.143,True,0.3025,0.0024,19.98,1.20,-3.34,0.400,0.502
normal.mp4,734,24.176,True,0.3010,0.0028,19.99,1.46,-3.55,0.403,0.501
normal.mp4,735,24.209,True,0.2943,0.0015,20.27,1.59,-3.54,0.401,0.513
normal.mp4,736,24.242,True,0.2947,0.0019,19.94,1.34,-3.43,0.393,0.514
normal.mp4,737,24.275,True,0.3016,0.0024,20.29,1.49,-3.58,0.426,0.505
normal.mp4,738,24.308,True,0.2914,0.0030,19.80,1.38,-3.44,0.388,0.503
normal.mp4,739,24.341,True,0.3067,0.0056,19.98,1.60,-3.47,0.390,0.504
normal.mp4,740,24.374,True,0.3041,0.0046,20.02,1.35,-3.57,0.405,0.506
normal.mp4,741,24.407,True,0.3017,0.0023,19.80,1.51,-3.54,0.405,0.504
normal.mp4,742,24.439,True,0.3068,0.0012,19.87,1.40,-3.31,0.397,0.505
normal.mp4,743,24.472,True,0.3017,0.0027,20.24,1.44,-3.65,0.397,0.508
normal.mp4,744,24.505,True,0.2979,0.0021,20.05,1.23,-3.41,0.382,0.508
normal.mp4,745,24.538,True,0.2973,0.0022,19.97,1.18,-3.39,0.389,0.512
normal.mp4,746,24.571,True,0.3091,0.0031,19.88,1.45,-3.40,0.390,0.500
normal.mp4,747,24.604,True,0.3038,0.0021,20.01,1.37,-3.24,0.378,0.501
normal.mp4,748,24.637,True,0.2988,0.0013,19.94,1.52,-3.14,0.388,0.501
normal.mp4,749,24.670,True,0.2987,0.0012,20.14,1.22,-3.42,0.380,0.503
normal.mp4,750,24.703,True,0.3048,0.0012,19.71,1.42,-3.20,0.380,0.510
normal.mp4,751,24.736,True,0.2980,0.0024,19.87,1.65,-3.44,0.382,0.505
normal.mp4,752,24.769,True,0.2992,0.0023,20.09,1.20,-3.60,0.402,0.511
normal.mp4,753,24.802,True,0.3035,0.0020,20.02,1.46,-3.64,0.399,0.508
normal.mp4,754,24.835,True,0.2986,0.0035,20.04,1.28,-3.37,0.387,0.513
normal.mp4,755,24.868,True,0.2963,0.0032,19.84,1.45,-2.99,0.374,0.500
normal.mp4,756,24.901,True,0.2994,0.0023,20.19,1.36,-3.18,0.397,0.506
normal.mp4,757,24.934,True,0.2923,0.0033,19.96,1.55,-3.21,0.395,0.514
normal.mp4,758,24.966,True,0.2922,0.0015,19.93,1.24,-3.31,0.387,0.515
normal.mp4,759,24.999,True,0.3000,0.0012,19.99,1.35,-3.01,0.387,0.509
normal.mp4,760,25.032,True,0.2917,0.0020,20.02,1.34,-3.24,0.381,0.511
normal.mp4,761,25.065,True,0.3015,0.0013,19.86,1.41,-3.26,0.394,0.506
normal.mp4,762,25.098,True,0.2911,0.0024,20.13,1.31,-3.50,0.388,0.505
normal.mp4,763,25.131,True,0.2965,0.0041,19.75,1.14,-2.95,0.374,0.502
normal.mp4,764,25.164,True,0.2920,0.0020,19.64,0.98,-2.99,0.378,0.512
normal.mp4,765,25.197,True,0.2954,0.0016,20.02,1.35,-3.34,0.389,0.510
normal.mp4,766,25.230,True,0.2954,0.0020,19.99,1.46,-3.18,0.384,0.514
normal.mp4,767,25.263,True,0.2950,0.0020,19.98,1.34,-3.37,0.380,0.510
normal.mp4,768,25.296,True,0.2961,0.0022,19.93,1.35,-3.27,0.396,0.510
normal.mp4,769,25.329,True,0.2895,0.0020,19.99,1.23,-3.72,0.383,0.506
normal.mp4,770,25.362,True,0.3004,0.0020,19.96,1.25,-3.14,0.401,0.502
normal.mp4,771,25.395,True,0.2953,0.0015,19.83,1.20,-3.21,0.376,0.502
normal.mp4,772,25.428,True,0.2980,0.0011,20.15,1.51,-3.37,0.382,0.512
normal.mp4,773,25.461,True,0.3127,0.0018,19.91,1.49,-3.23,0.371,0.509
normal.mp4,774,25.493,True,0.3037,0.0025,19.78,1.31,-3.06,0.375,0.511
normal.mp4,775,25.526,True,0.3040,0.0011,19.98,1.43,-3.48,0.388,0.511
normal.mp4,776,25.559,True,0.2990,0.0030,19.70,1.35,-3.32,0.371,0.502
normal.mp4,777,25.592,True,0.2886,0.0011,20.04,1.47,-3.44,0.374,0.502
normal.mp4,778,25.625,True,0.3003,0.0013,19.92,1.34,-3.11,0.381,0.503
normal.mp4,779,25.658,True,0.2904,0.0020,20.00,1.29,-3.53,0.387,0.504
normal.mp4,780,25.691,True,0.2929,0.0030,20.13,1.11,-3.37,0.381,0.506
normal.mp4,781,25.724,True,0.2952,0.0012,19.54,1.32,-2.99,0.368,0.502
normal.mp4,782,25.757,True,0.2934,0.0038,20.26,1.40,-3.41,0.384,0.510
normal.mp4,783,25.790,True,0.2991,0.0024,19.97,1.32,-3.29,0.389,0.502
normal.mp4,784,25.823,True,0.3008,0.0029,20.20,1.32,-3.40,0.379,0.505
normal.mp4,785,25.856,True,0.2913,0.0022,19.86,1.42,-3.36,0.375,0.508
normal.mp4,786,25.889,True,0.2901,0.0014,19.68,1.60,-2.98,0.367,0.500
normal.mp4,787,25.922,True,0.3050,0.0020,20.00,1.19,-3.09,0.387,0.498
normal.mp4,788,25.955,True,0.2982,0.0017,19.78,1.43,-2.96,0.385,0.506
normal.mp4,789,25.988,True,0.2955,0.0029,20.22,1.35,-3.41,0.394,0.503
normal.mp4,790,26.020,True,0.2863,0.0030,20.05,1.16,-3.18,0.375,0.505
normal.mp4,791,26.053,True,0.2984,0.0022,20.20,1.45,-3.23,0.386,0.506
normal.mp4,792,26.086,True,0.2915,0.0018,19.87,1.23,-3.11,0.369,0.507
normal.mp4,793,26.119,True,0.2873,0.0011,19.64,1.26,-3.06,0.387,0.507
normal.mp4,794,26.152,True,0.3010,0.0025,19.77,1.27,-3.10,0.383,0.512
normal.mp4,795,26.185,True,0.2954,0.0011,20.05,1.36,-3.20,0.368,0.508
normal.mp4,796,26.218,True,0.2939,0.0016,20.06,1.24,-3.19,0.366,0.503
normal.mp4,797,26.251,True,0.2950,0.0018,20.10,1.26,-3.05,0.384,0.507
normal.mp4,798,26.284,True,0.3002,0.0035,19.87,1.31,-2.99,0.386,0.507
normal.mp4,799,26.317,True,0.3011,0.0029,19.77,1.31,-3.02,0.376,0.506
normal.mp4,800,26.350,True,0.2990,0.0020,20.08,1.46,-3.03,0.376,0.505
normal.mp4,801,26.383,True,0.2981,0.0019,19.86,1.46,-3.10,0.374,0.500
normal.mp4,802,26.416,True,0.3041,0.0018,19.86,1.47,-3.09,0.389,0.509
normal.mp4,803,26.449,True,0.2967,0.0008,19.83,1.19,-2.93,0.383,0.502
normal.mp4,804,26.482,True,0.3001,0.0019,19.91,1.24,-2.96,0.379,0.505
normal.mp4,805,26.515,True,0.3044,0.0016,19.68,1.35,-2.89,0.378,0.515
normal.mp4,806,26.547,True,0.2949,0.0020,19.68,1.22,-2.85,0.375,0.517
normal.mp4,807,26.580,True,0.2974,0.0019,19.91,1.39,-2.72,0.370,0.510
normal.mp4,808,26.613,True,0.2988,0.0017,19.85,1.30,-2.78,0.373,0.504
normal.mp4,809,26.646,True,0.2936,0.0016,19.86,1.28,-2.90,0.368,0.503
normal.mp4,810,26.679,True,0.2950,0.0016,19.66,1.19,-2.59,0.357,0.501
normal.mp4,811,26.712,True,0.3031,0.0019,19.97,1.39,-3.24,0.401,0.498
normal.mp4,812,26.745,True,0.3022,0.0025,20.00,1.49,-3.16,0.376,0.511
normal.mp4,813,26.778,True,0.3061,0.0021,20.09,1.35,-3.20,0.376,0.503
normal.mp4,814,26.811,True,0.2961,0.0019,19.95,1.46,-2.99,0.380,0.500
normal.mp4,815,26.844,True,0.2935,0.0018,19.86,1.39,-3.01,0.379,0.502
normal.mp4,816,26.877,True,0.2976,0.0018,20.05,1.28,-2.98,0.390,0.505
normal.mp4,817,26.910,True,0.2927,0.0036,19.73,1.28,-3.11,0.381,0.500
normal.mp4,818,26.943,True,0.2957,0.0026,19.95,1.33,-3.05,0.374,0.505
normal.mp4,819,26.976,True,0.3004,0.0019,19.77,1.41,-3.04,0.394,0.504
normal.mp4,820,27.009,True,0.3044,0.0022,20.09,1.55,-2.98,0.396,0.506
normal.mp4,821,27.042,True,0.3018,0.0024,20.13,1.21,-3.10,0.381,0.506
normal.mp4,822,27.074,True,0.3121,0.0020,20.17,1.20,-2.97,0.393,0.504
normal.mp4,823,27.107,True,0.2974,0.0023,19.96,1.16,-3.22,0.372,0.497
normal.mp4,824,27.140,True,0.2911,0.0018,20.16,1.23,-2.97,0.373,0.508
normal.mp4,825,27.173,True,0.2994,0.0022,20.13,1.28,-3.01,0.380,0.505
normal.mp4,826,27.206,True,0.3011,0.0023,19.97,1.42,-2.96,0.387,0.500
normal.mp4,827,27.239,True,0.3079,0.0013,20.00,1.30,-2.92,0.391,0.509
normal.mp4,828,27.272,True,0.2911,0.0033,19.98,1.26,-2.86,0.364,0.504
normal.mp4,829,27.305,True,0.3005,0.0012,19.76,0.98,-2.69,0.375,0.506
normal.mp4,830,27.338,True,0.2985,0.0022,20.05,1.27,-3.11,0.380,0.503
normal.mp4,831,27.371,True,0.2941,0.0020,19.93,1.23,-3.00,0.380,0.501
normal.mp4,832,27.404,True,0.3003,0.0022,20.07,1.33,-3.30,0.406,0.510
normal.mp4,833,27.437,True,0.2975,0.0018,20.03,1.20,-2.95,0.384,0.505
normal.mp4,834,27.470,True,0.3017,0.0025,19.84,1.32,-2.99,0.379,0.501
normal.mp4,835,27.503,True,0.2969,0.0024,19.83,1.52,-3.16,0.376,0.507
normal.mp4,836,27.536,True,0.3071,0.0017,19.86,1.53,-3.03,0.405,0.507
normal.mp4,837,27.569,True,0.2976,0.0020,19.85,1.62,-3.05,0.376,0.496
normal.mp4,838,27.601,True,0.2855,0.0028,19.81,1.58,-3.06,0.380,0.498
normal.mp4,839,27.634,True,0.2979,0.0019,19.74,1.86,-2.69,0.392,0.506
normal.mp4,840,27.667,True,0.2983,0.0014,19.72,1.81,-2.82,0.356,0.500
normal.mp4,841,27.700,True,0.2993,0.0017,19.86,1.65,-2.65,0.359,0.504
normal.mp4,842,27.733,True,0.3014,0.0030,19.84,1.64,-2.80,0.371,0.501
normal.mp4,843,27.766,True,0.2942,0.0022,20.10,1.86,-2.83,0.353,0.498
normal.mp4,844,27.799,True,0.3061,0.0018,19.88,2.07,-2.93,0.385,0.500
normal.mp4,845,27.832,True,0.2921,0.0024,19.97,2.06,-3.20,0.398,0.501
normal.mp4,846,27.865,True,0.2940,0.0028,19.40,1.96,-2.85,0.364,0.504
normal.mp4,847,27.898,True,0.3058,0.0018,19.59,2.03,-3.03,0.384,0.499
normal.mp4,848,27.931,True,0.2963,0.0020,19.57,1.88,-3.06,0.384,0.498
normal.mp4,849,27.964,True,0.3023,0.0039,19.72,2.03,-3.39,0.373,0.509
normal.mp4,850,27.997,True,0.3051,0.0028,19.91,2.12,-3.28,0.361,0.498
normal.mp4,851,28.030,True,0.3089,0.0030,19.93,1.94,-3.16,0.390,0.503
normal.mp4,852,28.063,True,0.2940,0.0028,19.88,2.19,-3.31,0.384,0.509
normal.mp4,853,28.096,True,0.2967,0.0031,19.75,2.08,-3.30,0.375,0.508
normal.mp4,854,28.128,True,0.2950,0.0031,19.58,2.19,-2.98,0.370,0.504
normal.mp4,855,28.161,True,0.3023,0.0016,19.61,1.80,-2.88,0.382,0.513
normal.mp4,856,28.194,True,0.2938,0.0027,19.49,1.95,-3.31,0.372,0.499
normal.mp4,857,28.227,True,0.3014,0.0028,19.70,2.17,-3.02,0.394,0.498
normal.mp4,858,28.260,True,0.2962,0.0032,19.52,1.88,-3.06,0.373,0.498
normal.mp4,859,28.293,True,0.3059,0.0038,19.90,1.85,-3.10,0.388,0.498
normal.mp4,860,28.326,True,0.3092,0.0032,20.05,2.06,-3.32,0.392,0.510
normal.mp4,861,28.359,True,0.3044,0.0020,19.82,2.01,-2.91,0.376,0.495
normal.mp4,862,28.392,True,0.3017,0.0030,20.10,2.00,-2.90,0.386,0.501
normal.mp4,863,28.425,True,0.3058,0.0034,20.04,1.88,-3.31,0.382,0.508
normal.mp4,864,28.458,True,0.2986,0.0031,19.77,1.89,-3.07,0.393,0.497
normal.mp4,865,28.491,True,0.3064,0.0027,20.04,1.69,-3.48,0.382,0.498
normal.mp4,866,28.524,True,0.2960,0.0032,20.21,1.65,-3.41,0.379,0.503
normal.mp4,867,28.557,True,0.2914,0.0035,19.96,1.81,-3.32,0.373,0.503
normal.mp4,868,28.590,True,0.3005,0.0043,20.18,1.87,-3.40,0.399,0.514
normal.mp4,869,28.623,True,0.3027,0.0025,20.13,1.89,-3.25,0.386,0.503
normal.mp4,870,28.655,True,0.3007,0.0027,19.83,1.82,-3.08,0.391,0.502
normal.mp4,871,28.688,True,0.2947,0.0023,19.79,1.76,-3.43,0.372,0.495
normal.mp4,872,28.721,True,0.3012,0.0020,20.19,2.02,-3.09,0.367,0.503
normal.mp4,873,28.754,True,0.2956,0.0023,19.91,1.71,-3.28,0.371,0.505
normal.mp4,874,28.787,True,0.3051,0.0021,20.15,1.92,-3.19,0.379,0.505
normal.mp4,875,28.820,True,0.3012,0.0024,20.02,1.81,-3.29,0.373,0.504
normal.mp4,876,28.853,True,0.3029,0.0016,20.01,1.70,-3.22,0.372,0.505
normal.mp4,877,28.886,True,0.3051,0.0023,20.33,1.98,-3.39,0.372,0.511
normal.mp4,878,28.919,True,0.3019,0.0037,20.08,1.90,-3.28,0.377,0.498
normal.mp4,879,28.952,True,0.3004,0.0047,20.27,1.79,-3.31,0.382,0.501
normal.mp4,880,28.985,True,0.3018,0.0019,20.26,1.52,-2.92,0.371,0.497
normal.mp4,881,29.018,True,0.3004,0.0023,20.27,1.74,-2.90,0.357,0.507
normal.mp4,882,29.051,True,0.2940,0.0032,20.41,1.88,-3.48,0.362,0.503
normal.mp4,883,29.084,True,0.2993,0.0047,20.10,2.03,-3.04,0.381,0.510
normal.mp4,884,29.117,True,0.2922,0.0035,20.42,1.97,-3.40,0.414,0.503
normal.mp4,885,29.150,True,0.2978,0.0025,20.16,1.80,-3.53,0.414,0.506
normal.mp4,886,29.182,True,0.3030,0.0035,20.07,1.96,-3.33,0.420,0.512
normal.mp4,887,29.215,True,0.3010,0.0023,20.15,1.90,-3.26,0.403,0.512
normal.mp4,888,29.248,True,0.3019,0.0030,19.98,1.99,-3.32,0.417,0.515
normal.mp4,889,29.281,True,0.3066,0.0024,19.75,1.79,-3.40,0.425,0.504
normal.mp4,890,29.314,True,0.2937,0.0023,19.81,1.97,-3.24,0.414,0.509
normal.mp4,891,29.347,True,0.2938,0.0035,19.72,1.84,-3.06,0.409,0.507
normal.mp4,892,29.380,True,0.2929,0.0030,19.75,2.07,-3.15,0.416,0.502
normal.mp4,893,29.413,True,0.2933,0.0041,19.81,1.90,-3.06,0.417,0.500
normal.mp4,894,29.446,True,0.2892,0.0023,20.07,1.94,-3.30,0.401,0.508
normal.mp4,895,29.479,True,0.3038,0.0021,19.93,1.99,-3.19,0.420,0.506
normal.mp4,896,29.512,True,0.2988,0.0021,19.91,1.78,-3.35,0.421,0.508
normal.mp4,897,29.545,True,0.3017,0.0036,19.93,1.78,-3.16,0.418,0.506
normal.mp4,898,29.578,True,0.2957,0.0025,19.93,1.85,-3.36,0.411,0.510
normal.mp4,899,29.611,True,0.3021,0.0024,20.01,2.23,-3.38,0.434,0.510
normal.mp4,900,29.644,True,0.3057,0.0028,19.72,2.21,-2.96,0.426,0.506
normal.mp4,901,29.677,True,0.3001,0.0059,19.77,1.88,-3.11,0.425,0.505
normal.mp4,902,29.709,True,0.3007,0.0018,20.15,1.86,-3.20,0.411,0.509
normal.mp4,903,29.742,True,0.2995,0.0025,19.94,1.91,-3.13,0.401,0.513
normal.mp4,904,29.775,True,0.2940,0.0029,20.26,2.03,-3.09,0.416,0.509
normal.mp4,905,29.808,True,0.2926,0.0037,19.80,2.10,-3.26,0.409,0.508
normal.mp4,906,29.841,True,0.2997,0.0053,19.89,1.82,-3.05,0.400,0.504
normal.mp4,907,29.874,True,0.2942,0.0043,19.80,1.85,-3.17,0.401,0.508
normal.mp4,908,29.907,True,0.2911,0.0032,19.75,1.96,-2.97,0.412,0.503
normal.mp4,909,29.940,True,0.3000,0.0031,19.90,1.86,-3.13,0.420,0.496
normal.mp4,910,29.973,True,0.2997,0.0028,20.00,1.91,-3.44,0.413,0.505
normal.mp4,911,30.006,True,0.2936,0.0025,19.67,1.82,-3.20,0.410,0.507
normal.mp4,912,30.039,True,0.3053,0.0023,20.22,1.95,-3.20,0.426,0.508
normal.mp4,913,30.072,True,0.2917,0.0026,19.79,2.01,-3.35,0.410,0.503
normal.mp4,914,30.105,True,0.3072,0.0026,19.99,1.88,-3.14,0.449,0.508
normal.mp4,915,30.138,True,0.3007,0.0017,19.97,1.89,-3.44,0.440,0.509
normal.mp4,916,30.171,True,0.2975,0.0017,20.21,1.84,-3.03,0.438,0.503
normal.mp4,917,30.204,True,0.2940,0.0021,19.91,1.87,-3.41,0.426,0.505
normal.mp4,918,30.236,True,0.2917,0.0039,19.82,1.90,-3.38,0.412,0.507
normal.mp4,919,30.269,True,0.2964,0.0021,19.93,1.89,-3.65,0.417,0.509
normal.mp4,920,30.302,True,0.2944,0.0019,19.76,1.92,-2.78,0.428,0.502
normal.mp4,921,30.335,True,0.2999,0.0058,19.87,1.79,-3.15,0.426,0.506
normal.mp4,922,30.368,True,0.2998,0.0034,19.89,1.79,-3.19,0.436,0.499
normal.mp4,923,30.401,True,0.2883,0.0036,19.84,2.05,-3.20,0.438,0.504
normal.mp4,924,30.434,True,0.2949,0.0028,19.49,1.90,-3.24,0.433,0.503
normal.mp4,925,30.467,True,0.2867,0.0015,19.81,2.06,-3.20,0.416,0.504
normal.mp4,926,30.500,True,0.2975,0.0023,20.00,1.83,-3.08,0.397,0.512
normal.mp4,927,30.533,True,0.3091,0.0021,19.87,1.95,-3.20,0.421,0.504
normal.mp4,928,30.566,True,0.2983,0.0023,20.01,2.00,-3.01,0.398,0.502
normal.mp4,929,30.599,True,0.3017,0.0031,20.03,1.69,-2.98,0.403,0.498
normal.mp4,930,30.632,True,0.2909,0.0015,19.53,1.83,-3.02,0.396,0.509
normal.mp4,931,30.665,True,0.2951,0.0018,19.84,1.78,-3.01,0.402,0.506
normal.mp4,932,30.698,True,0.2987,0.0016,19.88,1.83,-3.10,0.404,0.504
normal.mp4,933,30.731,True,0.3027,0.0018,19.94,2.04,-2.80,0.402,0.500
normal.mp4,934,30.763,True,0.3002,0.0016,19.99,1.97,-3.21,0.403,0.515
normal.mp4,935,30.796,True,0.3035,0.0029,20.03,2.08,-3.23,0.410,0.504
normal.mp4,936,30.829,True,0.2985,0.0010,19.80,1.69,-3.24,0.410,0.505
normal.mp4,937,30.862,True,0.2937,0.0015,20.01,1.85,-3.05,0.407,0.507
normal.mp4,938,30.895,True,0.2928,0.0021,19.92,1.88,-3.00,0.385,0.508
normal.mp4,939,30.928,True,0.2941,0.0022,19.80,1.71,-3.02,0.387,0.504
eyes_closed.mp4,0,0.000,True,0.0419,0.0050,15.24,0.65,-2.50,0.000,0.503
eyes_closed.mp4,1,0.033,True,0.0524,0.0031,15.67,0.89,-2.48,0.080,0.511
eyes_closed.mp4,2,0.066,True,0.0530,0.0050,15.43,0.93,-2.59,0.033,0.497
eyes_closed.mp4,3,0.099,True,0.0634,0.0062,15.43,0.73,-2.41,0.145,0.510
eyes_closed.mp4,4,0.132,True,0.0529,0.0048,15.54,0.56,-2.62,0.062,0.510
eyes_closed.mp4,5,0.165,True,0.0384,0.0054,15.48,0.81,-2.50,0.000,0.514
eyes_closed.mp4,6,0.198,True,0.0546,0.0053,15.54,0.75,-2.50,0.105,0.507
eyes_closed.mp4,7,0.231,True,0.0701,0.0049,15.73,0.81,-2.56,0.243,0.518
eyes_closed.mp4,8,0.263,True,0.0337,0.0043,15.66,0.90,-2.24,0.000,0.502
eyes_closed.mp4,9,0.296,True,0.0589,0.0046,15.74,0.84,-2.53,0.106,0.504
eyes_closed.mp4,10,0.329,True,0.0822,0.0040,15.63,0.84,-2.68,0.191,0.512
eyes_closed.mp4,11,0.362,True,0.0895,0.0040,15.68,0.95,-2.82,0.261,0.500
eyes_closed.mp4,12,0.395,True,0.0718,0.0041,15.57,0.83,-2.63,0.148,0.514
eyes_closed.mp4,13,0.428,True,0.0654,0.0038,15.53,0.85,-2.75,0.124,0.518
eyes_closed.mp4,14,0.461,True,0.0722,0.0038,15.67,0.51,-2.24,0.215,0.514
eyes_closed.mp4,15,0.494,True,0.0587,0.0048,15.62,0.74,-2.32,0.022,0.515
eyes_closed.mp4,16,0.527,True,0.0674,0.0038,15.97,0.82,-2.51,0.171,0.512
eyes_closed.mp4,17,0.560,True,0.0567,0.0032,15.32,0.79,-2.64,0.069,0.513
eyes_closed.mp4,18,0.593,True,0.0529,0.0035,15.72,0.90,-2.58,0.013,0.508
eyes_closed.mp4,19,0.626,True,0.0611,0.0040,15.37,0.98,-2.64,0.110,0.503
eyes_closed.mp4,20,0.659,True,0.0635,0.0045,15.73,0.68,-2.53,0.133,0.510
eyes_closed.mp4,21,0.692,True,0.0502,0.0037,15.40,0.99,-2.50,0.030,0.511
eyes_closed.mp4,22,0.725,True,0.0538,0.0044,15.53,0.93,-2.53,0.000,0.514
eyes_closed.mp4,23,0.757,True,0.0645,0.0028,15.61,0.71,-2.61,0.065,0.514
eyes_closed.mp4,24,0.790,True,0.0666,0.0046,15.71,1.05,-2.86,0.116,0.509
eyes_closed.mp4,25,0.823,True,0.0479,0.0044,15.56,1.04,-2.17,0.000,0.511
eyes_closed.mp4,26,0.856,True,0.0529,0.0026,15.63,1.24,-2.25,0.092,0.506
eyes_closed.mp4,27,0.889,True,0.0580,0.0047,15.50,1.24,-2.85,0.063,0.503
eyes_closed.mp4,28,0.922,True,0.0617,0.0037,15.79,0.94,-2.65,0.066,0.522
eyes_closed.mp4,29,0.955,True,0.0574,0.0032,15.79,0.88,-2.67,0.048,0.522
eyes_closed.mp4,30,0.988,True,0.0628,0.0036,15.57,0.86,-2.66,0.139,0.513
eyes_closed.mp4,31,1.021,True,0.0651,0.0031,15.89,1.07,-2.58,0.067,0.510
eyes_closed.mp4,32,1.054,True,0.0719,0.0033,15.86,0.78,-2.87,0.203,0.514
eyes_closed.mp4,33,1.087,True,0.0632,0.0025,15.59,1.00,-2.62,0.107,0.511
eyes_closed.mp4,34,1.120,True,0.0533,0.0024,15.65,1.01,-2.77,0.027,0.506
eyes_closed.mp4,35,1.153,True,0.0416,0.0027,15.46,1.04,-2.37,0.000,0.516
eyes_closed.mp4,36,1.186,True,0.0634,0.0027,15.81,0.75,-2.27,0.064,0.515
eyes_closed.mp4,37,1.219,True,0.0471,0.0038,15.55,0.76,-2.69,0.000,0.507
eyes_closed.mp4,38,1.251,True,0.0607,0.0036,15.82,0.68,-3.43,0.038,0.514
eyes_closed.mp4,39,1.284,True,0.0590,0.0034,15.87,0.54,-2.81,0.079,0.529
eyes_closed.mp4,40,1.317,True,0.0603,0.0050,15.76,1.08,-3.03,0.150,0.505
eyes_closed.mp4,41,1.350,True,0.0581,0.0045,15.74,0.85,-2.76,0.038,0.512
eyes_closed.mp4,42,1.383,True,0.0570,0.0034,15.40,0.91,-2.60,0.055,0.519
eyes_closed.mp4,43,1.416,True,0.0467,0.0047,15.86,0.82,-3.03,0.000,0.505
eyes_closed.mp4,44,1.449,True,0.0553,0.0036,15.87,0.76,-2.88,0.115,0.507
eyes_closed.mp4,45,1.482,True,0.0471,0.0044,15.76,0.74,-2.91,0.000,0.520
eyes_closed.mp4,46,1.515,True,0.0655,0.0034,16.00,0.42,-2.94,0.163,0.524
eyes_closed.mp4,47,1.548,True,0.0612,0.0036,15.94,0.63,-3.39,0.168,0.513
eyes_closed.mp4,48,1.581,True,0.0492,0.0038,16.06,0.52,-3.17,0.004,0.512
eyes_closed.mp4,49,1.614,True,0.0583,0.0030,15.93,0.59,-3.15,0.138,0.506
eyes_closed.mp4,50,1.647,True,0.0634,0.0040,16.03,0.25,-3.03,0.061,0.526
eyes_closed.mp4,51,1.680,True,0.0607,0.0036,16.19,0.70,-3.15,0.120,0.528
eyes_closed.mp4,52,1.713,True,0.0571,0.0033,15.87,0.43,-3.04,0.016,0.516
eyes_closed.mp4,53,1.746,True,0.0511,0.0036,16.02,0.44,-3.12,0.000,0.507
eyes_closed.mp4,54,1.778,True,0.0550,0.0041,15.95,0.65,-3.10,0.000,0.527
eyes_closed.mp4,55,1.811,True,0.0534,0.0032,16.03,0.61,-2.95,0.038,0.518
eyes_closed.mp4,56,1.844,True,0.0617,0.0040,16.36,0.31,-2.79,0.126,0.534
eyes_closed.mp4,57,1.877,True,0.0638,0.0041,16.02,0.66,-3.11,0.120,0.521
eyes_closed.mp4,58,1.910,True,0.0772,0.0027,16.18,0.36,-2.81,0.166,0.518
eyes_closed.mp4,59,1.943,True,0.0578,0.0032,16.16,0.66,-2.77,0.122,0.509
eyes_closed.mp4,60,1.976,True,0.0427,0.0034,15.79,0.87,-3.31,0.000,0.507
eyes_closed.mp4,61,2.009,True,0.0592,0.0036,15.81,0.90,-2.93,0.050,0.514
eyes_closed.mp4,62,2.042,True,0.0665,0.0031,16.22,0.53,-2.50,0.106,0.516
eyes_closed.mp4,63,2.075,True,0.0425,0.0026,15.97,0.38,-3.11,0.000,0.531
eyes_closed.mp4,64,2.108,True,0.0661,0.0044,15.74,0.45,-2.81,0.066,0.527
eyes_closed.mp4,65,2.141,True,0.0703,0.0030,16.11,0.48,-2.71,0.156,0.526
eyes_closed.mp4,66,2.174,True,0.0624,0.0039,15.95,0.74,-3.25,0.212,0.510
eyes_closed.mp4,67,2.207,True,0.0739,0.0058,16.47,0.54,-2.74,0.163,0.523
eyes_closed.mp4,68,2.240,True,0.0760,0.0052,16.13,0.51,-3.02,0.235,0.512
eyes_closed.mp4,69,2.272,True,0.0650,0.0031,15.99,0.42,-3.12,0.166,0.516
eyes_closed.mp4,70,2.305,True,0.0544,0.0030,16.29,0.82,-2.83,0.071,0.510
eyes_closed.mp4,71,2.338,True,0.0528,0.0023,16.26,0.75,-2.87,0.034,0.509
eyes_closed.mp4,72,2.371,True,0.0654,0.0040,16.04,0.57,-3.02,0.162,0.519
eyes_closed.mp4,73,2.404,True,0.0504,0.0030,15.81,0.49,-2.86,0.000,0.523
eyes_closed.mp4,74,2.437,True,0.0697,0.0032,15.96,0.74,-2.85,0.166,0.517
eyes_closed.mp4,75,2.470,True,0.0670,0.0044,16.12,0.71,-2.76,0.158,0.518
eyes_closed.mp4,76,2.503,True,0.0657,0.0047,16.18,0.63,-2.95,0.144,0.525
eyes_closed.mp4,77,2.536,True,0.0654,0.0033,16.15,0.38,-2.71,0.129,0.531
eyes_closed.mp4,78,2.569,True,0.0561,0.0034,16.00,0.58,-3.23,0.090,0.510
eyes_closed.mp4,79,2.602,True,0.0476,0.0045,16.08,0.96,-2.96,0.047,0.499
eyes_closed.mp4,80,2.635,True,0.0668,0.0032,15.95,0.58,-3.02,0.073,0.518
eyes_closed.mp4,81,2.668,True,0.0550,0.0031,16.17,0.68,-2.61,0.106,0.521
eyes_closed.mp4,82,2.701,True,0.0739,0.0034,16.09,0.60,-2.94,0.133,0.526
eyes_closed.mp4,83,2.734,True,0.0686,0.0042,16.40,0.71,-2.70,0.210,0.518
eyes_closed.mp4,84,2.766,True,0.0448,0.0031,16.01,0.62,-2.82,0.000,0.510
eyes_closed.mp4,85,2.799,True,0.0539,0.0043,15.80,0.80,-3.05,0.161,0.499
eyes_closed.mp4,86,2.832,True,0.0533,0.0045,16.09,0.93,-2.75,0.000,0.517
eyes_closed.mp4,87,2.865,True,0.0522,0.0036,16.06,0.78,-3.11,0.087,0.503
eyes_closed.mp4,88,2.898,True,0.0550,0.0032,15.86,1.00,-2.97,0.092,0.503
eyes_closed.mp4,89,2.931,True,0.0579,0.0038,15.78,0.83,-2.81,0.000,0.509
eyes_closed.mp4,90,2.964,True,0.0499,0.0032,15.64,0.67,-2.55,0.000,0.492
eyes_closed.mp4,91,2.997,True,0.0597,0.0037,15.98,0.91,-3.01,0.118,0.507
eyes_closed.mp4,92,3.030,True,0.0643,0.0044,15.69,0.84,-2.70,0.181,0.512
eyes_closed.mp4,93,3.063,True,0.0738,0.0032,16.09,0.82,-2.88,0.145,0.507
eyes_closed.mp4,94,3.096,True,0.0516,0.0032,15.92,0.73,-2.67,0.055,0.513
eyes_closed.mp4,95,3.129,True,0.0630,0.0042,16.33,0.87,-2.55,0.143,0.491
eyes_closed.mp4,96,3.162,True,0.0735,0.0043,16.08,0.68,-2.70,0.214,0.515
eyes_closed.mp4,97,3.195,True,0.0486,0.0040,15.95,0.61,-2.66,0.000,0.515
eyes_closed.mp4,98,3.228,True,0.0506,0.0040,16.16,0.83,-2.53,0.057,0.511
eyes_closed.mp4,99,3.260,True,0.0706,0.0054,16.19,0.53,-2.82,0.199,0.516
eyes_closed.mp4,100,3.293,True,0.0691,0.0033,16.25,0.59,-2.24,0.176,0.505
eyes_closed.mp4,101,3.326,True,0.0604,0.0035,16.27,0.53,-2.72,0.010,0.519
eyes_closed.mp4,102,3.359,True,0.0752,0.0036,16.04,0.61,-3.03,0.182,0.511
eyes_closed.mp4,103,3.392,True,0.0569,0.0038,16.00,0.38,-2.80,0.000,0.523
eyes_closed.mp4,104,3.425,True,0.0551,0.0038,15.72,0.66,-2.75,0.062,0.506
eyes_closed.mp4,105,3.458,True,0.0483,0.0037,15.79,0.72,-2.67,0.011,0.503
eyes_closed.mp4,106,3.491,True,0.0711,0.0027,16.10,0.37,-2.60,0.116,0.499
eyes_closed.mp4,107,3.524,True,0.0491,0.0037,16.04,0.34,-2.70,0.000,0.515
eyes_closed.mp4,108,3.557,True,0.0414,0.0034,16.10,0.41,-2.68,0.000,0.505
eyes_closed.mp4,109,3.590,True,0.0671,0.0037,15.94,0.28,-2.94,0.190,0.516
eyes_closed.mp4,110,3.623,True,0.0573,0.0036,16.05,0.41,-2.71,0.213,0.504
eyes_closed.mp4,111,3.656,True,0.0725,0.0032,15.97,0.64,-2.86,0.172,0.511
eyes_closed.mp4,112,3.689,True,0.0715,0.0034,15.80,0.35,-2.56,0.170,0.518
eyes_closed.mp4,113,3.722,True,0.0461,0.0039,15.81,0.69,-2.52,0.000,0.510
eyes_closed.mp4,114,3.754,True,0.0790,0.0029,15.85,0.15,-2.39,0.223,0.515
eyes_closed.mp4,115,3.787,True,0.0513,0.0039,15.95,0.68,-2.64,0.002,0.509
eyes_closed.mp4,116,3.820,True,0.0545,0.0041,15.79,0.65,-3.19,0.064,0.503
eyes_closed.mp4,117,3.853,True,0.0521,0.0030,15.57,0.77,-2.73,0.038,0.515
eyes_closed.mp4,118,3.886,True,0.0546,0.0034,15.82,0.84,-2.76,0.011,0.505
eyes_closed.mp4,119,3.919,True,0.0423,0.0039,15.72,0.98,-2.78,0.000,0.515
eyes_closed.mp4,120,3.952,True,0.0876,0.0031,15.83,0.52,-2.80,0.213,0.516
eyes_closed.mp4,121,3.985,True,0.0732,0.0049,15.82,0.38,-2.60,0.213,0.516
eyes_closed.mp4,122,4.018,True,0.0730,0.0028,15.65,0.43,-2.61,0.201,0.521
eyes_closed.mp4,123,4.051,True,0.0584,0.0034,15.72,0.59,-3.26,0.066,0.514
eyes_closed.mp4,124,4.084,True,0.0631,0.0041,15.68,0.64,-2.71,0.129,0.510
eyes_closed.mp4,125,4.117,True,0.0573,0.0054,15.98,0.57,-2.95,0.121,0.500
eyes_closed.mp4,126,4.150,True,0.0584,0.0038,15.77,0.56,-2.68,0.210,0.513
eyes_closed.mp4,127,4.183,True,0.0604,0.0032,15.89,0.49,-2.43,0.142,0.513
eyes_closed.mp4,128,4.216,True,0.0723,0.0026,15.80,0.51,-2.44,0.186,0.512
eyes_closed.mp4,129,4.248,True,0.0740,0.0034,15.93,0.44,-2.71,0.116,0.513
eyes_closed.mp4,130,4.281,True,0.0616,0.0035,15.77,0.55,-2.67,0.090,0.503
eyes_closed.mp4,131,4.314,True,0.0601,0.0040,15.99,0.91,-2.83,0.163,0.504
eyes_closed.mp4,132,4.347,True,0.0628,0.0036,15.85,0.78,-2.83,0.122,0.506
eyes_closed.mp4,133,4.380,True,0.0573,0.0026,15.86,0.46,-2.60,0.069,0.515
eyes_closed.mp4,134,4.413,True,0.0643,0.0034,15.92,0.76,-2.79,0.146,0.517
eyes_closed.mp4,135,4.446,True,0.0490,0.0045,15.66,0.70,-2.85,0.010,0.509
eyes_closed.mp4,136,4.479,True,0.0706,0.0043,15.93,0.34,-2.29,0.138,0.517
eyes_closed.mp4,137,4.512,True,0.0640,0.0031,15.83,0.83,-3.11,0.176,0.506
eyes_closed.mp4,138,4.545,True,0.0605,0.0031,15.61,0.71,-2.55,0.118,0.505
eyes_closed.mp4,139,4.578,True,0.0552,0.0028,15.46,0.78,-2.25,0.146,0.505
eyes_closed.mp4,140,4.611,True,0.0470,0.0034,15.68,0.89,-2.69,0.074,0.502
eyes_closed.mp4,141,4.644,True,0.0558,0.0031,15.84,0.38,-2.62,0.116,0.517
eyes_closed.mp4,142,4.677,True,0.0540,0.0028,15.70,0.85,-2.77,0.067,0.499
eyes_closed.mp4,143,4.710,True,0.0573,0.0039,15.89,0.58,-2.91,0.000,0.514
eyes_closed.mp4,144,4.742,True,0.0573,0.0033,15.91,0.43,-2.71,0.037,0.517
eyes_closed.mp4,145,4.775,True,0.0716,0.0038,15.85,0.60,-3.00,0.196,0.518
eyes_closed.mp4,146,4.808,True,0.0573,0.0034,15.85,0.88,-2.82,0.158,0.510
eyes_closed.mp4,147,4.841,True,0.0531,0.0026,15.81,0.42,-2.34,0.062,0.518
eyes_closed.mp4,148,4.874,True,0.0573,0.0025,15.74,0.33,-2.96,0.060,0.524
eyes_closed.mp4,149,4.907,True,0.0559,0.0033,15.94,0.34,-2.49,0.087,0.516
eyes_closed.mp4,150,4.940,True,0.0668,0.0039,15.89,0.55,-3.03,0.159,0.515
eyes_closed.mp4,151,4.973,True,0.0587,0.0041,15.74,0.98,-3.10,0.085,0.484
eyes_closed.mp4,152,5.006,True,0.0453,0.0028,15.74,0.69,-2.76,0.000,0.504
eyes_closed.mp4,153,5.039,True,0.0607,0.0032,15.67,0.60,-3.02,0.174,0.507
eyes_closed.mp4,154,5.072,True,0.0505,0.0026,15.94,0.46,-2.67,0.030,0.517
eyes_closed.mp4,155,5.105,True,0.0640,0.0042,16.11,0.29,-2.89,0.057,0.523
eyes_closed.mp4,156,5.138,True,0.0390,0.0034,15.95,0.68,-2.99,0.000,0.508
eyes_closed.mp4,157,5.171,True,0.0511,0.0036,16.29,0.48,-3.01,0.004,0.518
eyes_closed.mp4,158,5.204,True,0.0565,0.0036,16.13,0.72,-2.79,0.051,0.517
eyes_closed.mp4,159,5.237,True,0.0574,0.0035,16.25,0.62,-3.05,0.040,0.508
eyes_closed.mp4,160,5.269,True,0.0454,0.0026,16.21,0.42,-2.89,0.000,0.523
eyes_closed.mp4,161,5.302,True,0.0674,0.0044,16.14,0.63,-2.94,0.222,0.514
eyes_closed.mp4,162,5.335,True,0.0647,0.0061,16.17,0.71,-2.66,0.177,0.512
eyes_closed.mp4,163,5.368,True,0.0667,0.0051,15.82,0.66,-2.67,0.116,0.521
eyes_closed.mp4,164,5.401,True,0.0518,0.0027,16.06,0.41,-2.55,0.000,0.513
eyes_closed.mp4,165,5.434,True,0.0560,0.0039,15.98,0.54,-2.71,0.071,0.504
eyes_closed.mp4,166,5.467,True,0.0664,0.0033,16.29,0.58,-2.99,0.222,0.506
eyes_closed.mp4,167,5.500,True,0.0588,0.0056,16.08,0.46,-2.96,0.072,0.510
eyes_closed.mp4,168,5.533,True,0.0571,0.0039,16.17,0.50,-2.58,0.005,0.511
eyes_closed.mp4,169,5.566,True,0.0623,0.0038,16.37,0.50,-2.63,0.088,0.517
eyes_closed.mp4,170,5.599,True,0.0620,0.0039,16.18,0.55,-2.51,0.114,0.518
eyes_closed.mp4,171,5.632,True,0.0522,0.0039,16.32,0.47,-2.78,0.088,0.505
eyes_closed.mp4,172,5.665,True,0.0477,0.0037,16.30,0.56,-2.46,0.000,0.508
eyes_closed.mp4,173,5.698,True,0.0509,0.0038,16.06,0.43,-2.40,0.080,0.512
eyes_closed.mp4,174,5.731,True,0.0623,0.0034,15.92,0.38,-2.88,0.111,0.511
eyes_closed.mp4,175,5.763,True,0.0679,0.0036,16.04,0.30,-2.73,0.145,0.515
eyes_closed.mp4,176,5.796,True,0.0725,0.0031,15.98,0.56,-2.29,0.180,0.511
eyes_closed.mp4,177,5.829,True,0.0715,0.0040,16.06,0.65,-3.14,0.189,0.499
eyes_closed.mp4,178,5.862,True,0.0711,0.0044,16.04,0.42,-2.93,0.163,0.511
eyes_closed.mp4,179,5.895,True,0.0584,0.0045,16.12,0.61,-2.64,0.008,0.506
eyes_closed.mp4,180,5.928,True,0.0608,0.0039,16.17,0.65,-2.63,0.088,0.511
eyes_closed.mp4,181,5.961,True,0.0655,0.0039,16.27,0.58,-2.27,0.067,0.505
eyes_closed.mp4,182,5.994,True,0.0742,0.0041,16.31,0.25,-2.56,0.256,0.506
eyes_closed.mp4,183,6.027,True,0.0659,0.0031,15.81,0.07,-2.51,0.156,0.517
eyes_closed.mp4,184,6.060,True,0.0574,0.0038,16.08,0.15,-2.69,0.037,0.513
eyes_closed.mp4,185,6.093,True,0.0384,0.0045,15.98,0.28,-2.72,0.000,0.510
eyes_closed.mp4,186,6.126,True,0.0536,0.0045,16.10,0.23,-2.60,0.022,0.509
eyes_closed.mp4,187,6.159,True,0.0574,0.0037,15.93,0.25,-2.76,0.170,0.507
eyes_closed.mp4,188,6.192,True,0.0646,0.0050,15.77,0.10,-2.62,0.163,0.519
eyes_closed.mp4,189,6.225,True,0.0760,0.0034,15.77,0.03,-2.55,0.182,0.530
eyes_closed.mp4,190,6.257,True,0.0678,0.0037,15.68,-0.00,-2.42,0.124,0.505
eyes_closed.mp4,191,6.290,True,0.0542,0.0047,15.74,0.14,-2.24,0.006,0.520
eyes_closed.mp4,192,6.323,True,0.0500,0.0037,15.80,0.22,-2.68,0.037,0.504
eyes_closed.mp4,193,6.356,True,0.0453,0.0051,15.65,-0.13,-2.52,0.000,0.521
eyes_closed.mp4,194,6.389,True,0.0657,0.0040,15.88,0.37,-3.08,0.139,0.506
eyes_closed.mp4,195,6.422,True,0.0421,0.0039,15.97,0.39,-2.93,0.000,0.503
eyes_closed.mp4,196,6.455,True,0.0589,0.0047,15.96,0.31,-2.52,0.145,0.509
eyes_closed.mp4,197,6.488,True,0.0548,0.0039,15.93,0.42,-2.60,0.040,0.520
eyes_closed.mp4,198,6.521,True,0.0532,0.0036,15.85,0.09,-2.71,0.035,0.512
eyes_closed.mp4,199,6.554,True,0.0589,0.0039,15.93,0.04,-2.52,0.092,0.512
eyes_closed.mp4,200,6.587,True,0.0433,0.0050,15.81,0.14,-2.67,0.000,0.520
eyes_closed.mp4,201,6.620,True,0.0622,0.0038,15.84,0.47,-2.64,0.174,0.502
eyes_closed.mp4,202,6.653,True,0.0712,0.0044,15.85,0.16,-2.53,0.249,0.521
eyes_closed.mp4,203,6.686,True,0.0567,0.0033,15.76,0.29,-2.52,0.060,0.518
eyes_closed.mp4,204,6.719,True,0.0455,0.0041,15.79,0.43,-2.49,0.000,0.508
eyes_closed.mp4,205,6.751,True,0.0421,0.0029,15.94,0.24,-2.32,0.000,0.517
eyes_closed.mp4,206,6.784,True,0.0505,0.0046,15.90,0.36,-2.63,0.217,0.493
eyes_closed.mp4,207,6.817,True,0.0596,0.0032,15.97,0.18,-2.66,0.130,0.513
eyes_closed.mp4,208,6.850,True,0.0363,0.0033,15.95,0.15,-2.61,0.000,0.507
eyes_closed.mp4,209,6.883,True,0.0447,0.0035,15.79,0.12,-2.47,0.000,0.512
eyes_closed.mp4,210,6.916,True,0.0527,0.0038,15.48,0.48,-2.86,0.110,0.500
eyes_closed.mp4,211,6.949,True,0.0519,0.0037,15.94,0.34,-2.75,0.083,0.509
eyes_closed.mp4,212,6.982,True,0.0450,0.0044,15.74,0.39,-2.81,0.012,0.508
eyes_closed.mp4,213,7.015,True,0.0670,0.0038,15.72,0.52,-2.67,0.160,0.518
eyes_closed.mp4,214,7.048,True,0.0458,0.0041,15.55,0.37,-2.62,0.053,0.501
eyes_closed.mp4,215,7.081,True,0.0392,0.0041,15.78,0.51,-2.37,0.000,0.506
eyes_closed.mp4,216,7.114,True,0.0411,0.0039,15.60,0.06,-2.73,0.000,0.514
eyes_closed.mp4,217,7.147,True,0.0430,0.0047,15.89,0.30,-2.59,0.000,0.504
eyes_closed.mp4,218,7.180,True,0.0448,0.0029,15.83,0.13,-2.62,0.000,0.505
eyes_closed.mp4,219,7.213,True,0.0658,0.0040,15.90,0.39,-2.76,0.229,0.508
eyes_closed.mp4,220,7.245,True,0.0547,0.0038,15.93,0.19,-2.13,0.057,0.515
eyes_closed.mp4,221,7.278,True,0.0516,0.0029,15.89,0.26,-2.28,0.056,0.517
eyes_closed.mp4,222,7.311,True,0.0650,0.0031,15.99,0.32,-2.10,0.135,0.538
eyes_closed.mp4,223,7.344,True,0.0719,0.0032,15.91,0.09,-2.01,0.205,0.521
eyes_closed.mp4,224,7.377,True,0.0518,0.0033,15.81,0.19,-2.24,0.054,0.514
eyes_closed.mp4,225,7.410,True,0.0719,0.0040,15.97,0.11,-2.70,0.127,0.514
eyes_closed.mp4,226,7.443,True,0.0715,0.0040,15.65,-0.06,-2.72,0.207,0.517
eyes_closed.mp4,227,7.476,True,0.0466,0.0056,15.44,0.01,-3.11,0.000,0.515
eyes_closed.mp4,228,7.509,True,0.0655,0.0044,15.68,0.48,-2.78,0.179,0.516
eyes_closed.mp4,229,7.542,True,0.0533,0.0037,15.85,0.38,-2.84,0.110,0.520
eyes_closed.mp4,230,7.575,True,0.0568,0.0036,15.65,0.31,-2.76,0.128,0.512
eyes_closed.mp4,231,7.608,True,0.0576,0.0038,15.77,-0.00,-2.74,0.113,0.522
eyes_closed.mp4,232,7.641,True,0.0457,0.0044,15.52,0.27,-3.00,0.038,0.509
eyes_closed.mp4,233,7.674,True,0.0560,0.0032,15.61,0.34,-2.66,0.196,0.499
eyes_closed.mp4,234,7.707,True,0.0604,0.0042,15.44,0.08,-2.81,0.052,0.525
eyes_closed.mp4,235,7.739,True,0.0416,0.0034,15.79,0.20,-2.90,0.000,0.512
eyes_closed.mp4,236,7.772,True,0.0577,0.0034,15.84,0.36,-3.02,0.167,0.510
eyes_closed.mp4,237,7.805,True,0.0605,0.0039,15.60,0.27,-2.67,0.194,0.517
eyes_closed.mp4,238,7.838,True,0.0577,0.0035,15.53,0.21,-2.78,0.147,0.515
eyes_closed.mp4,239,7.871,True,0.0537,0.0041,15.55,0.55,-2.50,0.067,0.505
eyes_closed.mp4,240,7.904,True,0.0503,0.0031,15.89,0.15,-2.61,0.092,0.520
eyes_closed.mp4,241,7.937,True,0.0570,0.0036,15.84,0.47,-2.64,0.109,0.513
eyes_closed.mp4,242,7.970,True,0.0526,0.0037,15.86,0.69,-2.92,0.070,0.508
eyes_closed.mp4,243,8.003,True,0.0511,0.0028,15.81,0.29,-3.03,0.093,0.510
eyes_closed.mp4,244,8.036,True,0.0634,0.0030,15.78,0.33,-2.72,0.108,0.515
eyes_closed.mp4,245,8.069,True,0.0489,0.0031,15.77,0.41,-2.74,0.063,0.500
eyes_closed.mp4,246,8.102,True,0.0653,0.0038,15.88,0.38,-2.78,0.133,0.521
eyes_closed.mp4,247,8.135,True,0.0617,0.0035,15.71,0.09,-2.92,0.189,0.520
eyes_closed.mp4,248,8.168,True,0.0591,0.0029,16.03,0.15,-2.44,0.142,0.521
eyes_closed.mp4,249,8.201,True,0.0583,0.0036,15.76,0.42,-2.70,0.140,0.514
eyes_closed.mp4,250,8.234,True,0.0522,0.0038,16.01,0.11,-2.61,0.118,0.520
eyes_closed.mp4,251,8.266,True,0.0663,0.0031,15.63,0.35,-2.79,0.096,0.519
eyes_closed.mp4,252,8.299,True,0.0684,0.0043,16.01,0.35,-3.00,0.219,0.501
eyes_closed.mp4,253,8.332,True,0.0552,0.0035,15.76,0.33,-2.85,0.010,0.515
eyes_closed.mp4,254,8.365,True,0.0486,0.0036,15.84,0.15,-2.73,0.055,0.518
eyes_closed.mp4,255,8.398,True,0.0550,0.0050,15.79,0.17,-2.95,0.086,0.513
eyes_closed.mp4,256,8.431,True,0.0495,0.0043,15.90,0.39,-2.79,0.107,0.517
eyes_closed.mp4,257,8.464,True,0.0548,0.0039,15.80,0.19,-2.68,0.060,0.521
eyes_closed.mp4,258,8.497,True,0.0445,0.0032,15.75,0.12,-2.87,0.030,0.513
eyes_closed.mp4,259,8.530,True,0.0514,0.0031,15.72,0.21,-3.12,0.063,0.512
eyes_closed.mp4,260,8.563,True,0.0698,0.0042,15.64,0.25,-2.88,0.206,0.508
eyes_closed.mp4,261,8.596,True,0.0597,0.0033,15.71,0.34,-2.96,0.080,0.516
eyes_closed.mp4,262,8.629,True,0.0619,0.0032,16.17,0.26,-2.71,0.175,0.503
eyes_closed.mp4,263,8.662,True,0.0574,0.0024,15.85,0.08,-2.57,0.198,0.515
eyes_closed.mp4,264,8.695,True,0.0512,0.0033,16.05,0.02,-2.74,0.062,0.514
eyes_closed.mp4,265,8.728,True,0.0497,0.0034,15.93,0.16,-2.44,0.008,0.515
eyes_closed.mp4,266,8.760,True,0.0433,0.0040,15.83,0.22,-2.94,0.000,0.522
eyes_closed.mp4,267,8.793,True,0.0612,0.0055,15.76,-0.06,-2.97,0.094,0.512
eyes_closed.mp4,268,8.826,True,0.0538,0.0042,16.07,-0.12,-2.88,0.057,0.512
eyes_closed.mp4,269,8.859,True,0.0317,0.0042,15.80,0.17,-2.77,0.000,0.516
eyes_closed.mp4,270,8.892,True,0.0649,0.0030,15.86,0.17,-2.39,0.216,0.521
eyes_closed.mp4,271,8.925,True,0.0448,0.0031,15.94,-0.07,-2.75,0.057,0.521
eyes_closed.mp4,272,8.958,True,0.0481,0.0040,16.17,0.03,-2.49,0.059,0.516
eyes_closed.mp4,273,8.991,True,0.0497,0.0023,16.25,-0.09,-2.51,0.058,0.517
eyes_closed.mp4,274,9.024,True,0.0403,0.0036,15.84,-0.14,-2.83,0.000,0.508
eyes_closed.mp4,275,9.057,True,0.0708,0.0035,16.26,0.07,-2.96,0.195,0.520
eyes_closed.mp4,276,9.090,True,0.0422,0.0042,16.39,-0.06,-2.87,0.000,0.517
eyes_closed.mp4,277,9.123,True,0.0505,0.0064,15.95,-0.29,-3.01,0.000,0.520
eyes_closed.mp4,278,9.156,True,0.0507,0.0045,16.05,-0.08,-2.88,0.160,0.508
eyes_closed.mp4,279,9.189,True,0.0721,0.0032,16.05,-0.14,-2.89,0.290,0.523
eyes_closed.mp4,280,9.222,True,0.0652,0.0041,16.00,-0.16,-2.83,0.186,0.518
eyes_closed.mp4,281,9.254,True,0.0638,0.0040,16.27,-0.01,-3.00,0.172,0.517
eyes_closed.mp4,282,9.287,True,0.0541,0.0036,16.04,-0.19,-3.05,0.000,0.508
eyes_closed.mp4,283,9.320,True,0.0507,0.0047,16.18,-0.23,-3.02,0.000,0.521
eyes_closed.mp4,284,9.353,True,0.0523,0.0050,16.10,-0.12,-2.79,0.036,0.515
eyes_closed.mp4,285,9.386,True,0.0504,0.0039,16.37,-0.23,-2.87,0.090,0.520
eyes_closed.mp4,286,9.419,True,0.0485,0.0037,16.03,0.06,-2.96,0.000,0.524
eyes_closed.mp4,287,9.452,True,0.0562,0.0033,16.09,-0.49,-2.70,0.070,0.530
eyes_closed.mp4,288,9.485,True,0.0587,0.0031,16.12,-0.07,-2.73,0.052,0.521
eyes_closed.mp4,289,9.518,True,0.0563,0.0037,16.22,0.01,-2.93,0.134,0.519
eyes_closed.mp4,290,9.551,True,0.0538,0.0035,16.29,-0.29,-2.39,0.086,0.515
eyes_closed.mp4,291,9.584,True,0.0564,0.0036,15.95,0.14,-2.37,0.194,0.515
eyes_closed.mp4,292,9.617,True,0.0708,0.0043,16.28,-0.06,-2.96,0.247,0.523
eyes_closed.mp4,293,9.650,True,0.0545,0.0043,16.26,-0.18,-2.95,0.078,0.525
eyes_closed.mp4,294,9.683,True,0.0559,0.0031,16.23,-0.13,-2.67,0.070,0.514
eyes_closed.mp4,295,9.716,True,0.0581,0.0054,15.91,0.06,-2.56,0.121,0.514
eyes_closed.mp4,296,9.748,True,0.0762,0.0048,16.38,0.08,-2.77,0.249,0.516
eyes_closed.mp4,297,9.781,True,0.0715,0.0037,16.33,0.29,-2.83,0.250,0.505
eyes_closed.mp4,298,9.814,True,0.0705,0.0037,16.16,0.12,-2.66,0.196,0.520
eyes_closed.mp4,299,9.847,True,0.0778,0.0038,16.16,0.08,-2.52,0.178,0.522
eyes_closed.mp4,300,9.880,True,0.0722,0.0034,16.47,-0.18,-3.02,0.134,0.520
eyes_closed.mp4,301,9.913,True,0.0502,0.0052,16.10,-0.14,-2.95,0.000,0.527
eyes_closed.mp4,302,9.946,True,0.0630,0.0062,16.28,-0.18,-3.02,0.054,0.515
eyes_closed.mp4,303,9.979,True,0.0646,0.0045,16.33,-0.11,-3.15,0.156,0.516
eyes_closed.mp4,304,10.012,True,0.0564,0.0041,16.13,-0.10,-3.19,0.093,0.522
eyes_closed.mp4,305,10.045,True,0.0618,0.0069,16.19,-0.10,-2.88,0.164,0.523
eyes_closed.mp4,306,10.078,True,0.0620,0.0035,16.46,0.26,-3.01,0.170,0.516
eyes_closed.mp4,307,10.111,True,0.0898,0.0035,16.25,0.01,-3.08,0.290,0.513
eyes_closed.mp4,308,10.144,True,0.0558,0.0042,16.09,-0.01,-3.12,0.064,0.523
eyes_closed.mp4,309,10.177,True,0.0677,0.0142,16.19,-0.19,-2.82,0.187,0.527
eyes_closed.mp4,310,10.210,True,0.0595,0.0042,16.36,-0.17,-2.70,0.119,0.536
eyes_closed.mp4,311,10.242,True,0.0658,0.0032,16.43,-0.17,-2.16,0.082,0.519
eyes_closed.mp4,312,10.275,True,0.0523,0.0037,16.38,0.16,-2.87,0.081,0.509
eyes_closed.mp4,313,10.308,True,0.0570,0.0032,16.25,-0.09,-2.90,0.089,0.516
eyes_closed.mp4,314,10.341,True,0.0585,0.0035,16.55,-0.21,-2.33,0.068,0.522
eyes_closed.mp4,315,10.374,True,0.0700,0.0038,16.30,-0.10,-2.99,0.142,0.522
eyes_closed.mp4,316,10.407,True,0.0674,0.0044,16.24,-0.14,-2.93,0.118,0.520
eyes_closed.mp4,317,10.440,True,0.0513,0.0035,15.87,0.08,-2.99,0.000,0.514
eyes_closed.mp4,318,10.473,True,0.0477,0.0034,16.05,-0.05,-2.96,0.000,0.526
eyes_closed.mp4,319,10.506,True,0.0727,0.0038,16.15,-0.37,-2.66,0.181,0.527
eyes_closed.mp4,320,10.539,True,0.0558,0.0036,15.94,0.33,-3.37,0.092,0.509
eyes_closed.mp4,321,10.572,True,0.0509,0.0047,16.15,0.13,-2.91,0.087,0.516
eyes_closed.mp4,322,10.605,True,0.0526,0.0052,16.49,0.17,-2.91,0.045,0.514
eyes_closed.mp4,323,10.638,True,0.0641,0.0046,16.16,-0.14,-3.02,0.131,0.525
eyes_closed.mp4,324,10.671,True,0.0592,0.0051,16.27,-0.14,-2.88,0.139,0.521
eyes_closed.mp4,325,10.704,True,0.0538,0.0044,16.34,-0.11,-2.78,0.158,0.520
eyes_closed.mp4,326,10.736,True,0.0676,0.0034,16.34,0.01,-3.05,0.203,0.510
eyes_closed.mp4,327,10.769,True,0.0443,0.0031,16.40,-0.03,-2.61,0.026,0.524
eyes_closed.mp4,328,10.802,True,0.0684,0.0025,16.46,-0.29,-2.73,0.247,0.514
eyes_closed.mp4,329,10.835,True,0.0629,0.0028,16.30,0.16,-3.01,0.242,0.522
eyes_closed.mp4,330,10.868,True,0.0616,0.0040,16.53,0.04,-2.78,0.068,0.506
eyes_closed.mp4,331,10.901,True,0.0628,0.0030,16.51,-0.05,-2.62,0.155,0.519
eyes_closed.mp4,332,10.934,True,0.0591,0.0047,16.39,-0.35,-2.68,0.096,0.528
eyes_closed.mp4,333,10.967,True,0.0607,0.0048,16.21,-0.33,-2.55,0.083,0.529
eyes_closed.mp4,334,11.000,True,0.0654,0.0045,16.48,-0.09,-2.49,0.176,0.523
eyes_closed.mp4,335,11.033,True,0.0594,0.0043,16.14,0.11,-3.08,0.206,0.520
eyes_closed.mp4,336,11.066,True,0.0546,0.0043,16.21,0.11,-3.00,0.133,0.517
eyes_closed.mp4,337,11.099,True,0.0594,0.0031,16.16,-0.05,-2.53,0.154,0.522
eyes_closed.mp4,338,11.132,True,0.0669,0.0039,16.40,0.09,-2.72,0.166,0.521
eyes_closed.mp4,339,11.165,True,0.0572,0.0039,16.17,0.08,-2.40,0.105,0.520
eyes_closed.mp4,340,11.198,True,0.0491,0.0037,16.04,0.26,-2.51,0.079,0.510
eyes_closed.mp4,341,11.230,True,0.0608,0.0033,16.44,-0.14,-2.50,0.096,0.520
eyes_closed.mp4,342,11.263,True,0.0726,0.0046,16.57,-0.43,-2.51,0.135,0.521
eyes_closed.mp4,343,11.296,True,0.0485,0.0032,16.34,0.38,-2.81,0.000,0.501
eyes_closed.mp4,344,11.329,True,0.0565,0.0034,16.19,0.02,-2.67,0.048,0.519
eyes_closed.mp4,345,11.362,True,0.0645,0.0034,16.35,0.03,-2.75,0.154,0.521
eyes_closed.mp4,346,11.395,True,0.0392,0.0034,16.39,0.29,-2.79,0.000,0.502
eyes_closed.mp4,347,11.428,True,0.0636,0.0044,16.26,-0.06,-2.69,0.140,0.520
eyes_closed.mp4,348,11.461,True,0.0587,0.0037,16.53,-0.02,-2.92,0.204,0.515
eyes_closed.mp4,349,11.494,True,0.0561,0.0032,16.48,0.15,-2.93,0.095,0.518
eyes_closed.mp4,350,11.527,True,0.0484,0.0037,16.28,0.03,-3.18,0.032,0.509
eyes_closed.mp4,351,11.560,True,0.0461,0.0039,16.18,0.21,-2.96,0.012,0.505
eyes_closed.mp4,352,11.593,True,0.0545,0.0030,16.54,-0.13,-2.61,0.032,0.518
eyes_closed.mp4,353,11.626,True,0.0628,0.0046,16.52,-0.12,-2.38,0.158,0.521
eyes_closed.mp4,354,11.659,True,0.0513,0.0040,16.36,-0.12,-2.40,0.000,0.512
eyes_closed.mp4,355,11.692,True,0.0604,0.0046,16.39,-0.18,-2.32,0.080,0.523
eyes_closed.mp4,356,11.725,True,0.0551,0.0040,16.34,0.04,-2.95,0.047,0.516
eyes_closed.mp4,357,11.757,True,0.0711,0.0035,16.25,-0.08,-2.78,0.196,0.519
eyes_closed.mp4,358,11.790,True,0.0478,0.0034,16.10,-0.17,-2.61,0.019,0.517
eyes_closed.mp4,359,11.823,True,0.0450,0.0033,16.31,0.13,-2.67,0.000,0.520
eyes_closed.mp4,360,11.856,True,0.0531,0.0036,16.28,0.15,-2.79,0.093,0.507
eyes_closed.mp4,361,11.889,True,0.0565,0.0032,16.22,-0.00,-2.42,0.191,0.514
eyes_closed.mp4,362,11.922,True,0.0471,0.0043,16.33,-0.22,-2.58,0.049,0.516
eyes_closed.mp4,363,11.955,True,0.0770,0.0037,16.47,0.04,-2.35,0.196,0.516
eyes_closed.mp4,364,11.988,True,0.0651,0.0050,16.55,0.05,-2.61,0.128,0.525
eyes_closed.mp4,365,12.021,True,0.0546,0.0036,16.45,0.13,-2.72,0.141,0.508
eyes_closed.mp4,366,12.054,True,0.0488,0.0031,16.23,0.15,-3.07,0.081,0.509
eyes_closed.mp4,367,12.087,True,0.0739,0.0040,16.39,-0.04,-2.77,0.234,0.521
eyes_closed.mp4,368,12.120,True,0.0431,0.0043,16.33,0.25,-2.91,0.071,0.503
eyes_closed.mp4,369,12.153,True,0.0581,0.0040,16.17,-0.25,-2.97,0.146,0.506
eyes_closed.mp4,370,12.186,True,0.0630,0.0040,16.36,-0.12,-2.80,0.201,0.516
eyes_closed.mp4,371,12.219,True,0.0430,0.0063,16.16,0.08,-2.84,0.004,0.516
eyes_closed.mp4,372,12.251,True,0.0355,0.0034,16.22,-0.06,-2.93,0.000,0.508
eyes_closed.mp4,373,12.284,True,0.0617,0.0031,16.32,0.14,-3.26,0.061,0.502
eyes_closed.mp4,374,12.317,True,0.0538,0.0031,16.38,-0.13,-2.68,0.114,0.524
eyes_closed.mp4,375,12.350,True,0.0495,0.0031,16.43,0.01,-2.55,0.041,0.520
eyes_closed.mp4,376,12.383,True,0.0645,0.0040,16.16,0.12,-3.07,0.180,0.519
eyes_closed.mp4,377,12.416,True,0.0633,0.0033,16.18,0.22,-2.87,0.163,0.515
eyes_closed.mp4,378,12.449,True,0.0563,0.0044,16.28,0.06,-2.82,0.110,0.525
eyes_closed.mp4,379,12.482,True,0.0724,0.0028,16.43,-0.08,-2.40,0.281,0.523
eyes_closed.mp4,380,12.515,True,0.0603,0.0056,16.58,0.19,-2.20,0.135,0.522
eyes_closed.mp4,381,12.548,True,0.0782,0.0055,16.73,-0.11,-2.63,0.173,0.514
eyes_closed.mp4,382,12.581,True,0.0722,0.0048,16.05,0.04,-2.73,0.224,0.518
eyes_closed.mp4,383,12.614,True,0.0632,0.0055,16.20,0.16,-2.92,0.129,0.516
eyes_closed.mp4,384,12.647,True,0.0646,0.0045,16.15,0.22,-2.93,0.101,0.512
eyes_closed.mp4,385,12.680,True,0.0747,0.0056,16.09,0.16,-2.68,0.197,0.502
eyes_closed.mp4,386,12.713,True,0.0690,0.0034,16.16,-0.14,-2.68,0.197,0.517
eyes_closed.mp4,387,12.745,True,0.0563,0.0043,16.34,0.30,-2.69,0.200,0.492
eyes_closed.mp4,388,12.778,True,0.0670,0.0035,16.16,-0.05,-2.52,0.166,0.522
eyes_closed.mp4,389,12.811,True,0.0554,0.0043,16.47,-0.32,-2.91,0.000,0.519
eyes_closed.mp4,390,12.844,True,0.0591,0.0030,16.03,0.00,-2.64,0.129,0.517
eyes_closed.mp4,391,12.877,True,0.0722,0.0036,16.36,0.16,-2.42,0.168,0.517
eyes_closed.mp4,392,12.910,True,0.0659,0.0044,16.18,0.22,-2.65,0.166,0.517
eyes_closed.mp4,393,12.943,True,0.0704,0.0036,16.50,-0.21,-2.53,0.257,0.517
eyes_closed.mp4,394,12.976,True,0.0725,0.0068,16.38,0.00,-2.81,0.168,0.532
eyes_closed.mp4,395,13.009,True,0.0616,0.0054,16.37,-0.10,-2.66,0.122,0.524
eyes_closed.mp4,396,13.042,True,0.0562,0.0066,16.23,-0.12,-2.74,0.086,0.527
eyes_closed.mp4,397,13.075,True,0.0577,0.0032,16.37,0.00,-2.69,0.174,0.518
eyes_closed.mp4,398,13.108,True,0.0597,0.0039,16.40,0.12,-2.69,0.151,0.516
eyes_closed.mp4,399,13.141,True,0.0410,0.0032,16.18,-0.04,-2.62,0.018,0.510
eyes_closed.mp4,400,13.174,True,0.0526,0.0036,16.24,0.03,-2.83,0.151,0.508
eyes_closed.mp4,401,13.207,True,0.0577,0.0036,16.40,-0.00,-2.83,0.150,0.505
eyes_closed.mp4,402,13.239,True,0.0569,0.0045,16.26,0.14,-2.82,0.123,0.519
eyes_closed.mp4,403,13.272,True,0.0496,0.0032,16.20,0.03,-2.64,0.006,0.521
eyes_closed.mp4,404,13.305,True,0.0499,0.0032,16.17,-0.02,-2.58,0.045,0.521
eyes_closed.mp4,405,13.338,True,0.0563,0.0041,16.33,-0.04,-2.50,0.104,0.523
eyes_closed.mp4,406,13.371,True,0.0658,0.0049,16.34,-0.38,-2.28,0.174,0.524
eyes_closed.mp4,407,13.404,True,0.0635,0.0037,16.23,0.04,-2.88,0.203,0.507
eyes_closed.mp4,408,13.437,True,0.0512,0.0045,16.21,0.01,-2.47,0.115,0.522
eyes_closed.mp4,409,13.470,True,0.0557,0.0027,16.51,-0.09,-2.32,0.095,0.524
eyes_closed.mp4,410,13.503,True,0.0538,0.0039,16.14,0.04,-2.81,0.044,0.512
eyes_closed.mp4,411,13.536,True,0.0487,0.0043,16.54,0.07,-2.80,0.083,0.516
eyes_closed.mp4,412,13.569,True,0.0600,0.0035,16.38,0.16,-2.50,0.108,0.514
eyes_closed.mp4,413,13.602,True,0.0612,0.0036,16.37,0.03,-2.45,0.161,0.510
eyes_closed.mp4,414,13.635,True,0.0396,0.0038,16.26,0.27,-3.03,0.000,0.507
eyes_closed.mp4,415,13.668,True,0.0543,0.0034,16.27,-0.20,-2.44,0.105,0.520
eyes_closed.mp4,416,13.701,True,0.0437,0.0033,16.10,-0.10,-2.53,0.000,0.511
eyes_closed.mp4,417,13.733,True,0.0402,0.0034,16.33,-0.20,-2.40,0.000,0.506
eyes_closed.mp4,418,13.766,True,0.0454,0.0058,16.33,-0.30,-2.88,0.000,0.510
eyes_closed.mp4,419,13.799,True,0.0705,0.0037,16.51,-0.17,-2.94,0.216,0.519
eyes_closed.mp4,420,13.832,True,0.0548,0.0035,16.26,-0.11,-2.93,0.084,0.505
eyes_closed.mp4,421,13.865,True,0.0551,0.0041,16.33,0.16,-2.72,0.026,0.516
eyes_closed.mp4,422,13.898,True,0.0670,0.0033,16.36,-0.11,-2.69,0.158,0.527
eyes_closed.mp4,423,13.931,True,0.0649,0.0026,16.32,-0.21,-2.96,0.079,0.516
eyes_closed.mp4,424,13.964,True,0.0643,0.0041,16.40,-0.30,-3.03,0.122,0.524
eyes_closed.mp4,425,13.997,True,0.0478,0.0048,16.50,-0.15,-3.01,0.000,0.509
eyes_closed.mp4,426,14.030,True,0.0600,0.0026,16.44,-0.16,-2.96,0.175,0.522
eyes_closed.mp4,427,14.063,True,0.0652,0.0029,16.44,-0.25,-2.92,0.175,0.523
eyes_closed.mp4,428,14.096,True,0.0584,0.0038,16.43,-0.00,-3.22,0.186,0.510
eyes_closed.mp4,429,14.129,True,0.0539,0.0019,16.49,-0.35,-2.63,0.067,0.510
eyes_closed.mp4,430,14.162,True,0.0631,0.0029,16.39,-0.25,-3.08,0.122,0.521
eyes_closed.mp4,431,14.195,True,0.0752,0.0023,16.78,-0.41,-2.83,0.151,0.528
eyes_closed.mp4,432,14.227,True,0.0545,0.0054,16.49,0.04,-3.04,0.061,0.505
eyes_closed.mp4,433,14.260,True,0.0646,0.0039,16.58,-0.34,-3.06,0.202,0.512
eyes_closed.mp4,434,14.293,True,0.0713,0.0033,16.39,-0.51,-2.66,0.148,0.517
eyes_closed.mp4,435,14.326,True,0.0646,0.0027,16.51,-0.44,-2.92,0.159,0.518
eyes_closed.mp4,436,14.359,True,0.0608,0.0028,16.52,-0.27,-2.81,0.153,0.512
eyes_closed.mp4,437,14.392,True,0.0517,0.0029,16.14,0.05,-2.71,0.003,0.522
eyes_closed.mp4,438,14.425,True,0.0542,0.0034,16.60,-0.11,-2.75,0.079,0.524
eyes_closed.mp4,439,14.458,True,0.0511,0.0032,16.27,-0.10,-2.99,0.109,0.515
eyes_closed.mp4,440,14.491,True,0.0503,0.0028,16.33,-0.12,-2.81,0.086,0.519
eyes_closed.mp4,441,14.524,True,0.0477,0.0045,16.38,-0.03,-2.66,0.041,0.519
eyes_closed.mp4,442,14.557,True,0.0604,0.0058,16.80,-0.27,-2.61,0.062,0.523
eyes_closed.mp4,443,14.590,True,0.0447,0.0027,16.43,-0.38,-2.62,0.000,0.529
eyes_closed.mp4,444,14.623,True,0.0556,0.0058,16.56,-0.23,-3.03,0.146,0.511
eyes_closed.mp4,445,14.656,True,0.0585,0.0063,16.63,-0.29,-2.67,0.036,0.512
eyes_closed.mp4,446,14.689,True,0.0649,0.0034,16.28,-0.32,-2.83,0.183,0.518
eyes_closed.mp4,447,14.721,True,0.0589,0.0071,16.54,-0.61,-2.73,0.100,0.517
eyes_closed.mp4,448,14.754,True,0.0386,0.0059,16.32,-0.35,-2.98,0.000,0.513
eyes_closed.mp4,449,14.787,True,0.0560,0.0046,16.42,-0.18,-3.09,0.036,0.517
eyes_closed.mp4,450,14.820,True,0.0418,0.0029,16.48,-0.58,-3.08,0.000,0.520
eyes_closed.mp4,451,14.853,True,0.0583,0.0040,16.26,-0.53,-3.10,0.060,0.509
eyes_closed.mp4,452,14.886,True,0.0588,0.0018,16.51,-0.77,-2.43,0.114,0.515
eyes_closed.mp4,453,14.919,True,0.0460,0.0042,16.44,-0.29,-3.16,0.000,0.508
eyes_closed.mp4,454,14.952,True,0.0581,0.0036,16.41,-0.42,-3.01,0.041,0.515
eyes_closed.mp4,455,14.985,True,0.0619,0.0060,16.43,-0.47,-2.64,0.153,0.522
eyes_closed.mp4,456,15.018,True,0.0658,0.0026,16.72,-0.76,-2.33,0.203,0.523
eyes_closed.mp4,457,15.051,True,0.0448,0.0038,16.57,-0.62,-2.74,0.000,0.521
eyes_closed.mp4,458,15.084,True,0.0612,0.0049,16.42,-0.21,-3.09,0.158,0.504
eyes_closed.mp4,459,15.117,True,0.0587,0.0036,16.52,-0.65,-3.21,0.116,0.516
eyes_closed.mp4,460,15.150,True,0.0563,0.0041,16.71,-0.31,-3.07,0.157,0.510
eyes_closed.mp4,461,15.183,True,0.0514,0.0045,16.58,-0.37,-3.43,0.023,0.503
eyes_closed.mp4,462,15.216,True,0.0610,0.0030,16.90,-0.66,-2.72,0.148,0.510
eyes_closed.mp4,463,15.248,True,0.0594,0.0038,16.53,-0.43,-2.88,0.104,0.515
eyes_closed.mp4,464,15.281,True,0.0546,0.0034,16.32,-0.31,-2.79,0.141,0.511
eyes_closed.mp4,465,15.314,True,0.0547,0.0060,16.15,-0.71,-3.23,0.049,0.509
eyes_closed.mp4,466,15.347,True,0.0504,0.0036,16.26,-0.36,-3.32,0.061,0.498
eyes_closed.mp4,467,15.380,True,0.0517,0.0037,16.39,-0.64,-3.10,0.071,0.506
eyes_closed.mp4,468,15.413,True,0.0447,0.0041,16.20,-0.75,-3.09,0.021,0.509
eyes_closed.mp4,469,15.446,True,0.0419,0.0043,16.48,-0.30,-2.71,0.000,0.498
eyes_closed.mp4,470,15.479,True,0.0488,0.0044,16.28,-0.72,-3.17,0.000,0.512
eyes_closed.mp4,471,15.512,True,0.0580,0.0035,16.61,-0.59,-2.94,0.127,0.517
eyes_closed.mp4,472,15.545,True,0.0514,0.0050,16.48,-0.66,-2.97,0.102,0.522
eyes_closed.mp4,473,15.578,True,0.0586,0.0043,16.89,-0.70,-3.24,0.174,0.513
eyes_closed.mp4,474,15.611,True,0.0643,0.0043,16.68,-0.54,-2.53,0.143,0.513
eyes_closed.mp4,475,15.644,True,0.0542,0.0039,16.29,-0.53,-3.15,0.044,0.503
eyes_closed.mp4,476,15.677,True,0.0632,0.0049,16.57,-0.91,-2.79,0.112,0.518
eyes_closed.mp4,477,15.710,True,0.0376,0.0039,16.72,-0.91,-2.82,0.000,0.520
eyes_closed.mp4,478,15.742,True,0.0545,0.0037,16.28,-0.30,-3.07,0.102,0.502
eyes_closed.mp4,479,15.775,True,0.0457,0.0031,16.39,-0.70,-2.99,0.000,0.508
eyes_closed.mp4,480,15.808,True,0.0698,0.0032,16.54,-0.82,-3.17,0.175,0.508
eyes_closed.mp4,481,15.841,True,0.0454,0.0033,16.40,-0.66,-2.92,0.000,0.505
eyes_closed.mp4,482,15.874,True,0.0442,0.0036,16.41,-0.81,-3.11,0.000,0.516
eyes_closed.mp4,483,15.907,True,0.0491,0.0035,16.63,-0.43,-3.06,0.041,0.498
eyes_closed.mp4,484,15.940,True,0.0422,0.0052,16.31,-0.26,-3.15,0.000,0.499
eyes_closed.mp4,485,15.973,True,0.0434,0.0033,16.51,-0.38,-2.76,0.023,0.503
eyes_closed.mp4,486,16.006,True,0.0551,0.0035,16.75,-0.47,-3.27,0.108,0.502
eyes_closed.mp4,487,16.039,True,0.0509,0.0042,16.64,-0.57,-3.09,0.125,0.508
eyes_closed.mp4,488,16.072,True,0.0635,0.0041,16.63,-0.79,-2.90,0.054,0.523
eyes_closed.mp4,489,16.105,True,0.0522,0.0029,16.59,-0.30,-3.41,0.000,0.509
eyes_closed.mp4,490,16.138,True,0.0355,0.0064,16.29,-0.50,-3.23,0.000,0.509
eyes_closed.mp4,491,16.171,True,0.0530,0.0038,16.63,-0.53,-2.94,0.067,0.510
eyes_closed.mp4,492,16.204,True,0.0463,0.0049,16.39,-0.79,-3.14,0.000,0.509
eyes_closed.mp4,493,16.236,True,0.0564,0.0037,16.42,-0.54,-3.33,0.132,0.509
eyes_closed.mp4,494,16.269,True,0.0683,0.0025,16.62,-0.67,-3.11,0.083,0.518
eyes_closed.mp4,495,16.302,True,0.0666,0.0031,16.61,-0.65,-3.02,0.106,0.512
eyes_closed.mp4,496,16.335,True,0.0626,0.0027,16.64,-0.82,-3.09,0.112,0.522
eyes_closed.mp4,497,16.368,True,0.0497,0.0065,16.60,-0.67,-3.53,0.000,0.515
yawn.mp4,0,0.000,True,0.2711,0.5472,15.55,0.80,-1.81,0.386,0.512
yawn.mp4,1,0.036,True,0.2635,0.5120,15.69,0.72,-1.93,0.363,0.505
yawn.mp4,2,0.072,True,0.2703,0.5272,15.43,0.82,-2.13,0.368,0.499
yawn.mp4,3,0.108,True,0.2748,0.5401,15.32,0.69,-2.02,0.376,0.506
yawn.mp4,4,0.143,True,0.2750,0.5306,14.93,0.82,-1.79,0.379,0.507
yawn.mp4,5,0.179,True,0.2762,0.5379,15.51,0.68,-1.80,0.375,0.509
yawn.mp4,6,0.215,True,0.2720,0.5385,15.41,0.84,-2.11,0.372,0.503
yawn.mp4,7,0.251,True,0.2743,0.5505,15.32,0.73,-2.16,0.377,0.511
yawn.mp4,8,0.287,True,0.2772,0.5427,15.17,0.65,-2.03,0.394,0.508
yawn.mp4,9,0.323,True,0.2657,0.5240,15.27,0.62,-1.75,0.369,0.501
yawn.mp4,10,0.359,True,0.2800,0.5351,15.40,0.55,-2.19,0.384,0.513
yawn.mp4,11,0.394,True,0.2876,0.5538,15.23,0.85,-2.15,0.388,0.504
yawn.mp4,12,0.430,True,0.2773,0.5215,15.38,0.81,-1.92,0.376,0.506
yawn.mp4,13,0.466,True,0.2797,0.5541,15.53,0.63,-1.98,0.382,0.508
yawn.mp4,14,0.502,True,0.2812,0.5567,15.48,0.57,-2.04,0.379,0.509
yawn.mp4,15,0.538,True,0.2757,0.5265,15.39,0.70,-2.05,0.365,0.512
yawn.mp4,16,0.574,True,0.2648,0.5303,15.34,1.00,-2.32,0.359,0.499
yawn.mp4,17,0.610,True,0.2679,0.5275,15.55,0.95,-2.06,0.383,0.505
yawn.mp4,18,0.646,True,0.2800,0.5194,15.49,0.63,-2.20,0.377,0.503
yawn.mp4,19,0.681,True,0.2783,0.5449,15.40,0.48,-2.09,0.375,0.507
yawn.mp4,20,0.717,True,0.2765,0.5386,15.27,0.64,-1.88,0.372,0.503
yawn.mp4,21,0.753,True,0.2710,0.5402,15.27,0.82,-1.90,0.370,0.509
yawn.mp4,22,0.789,True,0.2749,0.5241,15.46,0.71,-1.84,0.361,0.504
yawn.mp4,23,0.825,True,0.2774,0.5295,15.47,0.65,-2.02,0.372,0.506
yawn.mp4,24,0.861,True,0.2787,0.5353,15.54,0.64,-2.28,0.379,0.505
yawn.mp4,25,0.897,True,0.2849,0.5373,15.63,0.72,-1.87,0.393,0.504
yawn.mp4,26,0.932,True,0.2759,0.5368,15.64,0.74,-2.07,0.380,0.503
yawn.mp4,27,0.968,True,0.2800,0.5305,15.43,0.48,-2.17,0.386,0.511
yawn.mp4,28,1.004,True,0.2709,0.5224,15.27,0.73,-2.40,0.378,0.503
yawn.mp4,29,1.040,True,0.2741,0.5192,15.30,0.96,-2.15,0.401,0.499
yawn.mp4,30,1.076,True,0.2829,0.5233,15.16,0.73,-2.06,0.438,0.497
yawn.mp4,31,1.112,True,0.2705,0.5499,15.28,0.79,-2.06,0.405,0.495
yawn.mp4,32,1.148,True,0.2711,0.5241,15.18,0.92,-2.09,0.390,0.499
yawn.mp4,33,1.183,True,0.2663,0.5291,15.37,0.75,-2.11,0.397,0.505
yawn.mp4,34,1.219,True,0.2498,0.5513,15.29,0.72,-2.49,0.385,0.496
yawn.mp4,35,1.255,True,0.2599,0.5343,15.37,0.86,-2.03,0.406,0.495
yawn.mp4,36,1.291,True,0.0743,0.5362,13.98,0.48,-2.64,0.139,0.538
yawn.mp4,37,1.327,True,0.2186,0.5367,14.96,0.68,-2.47,0.405,0.506
yawn.mp4,38,1.363,True,0.2706,0.5290,15.61,0.83,-1.95,0.374,0.505
yawn.mp4,39,1.399,True,0.2791,0.5217,15.47,0.65,-2.33,0.386,0.502
yawn.mp4,40,1.434,True,0.2773,0.5410,15.48,0.57,-2.27,0.380,0.505
yawn.mp4,41,1.470,True,0.2723,0.5184,15.50,0.71,-1.78,0.375,0.506
yawn.mp4,42,1.506,True,0.2740,0.5324,15.48,0.75,-2.46,0.379,0.501
yawn.mp4,43,1.542,True,0.2685,0.5038,15.71,0.87,-2.32,0.382,0.504
yawn.mp4,44,1.578,True,0.2726,0.5223,15.59,0.90,-2.39,0.357,0.501
yawn.mp4,45,1.614,True,0.2779,0.5269,15.58,0.78,-1.87,0.372,0.499
yawn.mp4,46,1.650,True,0.2839,0.4985,15.77,0.69,-2.06,0.394,0.503
yawn.mp4,47,1.686,True,0.2797,0.5226,15.83,0.97,-2.07,0.368,0.513
yawn.mp4,48,1.721,True,0.2747,0.5143,15.81,0.87,-2.08,0.394,0.507
yawn.mp4,49,1.757,True,0.2825,0.5137,15.74,0.82,-1.98,0.385,0.516
yawn.mp4,50,1.793,True,0.2693,0.5233,15.66,0.75,-2.15,0.376,0.508
yawn.mp4,51,1.829,True,0.2792,0.5322,15.74,0.83,-1.84,0.399,0.511
yawn.mp4,52,1.865,True,0.2903,0.5248,15.82,0.56,-1.99,0.383,0.514
yawn.mp4,53,1.901,True,0.2979,0.5314,16.06,0.65,-2.08,0.408,0.512
yawn.mp4,54,1.937,True,0.2835,0.5050,16.19,0.65,-2.06,0.388,0.511
yawn.mp4,55,1.972,True,0.2784,0.5111,15.77,0.42,-2.33,0.383,0.502
yawn.mp4,56,2.008,True,0.2961,0.5441,16.18,0.90,-2.01,0.397,0.509
yawn.mp4,57,2.044,True,0.2917,0.5175,15.93,0.65,-1.92,0.392,0.506
yawn.mp4,58,2.080,True,0.2907,0.5207,16.08,0.69,-2.13,0.369,0.503
yawn.mp4,59,2.116,True,0.2899,0.5333,15.78,0.80,-2.12,0.397,0.511
yawn.mp4,60,2.152,True,0.2811,0.5199,15.93,0.57,-2.13,0.379,0.518
yawn.mp4,61,2.188,True,0.2913,0.5498,15.76,0.42,-1.96,0.389,0.514
yawn.mp4,62,2.223,True,0.2894,0.5329,16.01,0.55,-2.61,0.390,0.507
yawn.mp4,63,2.259,True,0.3004,0.5026,16.26,0.42,-2.28,0.412,0.513
yawn.mp4,64,2.295,True,0.2912,0.5517,15.93,0.70,-1.76,0.395,0.507
yawn.mp4,65,2.331,True,0.2911,0.5247,16.21,0.37,-2.36,0.390,0.511
yawn.mp4,66,2.367,True,0.2909,0.5339,15.93,0.74,-2.39,0.388,0.499
yawn.mp4,67,2.403,True,0.2984,0.5321,16.32,0.70,-2.24,0.399,0.508
yawn.mp4,68,2.439,True,0.2802,0.5139,15.92,0.45,-2.39,0.362,0.509
yawn.mp4,69,2.474,True,0.2803,0.5044,16.15,0.63,-2.29,0.379,0.515
yawn.mp4,70,2.510,True,0.2945,0.5304,16.35,0.51,-2.25,0.411,0.502
yawn.mp4,71,2.546,True,0.2985,0.5180,16.24,0.57,-2.35,0.409,0.506
yawn.mp4,72,2.582,True,0.2828,0.5273,16.03,0.57,-1.90,0.396,0.509
yawn.mp4,73,2.618,True,0.2856,0.5200,16.17,0.80,-2.56,0.393,0.506
yawn.mp4,74,2.654,True,0.2884,0.5339,16.14,0.70,-2.41,0.393,0.505
yawn.mp4,75,2.690,True,0.2820,0.5404,16.07,0.58,-2.43,0.385,0.507
yawn.mp4,76,2.726,True,0.2913,0.5218,16.22,0.61,-2.07,0.378,0.512
yawn.mp4,77,2.761,True,0.2916,0.5142,16.34,0.61,-2.22,0.386,0.517
yawn.mp4,78,2.797,True,0.2925,0.5198,16.26,0.58,-2.00,0.391,0.509
yawn.mp4,79,2.833,True,0.2929,0.5331,16.06,0.64,-2.02,0.394,0.513
yawn.mp4,80,2.869,True,0.2884,0.5246,16.15,0.65,-2.23,0.387,0.503
yawn.mp4,81,2.905,True,0.2912,0.5411,16.19,0.72,-2.22,0.376,0.511
yawn.mp4,82,2.941,True,0.2948,0.5267,16.14,0.61,-2.16,0.393,0.511
yawn.mp4,83,2.977,True,0.2927,0.5203,15.87,0.73,-2.57,0.396,0.506
yawn.mp4,84,3.012,True,0.2908,0.5241,16.25,0.69,-2.46,0.412,0.507
yawn.mp4,85,3.048,True,0.2979,0.5199,16.17,0.65,-2.29,0.386,0.503
yawn.mp4,86,3.084,True,0.2778,0.5288,16.09,0.82,-2.33,0.414,0.497
yawn.mp4,87,3.120,True,0.2732,0.5433,15.91,0.82,-2.43,0.407,0.498
yawn.mp4,88,3.156,True,0.2925,0.5373,16.00,0.68,-2.42,0.439,0.492
yawn.mp4,89,3.192,True,0.2693,0.5298,15.87,0.74,-2.45,0.423,0.497
yawn.mp4,90,3.228,True,0.2744,0.5369,15.88,0.64,-2.27,0.414,0.500
yawn.mp4,91,3.263,True,0.2768,0.5501,16.24,0.80,-2.90,0.431,0.504
yawn.mp4,92,3.299,True,0.2820,0.5259,16.03,0.91,-2.07,0.443,0.499
yawn.mp4,93,3.335,True,0.2786,0.5329,15.72,0.76,-3.06,0.410,0.500
yawn.mp4,94,3.371,True,0.2713,0.5293,15.79,0.48,-2.41,0.395,0.503
yawn.mp4,95,3.407,True,0.2845,0.5466,15.91,0.66,-2.45,0.426,0.500
yawn.mp4,96,3.443,True,0.2733,0.5418,15.79,0.95,-2.70,0.419,0.498
yawn.mp4,97,3.479,True,0.2769,0.5345,15.77,0.86,-2.57,0.403,0.499
yawn.mp4,98,3.514,True,0.2699,0.5451,16.05,0.96,-2.69,0.404,0.490
yawn.mp4,99,3.550,True,0.2771,0.5222,16.13,0.96,-2.49,0.423,0.499
yawn.mp4,100,3.586,True,0.2894,0.5293,15.89,1.00,-2.22,0.429,0.500
yawn.mp4,101,3.622,True,0.2794,0.5288,16.10,0.96,-2.50,0.415,0.506
yawn.mp4,102,3.658,True,0.2709,0.5341,15.97,0.76,-2.84,0.402,0.499
yawn.mp4,103,3.694,True,0.2821,0.5393,15.97,0.97,-2.46,0.453,0.495
yawn.mp4,104,3.730,True,0.2776,0.4992,16.00,0.75,-2.19,0.414,0.496
yawn.mp4,105,3.766,True,0.2752,0.5213,15.97,0.92,-2.69,0.404,0.494
yawn.mp4,106,3.801,True,0.2873,0.5325,15.93,0.64,-2.27,0.422,0.499
yawn.mp4,107,3.837,True,0.2741,0.5192,15.71,1.01,-2.58,0.383,0.509
yawn.mp4,108,3.873,True,0.2870,0.5361,15.76,0.75,-2.46,0.451,0.498
yawn.mp4,109,3.909,True,0.2773,0.5254,15.90,0.97,-2.49,0.420,0.500
yawn.mp4,110,3.945,True,0.2794,0.5265,15.97,0.76,-2.37,0.412,0.501
yawn.mp4,111,3.981,True,0.2793,0.5282,15.76,0.56,-2.27,0.425,0.503
yawn.mp4,112,4.017,True,0.2810,0.5140,15.83,0.49,-2.14,0.423,0.502
yawn.mp4,113,4.052,True,0.2796,0.5333,15.77,0.67,-2.58,0.421,0.496
yawn.mp4,114,4.088,True,0.2808,0.5260,15.85,0.67,-2.30,0.431,0.506
yawn.mp4,115,4.124,True,0.2866,0.5359,15.74,0.86,-2.38,0.402,0.491
yawn.mp4,116,4.160,True,0.2694,0.5231,15.75,0.85,-2.53,0.396,0.495
yawn.mp4,117,4.196,True,0.2828,0.5121,15.81,0.93,-2.41,0.412,0.499
yawn.mp4,118,4.232,True,0.2849,0.5030,16.03,0.64,-2.19,0.427,0.503
yawn.mp4,119,4.268,True,0.2805,0.5187,16.20,0.88,-2.10,0.422,0.500
yawn.mp4,120,4.303,True,0.2871,0.5498,16.04,1.05,-2.62,0.420,0.496
yawn.mp4,121,4.339,True,0.2841,0.5462,15.76,0.72,-2.47,0.423,0.496
yawn.mp4,122,4.375,True,0.2838,0.5227,15.84,0.70,-2.46,0.416,0.497
yawn.mp4,123,4.411,True,0.2826,0.5458,15.80,0.89,-2.47,0.409,0.499
yawn.mp4,124,4.447,True,0.2849,0.5192,15.62,0.79,-2.48,0.443,0.503
yawn.mp4,125,4.483,True,0.2791,0.5364,15.68,0.89,-2.55,0.412,0.500
yawn.mp4,126,4.519,True,0.2842,0.5235,15.76,0.77,-2.53,0.423,0.504
yawn.mp4,127,4.554,True,0.2776,0.4972,16.24,0.92,-2.50,0.423,0.502
yawn.mp4,128,4.590,True,0.2812,0.5185,15.66,0.57,-2.54,0.445,0.506
yawn.mp4,129,4.626,True,0.2816,0.5260,15.44,0.95,-2.12,0.413,0.499
yawn.mp4,130,4.662,True,0.2774,0.5277,15.84,0.87,-2.45,0.423,0.491
yawn.mp4,131,4.698,True,0.2752,0.5210,15.59,1.04,-2.35,0.411,0.497
yawn.mp4,132,4.734,True,0.2809,0.5179,15.79,1.00,-2.20,0.415,0.500
yawn.mp4,133,4.770,True,0.2650,0.5356,15.77,1.03,-2.94,0.404,0.497
yawn.mp4,134,4.806,True,0.2776,0.5114,15.67,0.84,-2.52,0.399,0.502
yawn.mp4,135,4.841,True,0.2861,0.5292,15.89,0.77,-2.29,0.423,0.504
yawn.mp4,136,4.877,True,0.2860,0.5194,15.76,0.94,-2.43,0.410,0.496
yawn.mp4,137,4.913,True,0.2796,0.5288,15.67,0.70,-2.80,0.429,0.501
yawn.mp4,138,4.949,True,0.2772,0.5315,15.71,0.60,-2.69,0.420,0.493
yawn.mp4,139,4.985,True,0.2902,0.5280,15.60,0.90,-2.37,0.439,0.494
yawn.mp4,140,5.021,True,0.2932,0.5311,15.90,0.62,-2.25,0.452,0.506
yawn.mp4,141,5.057,True,0.2763,0.5161,15.94,0.77,-2.62,0.416,0.502
yawn.mp4,142,5.092,True,0.2761,0.5252,15.83,0.79,-2.20,0.418,0.496
yawn.mp4,143,5.128,True,0.2783,0.5381,15.48,0.92,-2.36,0.423,0.496
yawn.mp4,144,5.164,True,0.2753,0.5151,15.69,0.84,-2.91,0.394,0.494
yawn.mp4,145,5.200,True,0.2811,0.5223,15.66,0.96,-2.47,0.423,0.497
yawn.mp4,146,5.236,True,0.2726,0.5224,15.63,0.74,-2.67,0.421,0.494
yawn.mp4,147,5.272,True,0.2764,0.5416,15.49,1.01,-2.39,0.411,0.490
yawn.mp4,148,5.308,True,0.2829,0.5202,15.74,0.80,-2.21,0.432,0.497
yawn.mp4,149,5.343,True,0.2821,0.4933,15.80,0.57,-2.30,0.428,0.498
yawn.mp4,150,5.379,True,0.2761,0.5000,15.66,0.69,-2.65,0.403,0.501
yawn.mp4,151,5.415,True,0.2706,0.5114,15.64,0.80,-2.26,0.413,0.506
yawn.mp4,152,5.451,True,0.2767,0.5180,15.43,0.74,-2.30,0.407,0.498
yawn.mp4,153,5.487,True,0.2812,0.5271,15.51,0.81,-2.35,0.413,0.498
yawn.mp4,154,5.523,True,0.2717,0.5291,15.39,0.84,-2.36,0.410,0.493
yawn.mp4,155,5.559,True,0.2851,0.5213,15.72,0.86,-2.10,0.399,0.498
yawn.mp4,156,5.594,True,0.2798,0.5444,15.71,0.79,-2.44,0.425,0.496
yawn.mp4,157,5.630,True,0.2855,0.5366,15.39,0.92,-2.47,0.427,0.497
yawn.mp4,158,5.666,True,0.2639,0.5435,15.24,0.93,-2.27,0.417,0.494
yawn.mp4,159,5.702,True,0.2689,0.5389,15.55,0.96,-2.72,0.386,0.500
yawn.mp4,160,5.738,True,0.2720,0.5372,15.52,0.90,-2.38,0.384,0.507
yawn.mp4,161,5.774,True,0.2816,0.5784,15.86,1.14,-2.67,0.408,0.492
yawn.mp4,162,5.810,True,0.2797,0.5284,15.84,1.13,-2.22,0.404,0.499
yawn.mp4,163,5.845,True,0.2856,0.5434,15.62,0.84,-2.25,0.412,0.494
yawn.mp4,164,5.881,True,0.2929,0.5672,16.02,0.81,-2.29,0.442,0.495
yawn.mp4,165,5.917,True,0.2847,0.5723,15.77,0.72,-2.36,0.423,0.494
yawn.mp4,166,5.953,True,0.2822,0.5654,15.64,1.05,-2.37,0.405,0.492
yawn.mp4,167,5.989,True,0.2891,0.5746,15.92,0.98,-2.33,0.433,0.493
yawn.mp4,168,6.025,True,0.2838,0.5673,16.06,0.78,-2.62,0.431,0.497
yawn.mp4,169,6.061,True,0.2855,0.5721,15.79,0.74,-2.56,0.422,0.498
yawn.mp4,170,6.097,True,0.2796,0.5963,15.84,0.75,-2.23,0.395,0.509
yawn.mp4,171,6.132,True,0.2738,0.5771,16.05,0.73,-2.72,0.373,0.505
yawn.mp4,172,6.168,True,0.2767,0.5755,15.85,0.65,-2.70,0.383,0.506
yawn.mp4,173,6.204,True,0.2831,0.5749,15.78,0.66,-2.61,0.390,0.499
yawn.mp4,174,6.240,True,0.2878,0.5734,16.03,0.53,-2.43,0.412,0.514
yawn.mp4,175,6.276,True,0.2862,0.5712,16.06,0.63,-2.67,0.386,0.509
yawn.mp4,176,6.312,True,0.2754,0.5610,16.01,0.51,-2.65,0.377,0.504
yawn.mp4,177,6.348,True,0.2848,0.5554,15.91,0.45,-2.71,0.394,0.508
yawn.mp4,178,6.383,True,0.2802,0.5648,16.15,0.60,-2.74,0.374,0.504
yawn.mp4,179,6.419,True,0.2835,0.5584,15.70,0.64,-2.48,0.377,0.499
yawn.mp4,180,6.455,True,0.2701,0.5378,15.69,0.59,-2.58,0.387,0.503
yawn.mp4,181,6.491,True,0.2752,0.5733,15.72,0.57,-2.36,0.400,0.511
yawn.mp4,182,6.527,True,0.2854,0.5780,15.62,0.87,-2.54,0.386,0.503
yawn.mp4,183,6.563,True,0.2786,0.5684,15.73,0.66,-2.84,0.378,0.508
yawn.mp4,184,6.599,True,0.2800,0.5844,16.07,0.68,-2.89,0.375,0.506
yawn.mp4,185,6.634,True,0.2800,0.5614,15.72,0.69,-3.05,0.395,0.507
yawn.mp4,186,6.670,True,0.2865,0.5706,15.83,0.70,-2.74,0.389,0.510
yawn.mp4,187,6.706,True,0.2915,0.5673,15.60,0.57,-2.65,0.387,0.504
yawn.mp4,188,6.742,True,0.2846,0.5822,15.56,0.60,-2.64,0.390,0.504
yawn.mp4,189,6.778,True,0.2788,0.5700,15.61,0.73,-2.80,0.394,0.512
yawn.mp4,190,6.814,True,0.2804,0.5741,15.75,0.55,-2.52,0.400,0.512
yawn.mp4,191,6.850,True,0.2745,0.6003,15.45,0.83,-2.92,0.377,0.507
yawn.mp4,192,6.885,True,0.2794,0.5886,15.69,0.61,-2.71,0.396,0.500
yawn.mp4,193,6.921,True,0.2865,0.5830,15.99,0.53,-2.54,0.397,0.507
yawn.mp4,194,6.957,True,0.2785,0.5799,15.88,0.39,-2.55,0.394,0.513
yawn.mp4,195,6.993,True,0.2779,0.5927,15.70,0.80,-2.55,0.385,0.500
yawn.mp4,196,7.029,True,0.2822,0.5793,15.78,0.76,-2.49,0.403,0.507
yawn.mp4,197,7.065,True,0.2881,0.5900,15.78,0.57,-2.71,0.407,0.511
yawn.mp4,198,7.101,True,0.2797,0.6193,15.71,0.66,-2.56,0.396,0.505
yawn.mp4,199,7.137,True,0.2819,0.5920,15.81,0.68,-2.59,0.369,0.500
yawn.mp4,200,7.172,True,0.2810,0.5965,15.70,0.57,-2.80,0.390,0.506
yawn.mp4,201,7.208,True,0.2748,0.5923,15.63,0.68,-2.86,0.366,0.501
yawn.mp4,202,7.244,True,0.2846,0.5982,15.80,0.47,-2.58,0.407,0.511
yawn.mp4,203,7.280,True,0.2824,0.5872,16.13,0.41,-2.46,0.398,0.504
yawn.mp4,204,7.316,True,0.2775,0.5845,15.55,0.67,-2.98,0.378,0.500
yawn.mp4,205,7.352,True,0.2732,0.5815,15.46,0.76,-3.12,0.375,0.503
yawn.mp4,206,7.388,True,0.2810,0.5847,15.52,0.86,-2.71,0.352,0.504
yawn.mp4,207,7.423,True,0.2889,0.5710,15.87,0.68,-2.63,0.394,0.505
yawn.mp4,208,7.459,True,0.2820,0.5688,15.76,0.64,-2.57,0.398,0.512
yawn.mp4,209,7.495,True,0.2803,0.5663,15.89,0.65,-2.56,0.388,0.508
yawn.mp4,210,7.531,True,0.2861,0.5757,15.75,0.66,-2.53,0.394,0.507
yawn.mp4,211,7.567,True,0.2847,0.5929,15.57,0.87,-2.45,0.405,0.508
yawn.mp4,212,7.603,True,0.2841,0.5762,15.75,0.63,-2.65,0.390,0.508
yawn.mp4,213,7.639,True,0.2826,0.5593,15.56,0.79,-2.92,0.384,0.504
yawn.mp4,214,7.674,True,0.2856,0.5720,15.44,0.59,-2.85,0.383,0.500
yawn.mp4,215,7.710,True,0.2964,0.5500,15.81,0.67,-2.45,0.414,0.514
yawn.mp4,216,7.746,True,0.2879,0.5645,15.64,0.60,-2.37,0.387,0.510
yawn.mp4,217,7.782,True,0.2806,0.5435,15.45,0.68,-2.65,0.407,0.506
yawn.mp4,218,7.818,True,0.2708,0.5605,15.51,0.59,-2.33,0.428,0.497
yawn.mp4,219,7.854,True,0.2686,0.5473,15.50,0.79,-2.40,0.413,0.504
yawn.mp4,220,7.890,True,0.2776,0.5689,15.40,0.93,-2.56,0.428,0.494
yawn.mp4,221,7.925,True,0.2829,0.5730,15.39,0.80,-2.74,0.419,0.500
yawn.mp4,222,7.961,True,0.2771,0.5607,15.47,0.75,-2.70,0.416,0.498
yawn.mp4,223,7.997,True,0.2711,0.5607,15.87,0.61,-2.63,0.416,0.503
yawn.mp4,224,8.033,True,0.2814,0.5736,15.50,0.91,-2.49,0.403,0.500
yawn.mp4,225,8.069,True,0.2749,0.5606,15.48,1.04,-2.49,0.420,0.498
yawn.mp4,226,8.105,True,0.2725,0.5502,15.67,0.88,-2.66,0.396,0.500
yawn.mp4,227,8.141,True,0.2748,0.5626,15.33,0.69,-2.51,0.421,0.492
yawn.mp4,228,8.177,True,0.2694,0.5551,15.37,0.78,-2.44,0.409,0.502
yawn.mp4,229,8.212,True,0.2676,0.5482,15.54,0.77,-2.87,0.398,0.496
yawn.mp4,230,8.248,True,0.2730,0.5603,15.48,0.76,-2.56,0.407,0.502
yawn.mp4,231,8.284,True,0.2711,0.5465,15.53,0.61,-2.38,0.408,0.501
yawn.mp4,232,8.320,True,0.2684,0.5378,15.47,0.79,-2.46,0.402,0.500
yawn.mp4,233,8.356,True,0.2731,0.5535,15.62,1.03,-2.60,0.427,0.492
yawn.mp4,234,8.392,True,0.2708,0.5153,15.50,0.70,-2.22,0.422,0.500
yawn.mp4,235,8.428,True,0.2701,0.5324,15.54,0.70,-2.38,0.424,0.494
yawn.mp4,236,8.463,True,0.2705,0.5472,15.69,0.79,-2.65,0.412,0.496
yawn.mp4,237,8.499,True,0.2773,0.5320,15.69,0.96,-2.77,0.371,0.502
yawn.mp4,238,8.535,True,0.2751,0.5242,15.83,0.85,-2.88,0.411,0.488
yawn.mp4,239,8.571,True,0.2611,0.4879,15.72,0.73,-2.67,0.404,0.496
yawn.mp4,240,8.607,True,0.2655,0.4789,15.90,0.73,-3.08,0.403,0.489
yawn.mp4,241,8.643,True,0.2667,0.4455,15.85,0.63,-3.00,0.403,0.491
yawn.mp4,242,8.679,True,0.2696,0.3862,15.90,0.86,-2.85,0.400,0.496
yawn.mp4,243,8.714,True,0.2754,0.3622,16.14,0.82,-2.70,0.405,0.493
yawn.mp4,244,8.750,True,0.2793,0.2942,16.50,0.92,-2.54,0.391,0.494
yawn.mp4,245,8.786,True,0.2797,0.3087,16.84,0.75,-2.53,0.388,0.496
yawn.mp4,246,8.822,True,0.2833,0.2899,16.88,0.85,-2.78,0.385,0.498
yawn.mp4,247,8.858,True,0.2717,0.3017,16.74,0.89,-2.45,0.367,0.495
yawn.mp4,248,8.894,True,0.2802,0.3102,16.89,0.78,-2.34,0.374,0.496
yawn.mp4,249,8.930,True,0.2864,0.2977,16.74,1.01,-2.46,0.389,0.497
yawn.mp4,250,8.965,True,0.2772,0.2867,16.93,0.80,-2.29,0.371,0.500
yawn.mp4,251,9.001,True,0.2753,0.2988,16.86,0.80,-2.29,0.371,0.499
yawn.mp4,252,9.037,True,0.2814,0.2926,16.76,0.73,-2.90,0.391,0.501
yawn.mp4,253,9.073,True,0.2814,0.2849,16.99,0.75,-2.30,0.375,0.495
yawn.mp4,254,9.109,True,0.2723,0.2900,16.87,0.74,-2.53,0.373,0.499
yawn.mp4,255,9.145,True,0.2910,0.2869,16.99,1.03,-2.70,0.405,0.503
yawn.mp4,256,9.181,True,0.2799,0.2951,16.98,0.81,-2.62,0.375,0.499
yawn.mp4,257,9.217,True,0.2735,0.3022,16.80,0.91,-2.68,0.379,0.493
yawn.mp4,258,9.252,True,0.2785,0.3104,16.94,0.94,-2.79,0.368,0.499
yawn.mp4,259,9.288,True,0.2764,0.3205,16.60,0.97,-2.35,0.373,0.498
yawn.mp4,260,9.324,True,0.2772,0.3371,16.55,0.85,-2.72,0.364,0.497
yawn.mp4,261,9.360,True,0.2783,0.3701,16.33,0.84,-2.66,0.368,0.504
yawn.mp4,262,9.396,True,0.2795,0.3746,16.48,0.93,-2.88,0.374,0.499
yawn.mp4,263,9.432,True,0.2854,0.4059,16.21,0.61,-2.65,0.395,0.500
yawn.mp4,264,9.468,True,0.2818,0.3956,16.47,0.94,-2.50,0.392,0.494
yawn.mp4,265,9.503,True,0.2863,0.3926,16.45,0.75,-2.91,0.383,0.498
yawn.mp4,266,9.539,True,0.2808,0.4007,16.21,0.79,-2.89,0.373,0.503
yawn.mp4,267,9.575,True,0.2812,0.4228,16.18,0.69,-2.87,0.384,0.501
yawn.mp4,268,9.611,True,0.2821,0.3864,16.47,0.75,-2.74,0.371,0.499
yawn.mp4,269,9.647,True,0.2793,0.4077,16.48,0.63,-2.85,0.395,0.503
yawn.mp4,270,9.683,True,0.2845,0.3980,16.48,0.42,-2.45,0.398,0.518
yawn.mp4,271,9.719,True,0.2814,0.4044,16.48,0.69,-2.92,0.370,0.500
yawn.mp4,272,9.754,True,0.2854,0.4130,16.22,0.71,-2.48,0.396,0.510
yawn.mp4,273,9.790,True,0.2726,0.4261,16.54,0.75,-2.75,0.371,0.507
yawn.mp4,274,9.826,True,0.2792,0.4076,16.02,0.85,-2.95,0.370,0.502
yawn.mp4,275,9.862,True,0.2797,0.4239,16.13,0.80,-3.15,0.369,0.507
yawn.mp4,276,9.898,True,0.2853,0.4276,16.27,0.62,-2.93,0.373,0.506
yawn.mp4,277,9.934,True,0.2856,0.4230,16.35,0.60,-2.83,0.381,0.506
yawn.mp4,278,9.970,True,0.2829,0.4212,16.19,0.71,-3.07,0.386,0.510
yawn.mp4,279,10.005,True,0.2775,0.4296,16.38,0.65,-2.94,0.381,0.505
yawn.mp4,280,10.041,True,0.2720,0.4362,16.33,0.81,-3.21,0.376,0.501
yawn.mp4,281,10.077,True,0.2747,0.4196,16.03,0.83,-2.68,0.404,0.498
yawn.mp4,282,10.113,True,0.2677,0.4165,16.32,0.81,-3.15,0.412,0.498
yawn.mp4,283,10.149,True,0.2688,0.4435,16.17,1.05,-2.77,0.405,0.492
yawn.mp4,284,10.185,True,0.2748,0.4109,15.93,0.85,-2.45,0.415,0.494
yawn.mp4,285,10.221,True,0.2707,0.4082,15.89,0.69,-2.71,0.407,0.490
yawn.mp4,286,10.257,True,0.2773,0.4048,16.22,0.79,-2.92,0.425,0.499
yawn.mp4,287,10.292,True,0.2727,0.4253,15.95,0.98,-2.91,0.393,0.490
yawn.mp4,288,10.328,True,0.2681,0.4175,15.87,0.82,-2.66,0.391,0.499
yawn.mp4,289,10.364,True,0.2736,0.4272,15.81,0.88,-2.79,0.387,0.485
yawn.mp4,290,10.400,True,0.2677,0.4235,16.10,0.87,-3.02,0.381,0.496
yawn.mp4,291,10.436,True,0.2708,0.4146,16.03,0.95,-2.90,0.399,0.496
yawn.mp4,292,10.472,True,0.2712,0.4245,15.98,0.81,-3.01,0.415,0.493
yawn.mp4,293,10.508,True,0.2633,0.4346,16.00,0.80,-2.97,0.408,0.493
yawn.mp4,294,10.543,True,0.2755,0.4205,15.80,0.96,-2.67,0.411,0.496
yawn.mp4,295,10.579,True,0.2647,0.4280,15.99,0.91,-3.14,0.389,0.490
yawn.mp4,296,10.615,True,0.2773,0.4280,16.35,1.01,-2.61,0.403,0.494
yawn.mp4,297,10.651,True,0.2701,0.4455,16.16,1.21,-2.61,0.386,0.490
yawn.mp4,298,10.687,True,0.2800,0.4124,15.88,0.95,-2.72,0.417,0.504
yawn.mp4,299,10.723,True,0.2764,0.4125,16.04,0.87,-2.94,0.414,0.494
yawn.mp4,300,10.759,True,0.2855,0.4230,16.14,1.00,-2.85,0.411,0.485
yawn.mp4,301,10.794,True,0.2686,0.4071,16.26,0.97,-2.66,0.414,0.497
yawn.mp4,302,10.830,True,0.2755,0.4292,15.99,0.87,-2.87,0.387,0.496
yawn.mp4,303,10.866,True,0.2735,0.4679,16.01,0.97,-2.70,0.406,0.488
yawn.mp4,304,10.902,True,0.2617,0.4676,15.80,0.97,-3.24,0.400,0.494
yawn.mp4,305,10.938,True,0.2645,0.4623,15.81,1.08,-3.12,0.390,0.492
yawn.mp4,306,10.974,True,0.2678,0.4829,15.80,0.86,-2.60,0.409,0.498
yawn.mp4,307,11.010,True,0.2820,0.5040,15.72,0.98,-2.71,0.434,0.493
yawn.mp4,308,11.045,True,0.2755,0.4947,15.86,0.82,-2.42,0.413,0.493
yawn.mp4,309,11.081,True,0.2752,0.5278,16.10,0.79,-2.64,0.401,0.491
yawn.mp4,310,11.117,True,0.2858,0.5307,15.77,0.94,-2.43,0.427,0.495
yawn.mp4,311,11.153,True,0.2695,0.5110,15.46,0.90,-2.80,0.404,0.497
yawn.mp4,312,11.189,True,0.2712,0.5211,15.68,1.08,-2.89,0.408,0.489
yawn.mp4,313,11.225,True,0.2761,0.5404,15.96,0.78,-2.63,0.401,0.499
yawn.mp4,314,11.261,True,0.2780,0.5369,15.85,1.02,-2.79,0.392,0.496
yawn.mp4,315,11.297,True,0.2697,0.5726,15.69,0.83,-2.65,0.388,0.504
yawn.mp4,316,11.332,True,0.2832,0.5690,15.64,1.00,-2.74,0.399,0.500
yawn.mp4,317,11.368,True,0.2853,0.5916,15.66,0.92,-2.71,0.385,0.501
yawn.mp4,318,11.404,True,0.2787,0.6237,15.51,0.75,-2.67,0.386,0.495
yawn.mp4,319,11.440,True,0.2725,0.6533,15.39,0.88,-2.63,0.380,0.499
yawn.mp4,320,11.476,True,0.2789,0.6713,15.29,0.62,-2.79,0.396,0.521
yawn.mp4,321,11.512,True,0.2861,0.7110,15.22,1.15,-2.78,0.401,0.504
yawn.mp4,322,11.548,True,0.2705,0.7342,15.32,0.91,-2.90,0.386,0.507
yawn.mp4,323,11.583,True,0.2765,0.7527,15.39,0.58,-2.94,0.378,0.513
yawn.mp4,324,11.619,True,0.2752,0.7831,15.22,0.87,-2.72,0.393,0.508
yawn.mp4,325,11.655,True,0.2824,0.7819,15.78,0.59,-2.64,0.390,0.511
yawn.mp4,326,11.691,True,0.2665,0.7884,15.30,0.99,-2.88,0.373,0.500
yawn.mp4,327,11.727,True,0.2709,0.7964,15.00,0.75,-2.70,0.390,0.501
yawn.mp4,328,11.763,True,0.2653,0.8248,14.51,0.63,-2.95,0.398,0.511
yawn.mp4,329,11.799,True,0.2691,0.8363,14.89,0.94,-2.32,0.386,0.505
yawn.mp4,330,11.834,True,0.2735,0.8621,14.65,0.84,-2.66,0.383,0.519
yawn.mp4,331,11.870,True,0.2740,0.8281,14.82,1.00,-2.42,0.386,0.502
yawn.mp4,332,11.906,True,0.2745,0.8290,14.87,0.88,-2.66,0.384,0.507
yawn.mp4,333,11.942,True,0.2808,0.8934,14.54,0.76,-2.57,0.400,0.515
yawn.mp4,334,11.978,True,0.2724,0.8246,14.91,1.13,-2.95,0.367,0.496
yawn.mp4,335,12.014,True,0.2769,0.9129,14.27,0.85,-2.56,0.396,0.502
yawn.mp4,336,12.050,True,0.2847,0.8363,14.53,0.90,-2.69,0.385,0.504
yawn.mp4,337,12.085,True,0.2966,0.8611,14.56,1.07,-2.45,0.403,0.500
yawn.mp4,338,12.121,True,0.2871,0.8743,14.60,1.10,-2.86,0.394,0.487
yawn.mp4,339,12.157,True,0.2936,0.8752,14.35,0.88,-3.18,0.423,0.511
yawn.mp4,340,12.193,True,0.2976,0.8541,14.44,1.14,-3.10,0.402,0.494
yawn.mp4,341,12.229,True,0.2917,0.8705,14.67,1.18,-2.81,0.397,0.502
yawn.mp4,342,12.265,True,0.2873,0.8551,14.30,0.89,-2.96,0.392,0.497
yawn.mp4,343,12.301,True,0.2863,0.8493,14.18,1.09,-2.65,0.413,0.489
yawn.mp4,344,12.337,True,0.2959,0.8726,14.54,0.99,-2.84,0.414,0.494
yawn.mp4,345,12.372,True,0.2910,0.8333,14.19,0.98,-2.84,0.402,0.488
yawn.mp4,346,12.408,True,0.2823,0.8603,14.16,1.18,-2.82,0.438,0.495
yawn.mp4,347,12.444,True,0.2760,0.8668,13.76,1.44,-2.38,0.436,0.496
yawn.mp4,348,12.480,True,0.2783,0.8320,13.76,1.30,-2.78,0.444,0.498
yawn.mp4,349,12.516,True,0.2752,0.8331,14.05,1.46,-2.45,0.424,0.495
yawn.mp4,350,12.552,True,0.2805,0.8537,13.84,1.13,-2.59,0.435,0.490
yawn.mp4,351,12.588,True,0.2819,0.8522,13.93,1.42,-3.16,0.440,0.488
yawn.mp4,352,12.623,True,0.2767,0.8888,13.87,1.19,-2.86,0.450,0.492
yawn.mp4,353,12.659,True,0.2835,0.8284,13.96,1.26,-2.76,0.458,0.489
yawn.mp4,354,12.695,True,0.2877,0.8713,13.76,1.44,-2.36,0.451,0.493
yawn.mp4,355,12.731,True,0.2817,0.9034,13.82,1.15,-2.51,0.466,0.502
yawn.mp4,356,12.767,True,0.2787,0.8350,13.84,1.20,-2.74,0.424,0.489
yawn.mp4,357,12.803,True,0.2746,0.8396,13.95,1.54,-2.57,0.446,0.496
yawn.mp4,358,12.839,True,0.2762,0.8686,13.65,1.38,-2.75,0.432,0.490
yawn.mp4,359,12.874,True,0.2811,0.8984,13.88,1.35,-2.57,0.436,0.490
yawn.mp4,360,12.910,True,0.2695,0.8886,13.70,1.28,-2.59,0.410,0.498
yawn.mp4,361,12.946,True,0.2765,0.8732,14.02,1.31,-2.54,0.450,0.492
yawn.mp4,362,12.982,True,0.2753,0.8476,13.85,1.05,-2.37,0.423,0.499
yawn.mp4,363,13.018,True,0.2782,0.8593,13.85,1.08,-2.65,0.443,0.497
yawn.mp4,364,13.054,True,0.2735,0.8735,13.75,1.08,-2.54,0.437,0.493
yawn.mp4,365,13.090,True,0.2837,0.8464,14.17,1.31,-2.75,0.448,0.493
yawn.mp4,366,13.125,True,0.2845,0.8525,14.01,1.49,-2.16,0.434,0.491
yawn.mp4,367,13.161,True,0.2702,0.8481,13.94,1.37,-2.46,0.427,0.491
yawn.mp4,368,13.197,True,0.2757,0.8683,13.75,1.36,-2.42,0.426,0.488
yawn.mp4,369,13.233,True,0.2844,0.8546,13.73,1.30,-2.40,0.426,0.495
yawn.mp4,370,13.269,True,0.2818,0.8707,13.55,1.12,-2.84,0.441,0.491
yawn.mp4,371,13.305,True,0.2755,0.8428,13.72,1.05,-2.43,0.414,0.491
yawn.mp4,372,13.341,True,0.2828,0.8426,13.83,1.20,-2.49,0.428,0.490
yawn.mp4,373,13.377,True,0.2788,0.8389,13.62,1.24,-2.32,0.437,0.491
yawn.mp4,374,13.412,True,0.2778,0.8689,14.14,1.46,-2.43,0.434,0.497
yawn.mp4,375,13.448,True,0.2785,0.8188,14.34,1.27,-2.61,0.429,0.496
yawn.mp4,376,13.484,True,0.2776,0.8426,14.16,1.24,-2.59,0.438,0.494
yawn.mp4,377,13.520,True,0.2859,0.8345,13.77,1.43,-2.60,0.434,0.490
yawn.mp4,378,13.556,True,0.2737,0.8390,13.91,1.18,-2.56,0.417,0.489
yawn.mp4,379,13.592,True,0.2617,0.8724,13.87,1.45,-2.51,0.402,0.506
yawn.mp4,380,13.628,True,0.2759,0.8574,14.43,1.06,-2.50,0.398,0.494
yawn.mp4,381,13.663,True,0.2773,0.8314,14.30,1.28,-2.43,0.399,0.499
yawn.mp4,382,13.699,True,0.2629,0.8645,13.97,1.01,-2.75,0.391,0.504
yawn.mp4,383,13.735,True,0.2723,0.8346,14.05,1.00,-2.83,0.388,0.497
yawn.mp4,384,13.771,True,0.2680,0.8461,13.97,0.74,-2.84,0.367,0.499
yawn.mp4,385,13.807,True,0.2748,0.8386,14.11,1.06,-2.50,0.379,0.497
yawn.mp4,386,13.843,True,0.2638,0.8377,14.36,1.39,-2.47,0.395,0.502
yawn.mp4,387,13.879,True,0.2736,0.8199,14.21,1.24,-2.55,0.396,0.496
yawn.mp4,388,13.914,True,0.2810,0.8030,14.45,1.38,-2.49,0.403,0.492
yawn.mp4,389,13.950,True,0.2856,0.8460,14.22,1.06,-2.48,0.394,0.496
yawn.mp4,390,13.986,True,0.2738,0.8748,14.15,0.95,-2.69,0.400,0.503
yawn.mp4,391,14.022,True,0.2731,0.8243,14.23,1.34,-2.89,0.409,0.497
yawn.mp4,392,14.058,True,0.2714,0.8343,14.27,1.09,-2.37,0.382,0.501
yawn.mp4,393,14.094,True,0.2919,0.8064,14.32,1.25,-2.27,0.416,0.492
yawn.mp4,394,14.130,True,0.2682,0.8211,14.33,1.04,-2.43,0.404,0.490
yawn.mp4,395,14.165,True,0.2707,0.8510,14.38,0.94,-2.41,0.391,0.500
yawn.mp4,396,14.201,True,0.2682,0.8281,14.32,0.98,-2.48,0.387,0.490
yawn.mp4,397,14.237,True,0.2753,0.8175,14.15,0.87,-2.53,0.403,0.501
yawn.mp4,398,14.273,True,0.2783,0.8191,14.33,0.96,-2.46,0.390,0.500
yawn.mp4,399,14.309,True,0.2782,0.8378,14.39,1.13,-2.24,0.392,0.501
yawn.mp4,400,14.345,True,0.2679,0.8143,14.24,0.66,-2.37,0.389,0.503
yawn.mp4,401,14.381,True,0.2834,0.8251,14.25,1.03,-2.68,0.408,0.503
yawn.mp4,402,14.417,True,0.2893,0.8471,14.20,1.07,-2.22,0.440,0.486
yawn.mp4,403,14.452,True,0.2817,0.8654,14.20,1.09,-2.36,0.435,0.492
yawn.mp4,404,14.488,True,0.2799,0.8531,14.33,1.01,-2.36,0.449,0.485
yawn.mp4,405,14.524,True,0.2835,0.8498,14.10,1.25,-2.09,0.429,0.493
yawn.mp4,406,14.560,True,0.2721,0.8227,13.80,1.33,-2.44,0.431,0.490
yawn.mp4,407,14.596,True,0.2841,0.8298,14.08,1.15,-2.61,0.444,0.487
yawn.mp4,408,14.632,True,0.2628,0.8109,13.86,1.00,-2.59,0.411,0.498
yawn.mp4,409,14.668,True,0.2684,0.8330,13.94,1.15,-2.45,0.414,0.490
yawn.mp4,410,14.703,True,0.2763,0.8133,14.05,1.05,-2.48,0.414,0.490
yawn.mp4,411,14.739,True,0.2691,0.8400,13.92,1.04,-2.58,0.445,0.497
yawn.mp4,412,14.775,True,0.2714,0.8294,14.18,0.99,-2.76,0.419,0.490
yawn.mp4,413,14.811,True,0.2764,0.8425,14.12,1.10,-2.60,0.424,0.490
yawn.mp4,414,14.847,True,0.2812,0.8418,14.12,1.08,-2.39,0.433,0.495
yawn.mp4,415,14.883,True,0.2798,0.8288,14.22,1.10,-2.18,0.433,0.498
yawn.mp4,416,14.919,True,0.2765,0.8246,14.21,1.24,-2.40,0.429,0.486
yawn.mp4,417,14.954,True,0.2798,0.8443,14.31,1.03,-2.62,0.432,0.491
yawn.mp4,418,14.990,True,0.2884,0.8242,14.13,0.83,-2.51,0.435,0.494
yawn.mp4,419,15.026,True,0.2782,0.8163,14.05,0.95,-2.25,0.432,0.487
yawn.mp4,420,15.062,True,0.2722,0.8451,13.86,1.05,-1.87,0.423,0.497
yawn.mp4,421,15.098,True,0.2809,0.8385,14.07,0.97,-2.14,0.435,0.492
yawn.mp4,422,15.134,True,0.2728,0.8214,13.82,1.03,-2.31,0.426,0.487
yawn.mp4,423,15.170,True,0.2795,0.8481,14.22,0.91,-2.28,0.436,0.493
yawn.mp4,424,15.205,True,0.2857,0.8381,14.10,1.04,-2.32,0.441,0.482
yawn.mp4,425,15.241,True,0.2874,0.8337,13.82,1.14,-2.44,0.454,0.482
yawn.mp4,426,15.277,True,0.2855,0.8070,14.10,1.04,-2.24,0.441,0.490
yawn.mp4,427,15.313,True,0.2830,0.8188,14.14,1.10,-2.30,0.427,0.495
yawn.mp4,428,15.349,True,0.2793,0.8378,14.14,1.01,-2.27,0.432,0.491
yawn.mp4,429,15.385,True,0.2721,0.8207,14.34,0.96,-2.38,0.436,0.490
yawn.mp4,430,15.421,True,0.2834,0.8467,14.30,1.02,-2.62,0.433,0.495
yawn.mp4,431,15.457,True,0.2972,0.8292,14.10,1.04,-2.60,0.445,0.490
yawn.mp4,432,15.492,True,0.2911,0.8357,14.24,1.00,-2.37,0.455,0.486
yawn.mp4,433,15.528,True,0.3010,0.7840,14.37,1.29,-2.40,0.439,0.495
yawn.mp4,434,15.564,True,0.2778,0.8082,14.49,1.19,-2.32,0.426,0.490
yawn.mp4,435,15.600,True,0.2796,0.8257,14.53,1.07,-2.30,0.441,0.491
yawn.mp4,436,15.636,True,0.2672,0.8178,14.43,0.83,-2.47,0.410,0.498
yawn.mp4,437,15.672,True,0.2807,0.8094,14.08,1.23,-2.43,0.440,0.485
yawn.mp4,438,15.708,True,0.2833,0.8092,14.24,1.18,-2.16,0.436,0.487
yawn.mp4,439,15.743,True,0.2696,0.8052,14.19,1.07,-2.33,0.419,0.495
yawn.mp4,440,15.779,True,0.2657,0.8032,14.30,0.95,-2.52,0.399,0.496
yawn.mp4,441,15.815,True,0.2604,0.8034,14.30,0.88,-2.44,0.379,0.501
yawn.mp4,442,15.851,True,0.2672,0.7880,14.45,1.03,-2.43,0.386,0.502
yawn.mp4,443,15.887,True,0.2765,0.8006,14.31,1.24,-2.63,0.395,0.499
yawn.mp4,444,15.923,True,0.2783,0.8316,14.16,1.10,-2.66,0.384,0.501
yawn.mp4,445,15.959,True,0.2801,0.8053,14.17,1.12,-2.24,0.412,0.500
yawn.mp4,446,15.994,True,0.2816,0.8131,14.29,0.99,-2.43,0.400,0.498
yawn.mp4,447,16.030,True,0.2834,0.8190,14.19,0.93,-2.61,0.418,0.496
yawn.mp4,448,16.066,True,0.2757,0.8132,14.14,1.01,-2.37,0.412,0.503
yawn.mp4,449,16.102,True,0.2688,0.8029,14.24,1.07,-2.49,0.386,0.503
yawn.mp4,450,16.138,True,0.2603,0.7875,14.17,0.80,-2.25,0.381,0.503
yawn.mp4,451,16.174,True,0.2775,0.7889,14.43,1.15,-2.48,0.416,0.506
yawn.mp4,452,16.210,True,0.2681,0.8127,14.24,0.79,-2.72,0.389,0.503
yawn.mp4,453,16.245,True,0.2726,0.7801,14.50,0.92,-2.48,0.377,0.498
yawn.mp4,454,16.281,True,0.2766,0.8155,14.49,0.79,-2.65,0.386,0.495
yawn.mp4,455,16.317,True,0.2745,0.8156,14.17,0.85,-2.60,0.387,0.490
yawn.mp4,456,16.353,True,0.2735,0.8007,14.38,0.98,-2.33,0.387,0.490
yawn.mp4,457,16.389,True,0.2813,0.8364,14.58,0.93,-2.60,0.408,0.493
yawn.mp4,458,16.425,True,0.2680,0.8131,14.47,1.09,-2.44,0.407,0.483
yawn.mp4,459,16.461,True,0.2794,0.8444,14.40,1.14,-2.62,0.399,0.496
yawn.mp4,460,16.496,True,0.2802,0.8108,14.50,1.17,-2.47,0.396,0.499
yawn.mp4,461,16.532,True,0.2726,0.7907,14.52,0.93,-2.53,0.406,0.496
yawn.mp4,462,16.568,True,0.2819,0.8119,14.64,0.81,-2.55,0.398,0.500
yawn.mp4,463,16.604,True,0.2886,0.8057,14.42,1.17,-2.61,0.412,0.505
yawn.mp4,464,16.640,True,0.2711,0.7952,14.42,1.15,-2.31,0.382,0.509
yawn.mp4,465,16.676,True,0.2803,0.7815,14.62,1.02,-2.33,0.399,0.500
yawn.mp4,466,16.712,True,0.2814,0.8287,14.40,1.02,-2.59,0.396,0.500
yawn.mp4,467,16.748,True,0.2811,0.7659,14.78,1.03,-2.51,0.399,0.498
yawn.mp4,468,16.783,True,0.2741,0.8182,14.47,0.80,-2.46,0.384,0.496
yawn.mp4,469,16.819,True,0.2868,0.7890,14.51,0.97,-2.26,0.418,0.501
yawn.mp4,470,16.855,True,0.2729,0.7798,14.47,0.94,-2.68,0.391,0.500
yawn.mp4,471,16.891,True,0.2769,0.7809,14.56,0.74,-2.36,0.408,0.498
yawn.mp4,472,16.927,True,0.2757,0.7875,14.90,0.85,-2.28,0.427,0.492
yawn.mp4,473,16.963,True,0.2861,0.7813,14.77,0.89,-2.48,0.393,0.499
yawn.mp4,474,16.999,True,0.2658,0.7887,14.55,0.77,-2.90,0.379,0.497
yawn.mp4,475,17.034,True,0.2945,0.8142,14.55,0.87,-2.60,0.405,0.492
yawn.mp4,476,17.070,True,0.2715,0.7820,14.77,0.90,-2.48,0.414,0.491
yawn.mp4,477,17.106,True,0.2816,0.8125,14.49,0.83,-2.62,0.410,0.501
yawn.mp4,478,17.142,True,0.2840,0.8025,14.41,0.66,-2.67,0.415,0.507
yawn.mp4,479,17.178,True,0.2782,0.7860,14.70,0.93,-2.72,0.400,0.504
yawn.mp4,480,17.214,True,0.2825,0.7953,14.64,0.64,-2.53,0.392,0.497
head_nod.mp4,0,0.000,True,0.3046,0.0461,31.60,1.55,-6.11,0.357,0.526
head_nod.mp4,1,0.053,False,,,,,,,
head_nod.mp4,2,0.106,True,0.2743,0.0339,32.12,0.98,-2.28,0.346,0.568
head_nod.mp4,3,0.159,False,,,,,,,
head_nod.mp4,4,0.212,False,,,,,,,
head_nod.mp4,5,0.265,True,0.2936,0.0402,32.29,0.75,-2.29,0.327,0.548
head_nod.mp4,6,0.319,False,,,,,,,
head_nod.mp4,7,0.372,True,0.2935,0.0401,31.52,0.41,-2.88,0.344,0.573
head_nod.mp4,8,0.425,True,0.2957,0.0374,32.70,0.73,-3.29,0.338,0.538
head_nod.mp4,9,0.478,True,0.2805,0.0378,32.34,1.73,-4.67,0.324,0.545
head_nod.mp4,10,0.531,False,,,,,,,
head_nod.mp4,11,0.584,False,,,,,,,
head_nod.mp4,12,0.637,False,,,,,,,
head_nod.mp4,13,0.690,False,,,,,,,
head_nod.mp4,14,0.743,True,0.2705,0.0421,32.18,1.30,-4.16,0.306,0.550
head_nod.mp4,15,0.796,False,,,,,,,
head_nod.mp4,16,0.849,False,,,,,,,
head_nod.mp4,17,0.902,False,,,,,,,
head_nod.mp4,18,0.956,True,0.2620,0.0395,32.15,0.89,-3.38,0.328,0.559
head_nod.mp4,19,1.009,False,,,,,,,
head_nod.mp4,20,1.062,False,,,,,,,
head_nod.mp4,21,1.115,True,0.2701,0.0361,32.61,0.76,-1.47,0.373,0.555
head_nod.mp4,22,1.168,False,,,,,,,
head_nod.mp4,23,1.221,False,,,,,,,
head_nod.mp4,24,1.274,False,,,,,,,
head_nod.mp4,25,1.327,False,,,,,,,
head_nod.mp4,26,1.380,False,,,,,,,
head_nod.mp4,27,1.433,False,,,,,,,
head_nod.mp4,28,1.486,False,,,,,,,
head_nod.mp4,29,1.539,False,,,,,,,
head_nod.mp4,30,1.593,False,,,,,,,
head_nod.mp4,31,1.646,False,,,,,,,
head_nod.mp4,32,1.699,True,0.2706,0.0367,32.18,0.11,-1.44,0.332,0.578
head_nod.mp4,33,1.752,True,0.2643,0.0380,32.74,0.88,-3.73,0.380,0.560
head_nod.mp4,34,1.805,False,,,,,,,
head_nod.mp4,35,1.858,False,,,,,,,
head_nod.mp4,36,1.911,True,0.2661,0.0330,32.40,0.84,-3.13,0.323,0.557
head_nod.mp4,37,1.964,False,,,,,,,
head_nod.mp4,38,2.017,False,,,,,,,
head_nod.mp4,39,2.070,False,,,,,,,
head_nod.mp4,40,2.123,True,0.3013,0.0296,33.09,0.34,-1.52,0.356,0.570
head_nod.mp4,41,2.176,False,,,,,,,
head_nod.mp4,42,2.230,False,,,,,,,
head_nod.mp4,43,2.283,False,,,,,,,
head_nod.mp4,44,2.336,False,,,,,,,
head_nod.mp4,45,2.389,False,,,,,,,
head_nod.mp4,46,2.442,False,,,,,,,
head_nod.mp4,47,2.495,False,,,,,,,
head_nod.mp4,48,2.548,False,,,,,,,
head_nod.mp4,49,2.601,False,,,,,,,
head_nod.mp4,50,2.654,True,0.2770,0.0373,32.52,0.95,-2.21,0.328,0.565
head_nod.mp4,51,2.707,False,,,,,,,
head_nod.mp4,52,2.760,False,,,,,,,
head_nod.mp4,53,2.813,False,,,,,,,
head_nod.mp4,54,2.867,False,,,,,,,
head_nod.mp4,55,2.920,False,,,,,,,
head_nod.mp4,56,2.973,False,,,,,,,
head_nod.mp4,57,3.026,False,,,,,,,
head_nod.mp4,58,3.079,True,0.2644,0.0362,32.72,1.44,-1.92,0.344,0.556
head_nod.mp4,59,3.132,False,,,,,,,
head_nod.mp4,60,3.185,False,,,,,,,
head_nod.mp4,61,3.238,False,,,,,,,
head_nod.mp4,62,3.291,False,,,,,,,
head_nod.mp4,63,3.344,False,,,,,,,
head_nod.mp4,64,3.397,True,0.2655,0.0352,32.92,0.28,-0.44,0.339,0.594
head_nod.mp4,65,3.451,True,0.2731,0.0407,31.25,0.73,-2.62,0.310,0.567
head_nod.mp4,66,3.504,False,,,,,,,
head_nod.mp4,67,3.557,True,0.2800,0.0435,32.62,0.49,-2.38,0.319,0.562
head_nod.mp4,68,3.610,False,,,,,,,
head_nod.mp4,69,3.663,True,0.2795,0.0353,33.13,0.86,-0.83,0.400,0.556
head_nod.mp4,70,3.716,True,0.2855,0.0434,32.31,1.70,-1.43,0.354,0.559
head_nod.mp4,71,3.769,False,,,,,,,
head_nod.mp4,72,3.822,False,,,,,,,
head_nod.mp4,73,3.875,True,0.2772,0.0362,33.25,0.77,-1.51,0.334,0.584
head_nod.mp4,74,3.928,False,,,,,,,
head_nod.mp4,75,3.981,True,0.2819,0.0322,32.93,1.09,-0.69,0.338,0.578
head_nod.mp4,76,4.034,False,,,,,,,
head_nod.mp4,77,4.088,False,,,,,,,
head_nod.mp4,78,4.141,False,,,,,,,
head_nod.mp4,79,4.194,False,,,,,,,
head_nod.mp4,80,4.247,False,,,,,,,
head_nod.mp4,81,4.300,False,,,,,,,
head_nod.mp4,82,4.353,False,,,,,,,
head_nod.mp4,83,4.406,False,,,,,,,
head_nod.mp4,84,4.459,False,,,,,,,
head_nod.mp4,85,4.512,True,0.2776,0.0378,32.54,0.93,-0.26,0.376,0.569
head_nod.mp4,86,4.565,False,,,,,,,
head_nod.mp4,87,4.618,False,,,,,,,
head_nod.mp4,88,4.671,False,,,,,,,
head_nod.mp4,89,4.725,True,0.2695,0.0443,32.84,0.83,-1.27,0.377,0.564
head_nod.mp4,90,4.778,False,,,,,,,
head_nod.mp4,91,4.831,False,,,,,,,
head_nod.mp4,92,4.884,False,,,,,,,
head_nod.mp4,93,4.937,False,,,,,,,
head_nod.mp4,94,4.990,False,,,,,,,
head_nod.mp4,95,5.043,False,,,,,,,
head_nod.mp4,96,5.096,False,,,,,,,
head_nod.mp4,97,5.149,False,,,,,,,
head_nod.mp4,98,5.202,True,0.2626,0.0355,33.28,0.48,0.01,0.363,0.572
head_nod.mp4,99,5.255,True,0.2702,0.0271,33.56,0.22,-0.69,0.404,0.555
head_nod.mp4,100,5.308,False,,,,,,,
head_nod.mp4,101,5.362,False,,,,,,,
head_nod.mp4,102,5.415,False,,,,,,,
head_nod.mp4,103,5.468,False,,,,,,,
head_nod.mp4,104,5.521,False,,,,,,,
head_nod.mp4,105,5.574,False,,,,,,,
head_nod.mp4,106,5.627,False,,,,,,,
head_nod.mp4,107,5.680,False,,,,,,,
head_nod.mp4,108,5.733,False,,,,,,,
head_nod.mp4,109,5.786,False,,,,,,,
head_nod.mp4,110,5.839,False,,,,,,,
head_nod.mp4,111,5.892,False,,,,,,,
head_nod.mp4,112,5.945,True,0.2586,0.0356,32.35,1.45,-2.31,0.349,0.557
head_nod.mp4,113,5.999,False,,,,,,,
head_nod.mp4,114,6.052,True,0.2603,0.0366,32.78,1.73,-2.19,0.357,0.555
head_nod.mp4,115,6.105,True,0.2658,0.0277,33.60,0.97,-1.00,0.376,0.572
head_nod.mp4,116,6.158,False,,,,,,,
head_nod.mp4,117,6.211,False,,,,,,,
head_nod.mp4,118,6.264,False,,,,,,,
head_nod.mp4,119,6.317,False,,,,,,,
head_nod.mp4,120,6.370,False,,,,,,,
head_nod.mp4,121,6.423,False,,,,,,,
head_nod.mp4,122,6.476,True,0.2650,0.0241,32.54,0.45,-0.76,0.343,0.554
head_nod.mp4,123,6.529,False,,,,,,,
head_nod.mp4,124,6.583,False,,,,,,,
head_nod.mp4,125,6.636,False,,,,,,,
head_nod.mp4,126,6.689,False,,,,,,,
head_nod.mp4,127,6.742,False,,,,,,,
head_nod.mp4,128,6.795,False,,,,,,,
head_nod.mp4,129,6.848,False,,,,,,,
head_nod.mp4,130,6.901,True,0.2801,0.0423,32.77,1.29,-0.36,0.360,0.563
head_nod.mp4,131,6.954,False,,,,,,,
head_nod.mp4,132,7.007,False,,,,,,,
head_nod.mp4,133,7.060,True,0.2672,0.0323,33.03,-0.25,1.10,0.382,0.568
head_nod.mp4,134,7.113,False,,,,,,,
head_nod.mp4,135,7.166,False,,,,,,,
head_nod.mp4,136,7.220,False,,,,,,,
head_nod.mp4,137,7.273,False,,,,,,,
head_nod.mp4,138,7.326,True,0.2611,0.0452,33.52,1.34,-2.20,0.361,0.565
head_nod.mp4,139,7.379,False,,,,,,,
head_nod.mp4,140,7.432,False,,,,,,,
head_nod.mp4,141,7.485,False,,,,,,,
head_nod.mp4,142,7.538,False,,,,,,,
head_nod.mp4,143,7.591,True,0.2905,0.0485,33.03,1.40,-1.98,0.334,0.566
head_nod.mp4,144,7.644,True,0.2685,0.0434,32.45,1.46,-2.50,0.326,0.555
head_nod.mp4,145,7.697,False,,,,,,,
head_nod.mp4,146,7.750,True,0.2623,0.0376,32.27,0.09,-1.54,0.337,0.585
head_nod.mp4,147,7.803,False,,,,,,,
head_nod.mp4,148,7.857,False,,,,,,,
head_nod.mp4,149,7.910,False,,,,,,,
head_nod.mp4,150,7.963,False,,,,,,,
head_nod.mp4,151,8.016,False,,,,,,,
head_nod.mp4,152,8.069,False,,,,,,,
head_nod.mp4,153,8.122,False,,,,,,,
head_nod.mp4,154,8.175,False,,,,,,,
head_nod.mp4,155,8.228,False,,,,,,,
head_nod.mp4,156,8.281,True,0.2479,0.0484,32.95,-0.02,-1.09,0.313,0.568
head_nod.mp4,157,8.334,False,,,,,,,
head_nod.mp4,158,8.387,False,,,,,,,
head_nod.mp4,159,8.440,False,,,,,,,
head_nod.mp4,160,8.494,False,,,,,,,
head_nod.mp4,161,8.547,True,0.2698,0.0394,32.48,-0.45,-0.93,0.342,0.581
head_nod.mp4,162,8.600,False,,,,,,,
head_nod.mp4,163,8.653,False,,,,,,,
head_nod.mp4,164,8.706,True,0.2591,0.0294,32.94,0.20,-2.21,0.286,0.566
head_nod.mp4,165,8.759,False,,,,,,,
head_nod.mp4,166,8.812,False,,,,,,,
head_nod.mp4,167,8.865,False,,,,,,,
head_nod.mp4,168,8.918,False,,,,,,,
head_nod.mp4,169,8.971,False,,,,,,,
head_nod.mp4,170,9.024,False,,,,,,,
head_nod.mp4,171,9.077,False,,,,,,,
head_nod.mp4,172,9.131,False,,,,,,,
head_nod.mp4,173,9.184,False,,,,,,,
head_nod.mp4,174,9.237,False,,,,,,,
head_nod.mp4,175,9.290,True,0.2591,0.0409,32.44,0.95,-1.15,0.305,0.560
head_nod.mp4,176,9.343,True,0.2515,0.0345,33.32,-0.18,-0.33,0.310,0.573
head_nod.mp4,177,9.396,False,,,,,,,
head_nod.mp4,178,9.449,False,,,,,,,
head_nod.mp4,179,9.502,False,,,,,,,
head_nod.mp4,180,9.555,False,,,,,,,
head_nod.mp4,181,9.608,True,0.2425,0.0289,34.13,1.24,-1.96,0.375,0.553
head_nod.mp4,182,9.661,True,0.2439,0.0353,32.57,0.01,-1.35,0.316,0.567
head_nod.mp4,183,9.714,True,0.2594,0.0402,33.10,-0.65,0.38,0.372,0.570
head_nod.mp4,184,9.768,True,0.2624,0.0368,32.65,0.69,-1.95,0.373,0.558
head_nod.mp4,185,9.821,False,,,,,,,
head_nod.mp4,186,9.874,True,0.2454,0.0255,33.80,0.48,-1.17,0.329,0.552
head_nod.mp4,187,9.927,False,,,,,,,
head_nod.mp4,188,9.980,True,0.2697,0.0416,32.74,0.97,-1.92,0.351,0.562
head_nod.mp4,189,10.033,True,0.2630,0.0255,33.96,0.97,-1.78,0.350,0.566
head_nod.mp4,190,10.086,False,,,,,,,
head_nod.mp4,191,10.139,False,,,,,,,
head_nod.mp4,192,10.192,False,,,,,,,
head_nod.mp4,193,10.245,False,,,,,,,
head_nod.mp4,194,10.298,False,,,,,,,
head_nod.mp4,195,10.352,False,,,,,,,
head_nod.mp4,196,10.405,False,,,,,,,
head_nod.mp4,197,10.458,False,,,,,,,
head_nod.mp4,198,10.511,True,0.2642,0.0401,32.75,0.12,-0.77,0.263,0.574
head_nod.mp4,199,10.564,False,,,,,,,
head_nod.mp4,200,10.617,False,,,,,,,
head_nod.mp4,201,10.670,False,,,,,,,
head_nod.mp4,202,10.723,False,,,,,,,
head_nod.mp4,203,10.776,False,,,,,,,
head_nod.mp4,204,10.829,False,,,,,,,
head_nod.mp4,205,10.882,False,,,,,,,
head_nod.mp4,206,10.935,False,,,,,,,
head_nod.mp4,207,10.989,False,,,,,,,
head_nod.mp4,208,11.042,False,,,,,,,
head_nod.mp4,209,11.095,False,,,,,,,
head_nod.mp4,210,11.148,False,,,,,,,
head_nod.mp4,211,11.201,False,,,,,,,
head_nod.mp4,212,11.254,False,,,,,,,
head_nod.mp4,213,11.307,False,,,,,,,
head_nod.mp4,214,11.360,False,,,,,,,
head_nod.mp4,215,11.413,False,,,,,,,
head_nod.mp4,216,11.466,True,0.2574,0.0348,32.83,-0.14,-0.90,0.254,0.558
head_nod.mp4,217,11.519,False,,,,,,,
head_nod.mp4,218,11.572,False,,,,,,,
head_nod.mp4,219,11.626,False,,,,,,,
head_nod.mp4,220,11.679,False,,,,,,,
head_nod.mp4,221,11.732,False,,,,,,,
head_nod.mp4,222,11.785,False,,,,,,,
head_nod.mp4,223,11.838,False,,,,,,,
head_nod.mp4,224,11.891,True,0.2676,0.0369,33.04,0.81,-2.73,0.334,0.564
head_nod.mp4,225,11.944,False,,,,,,,
head_nod.mp4,226,11.997,False,,,,,,,
head_nod.mp4,227,12.050,True,0.2664,0.0399,32.47,0.67,0.33,0.320,0.550
head_nod.mp4,228,12.103,True,0.2643,0.0382,33.17,0.94,-1.14,0.332,0.569
head_nod.mp4,229,12.156,True,0.2641,0.0432,31.37,1.60,-4.98,0.335,0.529
head_nod.mp4,230,12.209,False,,,,,,,
head_nod.mp4,231,12.263,False,,,,,,,
head_nod.mp4,232,12.316,False,,,,,,,
head_nod.mp4,233,12.369,False,,,,,,,
head_nod.mp4,234,12.422,True,0.2908,0.0418,32.78,0.75,-0.33,0.292,0.566
head_nod.mp4,235,12.475,False,,,,,,,
head_nod.mp4,236,12.528,True,0.2660,0.0413,32.70,0.54,-1.97,0.284,0.557
head_nod.mp4,237,12.581,False,,,,,,,
head_nod.mp4,238,12.634,False,,,,,,,
head_nod.mp4,239,12.687,False,,,,,,,
head_nod.mp4,240,12.740,True,0.2610,0.0307,31.87,1.60,-1.16,0.304,0.545
head_nod.mp4,241,12.793,False,,,,,,,
head_nod.mp4,242,12.846,False,,,,,,,
head_nod.mp4,243,12.900,False,,,,,,,
head_nod.mp4,244,12.953,False,,,,,,,
head_nod.mp4,245,13.006,False,,,,,,,
head_nod.mp4,246,13.059,False,,,,,,,
head_nod.mp4,247,13.112,False,,,,,,,
head_nod.mp4,248,13.165,True,0.2752,0.0473,33.97,1.06,-1.52,0.340,0.564
head_nod.mp4,249,13.218,False,,,,,,,
head_nod.mp4,250,13.271,False,,,,,,,
head_nod.mp4,251,13.324,False,,,,,,,
head_nod.mp4,252,13.377,False,,,,,,,
head_nod.mp4,253,13.430,False,,,,,,,
head_nod.mp4,254,13.484,False,,,,,,,
head_nod.mp4,255,13.537,False,,,,,,,
head_nod.mp4,256,13.590,True,0.2585,0.0365,33.65,0.85,-0.87,0.355,0.566
head_nod.mp4,257,13.643,False,,,,,,,
head_nod.mp4,258,13.696,False,,,,,,,
head_nod.mp4,259,13.749,False,,,,,,,
head_nod.mp4,260,13.802,False,,,,,,,
head_nod.mp4,261,13.855,False,,,,,,,
head_nod.mp4,262,13.908,False,,,,,,,
head_nod.mp4,263,13.961,False,,,,,,,
head_nod.mp4,264,14.014,True,0.2652,0.0260,33.74,-0.36,0.41,0.306,0.577
head_nod.mp4,265,14.067,False,,,,,,,
head_nod.mp4,266,14.121,False,,,,,,,
head_nod.mp4,267,14.174,False,,,,,,,
head_nod.mp4,268,14.227,False,,,,,,,
head_nod.mp4,269,14.280,True,0.2743,0.0339,33.43,0.31,-0.70,0.325,0.580
head_nod.mp4,270,14.333,True,0.2746,0.0419,33.37,0.38,-1.54,0.302,0.559
head_nod.mp4,271,14.386,False,,,,,,,
head_nod.mp4,272,14.439,False,,,,,,,
head_nod.mp4,273,14.492,False,,,,,,,
head_nod.mp4,274,14.545,False,,,,,,,
head_nod.mp4,275,14.598,True,0.2761,0.0330,32.16,0.60,-0.76,0.300,0.561
head_nod.mp4,276,14.651,False,,,,,,,
head_nod.mp4,277,14.704,False,,,,,,,
head_nod.mp4,278,14.758,True,0.2785,0.0442,32.96,0.58,0.17,0.381,0.556
head_nod.mp4,279,14.811,False,,,,,,,
head_nod.mp4,280,14.864,False,,,,,,,
head_nod.mp4,281,14.917,False,,,,,,,
head_nod.mp4,282,14.970,False,,,,,,,
head_nod.mp4,283,15.023,False,,,,,,,
head_nod.mp4,284,15.076,False,,,,,,,
head_nod.mp4,285,15.129,False,,,,,,,
head_nod.mp4,286,15.182,False,,,,,,,
head_nod.mp4,287,15.235,False,,,,,,,
head_nod.mp4,288,15.288,False,,,,,,,
head_nod.mp4,289,15.341,False,,,,,,,
head_nod.mp4,290,15.395,False,,,,,,,
head_nod.mp4,291,15.448,False,,,,,,,
head_nod.mp4,292,15.501,True,0.2622,0.0398,32.55,1.26,-1.05,0.343,0.549
head_nod.mp4,293,15.554,False,,,,,,,
head_nod.mp4,294,15.607,False,,,,,,,
head_nod.mp4,295,15.660,False,,,,,,,
head_nod.mp4,296,15.713,False,,,,,,,
head_nod.mp4,297,15.766,False,,,,,,,
head_nod.mp4,298,15.819,False,,,,,,,
head_nod.mp4,299,15.872,False,,,,,,,
head_nod.mp4,300,15.925,False,,,,,,,
head_nod.mp4,301,15.978,True,0.2660,0.0404,31.60,0.93,-2.16,0.345,0.539
head_nod.mp4,302,16.032,True,0.2639,0.0475,32.08,1.07,-3.46,0.355,0.550
head_nod.mp4,303,16.085,False,,,,,,,
head_nod.mp4,304,16.138,False,,,,,,,
head_nod.mp4,305,16.191,False,,,,,,,
head_nod.mp4,306,16.244,False,,,,,,,
head_nod.mp4,307,16.297,False,,,,,,,
head_nod.mp4,308,16.350,True,0.2665,0.0458,31.56,1.23,-2.33,0.363,0.555
head_nod.mp4,309,16.403,False,,,,,,,
head_nod.mp4,310,16.456,False,,,,,,,
head_nod.mp4,311,16.509,False,,,,,,,
head_nod.mp4,312,16.562,False,,,,,,,
head_nod.mp4,313,16.616,False,,,,,,,
head_nod.mp4,314,16.669,True,0.2709,0.0368,33.17,1.65,-0.63,0.349,0.546
head_nod.mp4,315,16.722,False,,,,,,,
head_nod.mp4,316,16.775,False,,,,,,,
head_nod.mp4,317,16.828,False,,,,,,,
head_nod.mp4,318,16.881,True,0.2794,0.0445,31.77,2.33,-4.01,0.364,0.531
head_nod.mp4,319,16.934,True,0.2746,0.0332,31.46,0.86,-1.24,0.323,0.544
head_nod.mp4,320,16.987,False,,,,,,,
head_nod.mp4,321,17.040,False,,,,,,,
head_nod.mp4,322,17.093,False,,,,,,,
head_nod.mp4,323,17.146,False,,,,,,,
head_nod.mp4,324,17.199,False,,,,,,,
head_nod.mp4,325,17.253,False,,,,,,,
head_nod.mp4,326,17.306,False,,,,,,,
head_nod.mp4,327,17.359,True,0.2626,0.0435,32.58,0.46,-0.30,0.320,0.555
head_nod.mp4,328,17.412,False,,,,,,,
head_nod.mp4,329,17.465,False,,,,,,,
head_nod.mp4,330,17.518,False,,,,,,,
head_nod.mp4,331,17.571,False,,,,,,,
head_nod.mp4,332,17.624,False,,,,,,,
head_nod.mp4,333,17.677,False,,,,,,,
head_nod.mp4,334,17.730,True,0.2815,0.0439,32.33,2.02,-1.87,0.359,0.552
head_nod.mp4,335,17.783,False,,,,,,,
head_nod.mp4,336,17.836,False,,,,,,,
head_nod.mp4,337,17.890,False,,,,,,,
head_nod.mp4,338,17.943,False,,,,,,,
head_nod.mp4,339,17.996,False,,,,,,,
head_nod.mp4,340,18.049,False,,,,,,,
head_nod.mp4,341,18.102,False,,,,,,,
head_nod.mp4,342,18.155,True,0.2692,0.0455,32.31,1.16,-1.21,0.355,0.552
head_nod.mp4,343,18.208,False,,,,,,,
head_nod.mp4,344,18.261,False,,,,,,,
head_nod.mp4,345,18.314,False,,,,,,,
head_nod.mp4,346,18.367,False,,,,,,,
head_nod.mp4,347,18.420,False,,,,,,,
head_nod.mp4,348,18.473,False,,,,,,,
head_nod.mp4,349,18.527,False,,,,,,,
head_nod.mp4,350,18.580,False,,,,,,,
head_nod.mp4,351,18.633,False,,,,,,,
head_nod.mp4,352,18.686,False,,,,,,,
head_nod.mp4,353,18.739,False,,,,,,,
head_nod.mp4,354,18.792,False,,,,,,,
head_nod.mp4,355,18.845,False,,,,,,,
head_nod.mp4,356,18.898,False,,,,,,,
head_nod.mp4,357,18.951,False,,,,,,,
head_nod.mp4,358,19.004,False,,,,,,,
phone_glance.mp4,0,0.000,True,0.1314,0.0058,20.01,1.56,-1.38,0.380,0.517
phone_glance.mp4,1,0.033,True,0.1238,0.0053,19.61,1.60,-0.87,0.378,0.513
phone_glance.mp4,2,0.066,True,0.1371,0.0034,19.83,1.58,-1.00,0.365,0.505
phone_glance.mp4,3,0.099,True,0.1115,0.0028,19.68,1.70,-0.95,0.283,0.515
phone_glance.mp4,4,0.132,True,0.1389,0.0043,20.03,1.70,-1.00,0.372,0.497
phone_glance.mp4,5,0.165,True,0.1134,0.0049,20.03,1.40,-0.47,0.325,0.521
phone_glance.mp4,6,0.198,True,0.1468,0.0068,20.14,1.67,-0.88,0.367,0.517
phone_glance.mp4,7,0.230,True,0.1711,0.0032,19.87,1.77,-0.85,0.379,0.503
phone_glance.mp4,8,0.263,True,0.1373,0.0029,19.89,1.81,-0.93,0.363,0.501
phone_glance.mp4,9,0.296,True,0.1392,0.0035,19.67,1.71,-1.19,0.391,0.506
phone_glance.mp4,10,0.329,True,0.1276,0.0026,19.95,1.71,-0.90,0.351,0.505
phone_glance.mp4,11,0.362,True,0.1093,0.0025,19.90,1.77,-1.19,0.281,0.499
phone_glance.mp4,12,0.395,True,0.1342,0.0035,20.00,1.54,-1.07,0.384,0.520
phone_glance.mp4,13,0.428,True,0.1313,0.0036,19.79,1.63,-1.04,0.342,0.505
phone_glance.mp4,14,0.461,True,0.0935,0.0044,20.07,1.51,-1.16,0.316,0.507
phone_glance.mp4,15,0.494,True,0.0922,0.0029,20.16,1.38,-1.34,0.246,0.510
phone_glance.mp4,16,0.527,True,0.1199,0.0027,20.42,1.48,-0.49,0.328,0.498
phone_glance.mp4,17,0.560,True,0.1257,0.0033,19.98,1.59,-0.88,0.352,0.499
phone_glance.mp4,18,0.593,True,0.1155,0.0035,20.12,1.69,-0.52,0.334,0.517
phone_glance.mp4,19,0.626,True,0.1215,0.0038,20.23,1.83,-1.17,0.327,0.510
phone_glance.mp4,20,0.659,True,0.1296,0.0061,20.06,1.67,-0.85,0.370,0.524
phone_glance.mp4,21,0.691,True,0.1318,0.0039,19.85,1.82,-1.09,0.358,0.500
phone_glance.mp4,22,0.724,True,0.1384,0.0026,19.98,1.84,-1.11,0.382,0.506
phone_glance.mp4,23,0.757,True,0.1199,0.0026,19.93,1.58,-1.23,0.328,0.503
phone_glance.mp4,24,0.790,True,0.1150,0.0049,19.93,1.64,-0.60,0.284,0.513
phone_glance.mp4,25,0.823,True,0.1246,0.0028,20.15,1.48,-0.39,0.314,0.500
phone_glance.mp4,26,0.856,True,0.1258,0.0040,20.08,1.68,-1.29,0.355,0.504
phone_glance.mp4,27,0.889,True,0.1405,0.0035,20.16,2.15,-1.33,0.384,0.497
phone_glance.mp4,28,0.922,True,0.1052,0.0026,19.85,1.93,-0.96,0.290,0.507
phone_glance.mp4,29,0.955,True,0.1167,0.0029,20.19,1.95,-0.99,0.327,0.502
phone_glance.mp4,30,0.988,True,0.1069,0.0080,20.03,1.64,-0.98,0.336,0.497
phone_glance.mp4,31,1.021,True,0.0973,0.0025,20.05,1.96,-1.01,0.235,0.504
phone_glance.mp4,32,1.054,True,0.1726,0.0034,19.93,1.85,-1.27,0.416,0.511
phone_glance.mp4,33,1.087,True,0.1676,0.0029,20.00,1.80,-0.50,0.397,0.505
phone_glance.mp4,34,1.120,True,0.1228,0.0059,19.95,1.76,-1.00,0.324,0.511
phone_glance.mp4,35,1.152,True,0.1404,0.0043,19.94,1.46,-0.89,0.379,0.509
phone_glance.mp4,36,1.185,True,0.1322,0.0048,20.23,1.27,-1.36,0.352,0.500
phone_glance.mp4,37,1.218,True,0.1453,0.0076,20.19,1.57,-0.74,0.385,0.504
phone_glance.mp4,38,1.251,True,0.1100,0.0027,20.06,1.72,-0.72,0.298,0.498
phone_glance.mp4,39,1.284,True,0.1281,0.0030,20.15,1.61,-0.91,0.348,0.502
phone_glance.mp4,40,1.317,True,0.1535,0.0026,19.99,1.70,-0.75,0.380,0.509
phone_glance.mp4,41,1.350,True,0.1228,0.0174,20.34,1.66,-0.21,0.353,0.515
phone_glance.mp4,42,1.383,True,0.1344,0.0021,20.25,1.84,-0.83,0.360,0.504
phone_glance.mp4,43,1.416,True,0.1469,0.0034,20.21,2.07,-0.75,0.365,0.516
phone_glance.mp4,44,1.449,True,0.1127,0.0023,20.53,1.63,-1.04,0.333,0.520
phone_glance.mp4,45,1.482,True,0.1444,0.0032,20.24,1.72,-0.52,0.370,0.508
phone_glance.mp4,46,1.515,True,0.1391,0.0036,20.52,1.67,-0.74,0.382,0.494
phone_glance.mp4,47,1.548,True,0.1235,0.0045,19.99,1.96,-0.73,0.389,0.507
phone_glance.mp4,48,1.581,True,0.1235,0.0056,20.38,1.62,-1.34,0.344,0.514
phone_glance.mp4,49,1.613,True,0.1502,0.0082,20.01,1.54,-1.13,0.349,0.523
phone_glance.mp4,50,1.646,True,0.1266,0.0033,20.56,1.97,-0.87,0.342,0.528
phone_glance.mp4,51,1.679,True,0.1217,0.0028,20.18,1.67,-1.35,0.375,0.508
phone_glance.mp4,52,1.712,True,0.1449,0.0032,20.35,1.75,-1.01,0.392,0.517
phone_glance.mp4,53,1.745,True,0.1207,0.0049,19.99,1.85,-0.95,0.296,0.525
phone_glance.mp4,54,1.778,True,0.1226,0.0052,20.09,1.51,-0.53,0.347,0.517
phone_glance.mp4,55,1.811,True,0.1428,0.0030,20.40,1.71,-0.49,0.357,0.526
phone_glance.mp4,56,1.844,True,0.1232,0.0041,20.35,2.04,-0.73,0.322,0.511
phone_glance.mp4,57,1.877,True,0.1002,0.0045,20.03,1.44,-1.16,0.333,0.503
phone_glance.mp4,58,1.910,True,0.1043,0.0039,20.29,1.55,-0.57,0.303,0.498
phone_glance.mp4,59,1.943,True,0.1151,0.0031,20.18,1.72,-0.67,0.307,0.528
phone_glance.mp4,60,1.976,True,0.1318,0.0036,19.74,1.64,-1.09,0.301,0.524
phone_glance.mp4,61,2.009,True,0.1545,0.0030,20.39,1.65,-0.51,0.385,0.519
phone_glance.mp4,62,2.041,True,0.1246,0.0041,20.07,1.35,-1.54,0.352,0.498
phone_glance.mp4,63,2.074,True,0.1380,0.0029,20.53,1.75,-1.46,0.395,0.508
phone_glance.mp4,64,2.107,True,0.1278,0.0029,20.45,1.58,-0.78,0.337,0.526
phone_glance.mp4,65,2.140,True,0.1287,0.0030,20.41,1.51,-0.45,0.361,0.528
phone_glance.mp4,66,2.173,True,0.0996,0.0041,20.07,1.64,-1.21,0.301,0.502
phone_glance.mp4,67,2.206,True,0.1112,0.0039,20.28,1.38,-1.07,0.340,0.512
phone_glance.mp4,68,2.239,True,0.1312,0.0028,20.39,1.90,-0.51,0.390,0.493
phone_glance.mp4,69,2.272,True,0.1103,0.0030,20.78,1.77,-0.99,0.317,0.501
phone_glance.mp4,70,2.305,True,0.1074,0.0128,20.34,1.54,-0.97,0.296,0.518
phone_glance.mp4,71,2.338,True,0.0819,0.0121,20.20,1.31,-0.65,0.274,0.503
phone_glance.mp4,72,2.371,True,0.1152,0.0194,20.26,1.35,-0.37,0.310,0.509
phone_glance.mp4,73,2.404,True,0.1115,0.0041,20.15,1.66,-0.57,0.318,0.519
phone_glance.mp4,74,2.437,True,0.1302,0.0029,20.42,1.78,-0.98,0.336,0.498
phone_glance.mp4,75,2.470,True,0.0644,0.0099,20.12,1.45,-0.74,0.140,0.501
phone_glance.mp4,76,2.502,True,0.0566,0.0027,20.16,1.46,-1.01,0.102,0.511
phone_glance.mp4,77,2.535,True,0.0506,0.0035,19.93,1.52,-0.68,0.014,0.502
phone_glance.mp4,78,2.568,True,0.0463,0.0039,20.27,1.58,-1.19,0.000,0.506
phone_glance.mp4,79,2.601,True,0.0617,0.0062,19.99,1.43,-0.78,0.189,0.504
phone_glance.mp4,80,2.634,True,0.0728,0.0033,20.25,1.64,-0.77,0.205,0.510
phone_glance.mp4,81,2.667,True,0.0868,0.0036,20.27,1.53,-0.81,0.293,0.516
phone_glance.mp4,82,2.700,True,0.0783,0.0023,20.28,1.40,-0.87,0.228,0.507
phone_glance.mp4,83,2.733,True,0.0874,0.0089,19.99,1.70,-0.72,0.296,0.503
phone_glance.mp4,84,2.766,True,0.0686,0.0062,20.12,1.75,-0.47,0.226,0.509
phone_glance.mp4,85,2.799,True,0.0566,0.0046,20.16,1.69,-0.34,0.012,0.514
phone_glance.mp4,86,2.832,True,0.0837,0.0023,20.65,1.55,-0.27,0.202,0.520
phone_glance.mp4,87,2.865,True,0.0895,0.0063,20.15,1.58,-0.67,0.307,0.513
phone_glance.mp4,88,2.898,True,0.0702,0.0025,20.14,1.46,-0.51,0.169,0.505
phone_glance.mp4,89,2.931,True,0.1067,0.0039,20.29,1.54,-0.93,0.309,0.525
phone_glance.mp4,90,2.963,True,0.1065,0.0098,20.62,1.81,-1.00,0.314,0.506
phone_glance.mp4,91,2.996,True,0.0770,0.0151,20.26,1.41,-0.98,0.192,0.497
phone_glance.mp4,92,3.029,True,0.0781,0.0022,20.12,1.48,-1.22,0.201,0.497
phone_glance.mp4,93,3.062,True,0.1009,0.0050,20.17,1.38,-0.66,0.316,0.503
phone_glance.mp4,94,3.095,True,0.0960,0.0073,20.53,1.59,-0.67,0.323,0.504
phone_glance.mp4,95,3.128,True,0.0931,0.0077,20.53,1.62,-1.13,0.247,0.502
phone_glance.mp4,96,3.161,True,0.0947,0.0062,20.43,1.62,-0.40,0.259,0.493
phone_glance.mp4,97,3.194,True,0.0888,0.0115,20.66,1.75,-0.50,0.254,0.493
phone_glance.mp4,98,3.227,True,0.0945,0.0065,20.59,1.67,-0.61,0.276,0.528
phone_glance.mp4,99,3.260,True,0.0793,0.0063,20.52,1.77,-0.72,0.183,0.486
phone_glance.mp4,100,3.293,True,0.0767,0.0039,20.36,1.54,-0.70,0.175,0.496
phone_glance.mp4,101,3.326,True,0.0942,0.0026,20.66,1.67,-0.63,0.283,0.489
phone_glance.mp4,102,3.359,True,0.1073,0.0030,20.41,1.60,-0.82,0.302,0.491
phone_glance.mp4,103,3.392,True,0.1203,0.0035,20.63,1.34,-1.30,0.305,0.495
phone_glance.mp4,104,3.424,True,0.1205,0.0048,20.43,1.88,-1.22,0.304,0.490
phone_glance.mp4,105,3.457,True,0.1468,0.0063,20.50,1.77,-0.33,0.349,0.493
phone_glance.mp4,106,3.490,True,0.1510,0.0024,20.89,1.47,-1.08,0.356,0.519
phone_glance.mp4,107,3.523,True,0.1680,0.0029,20.82,1.71,-0.70,0.370,0.501
phone_glance.mp4,108,3.556,True,0.1914,0.0039,21.07,2.07,-1.07,0.411,0.505
phone_glance.mp4,109,3.589,True,0.2161,0.0091,20.86,1.80,-0.73,0.395,0.515
phone_glance.mp4,110,3.622,True,0.1860,0.0025,20.75,2.02,-0.81,0.393,0.498
phone_glance.mp4,111,3.655,True,0.1970,0.0038,20.96,1.72,-1.25,0.414,0.503
phone_glance.mp4,112,3.688,True,0.1664,0.0054,20.59,1.54,-0.62,0.359,0.509
phone_glance.mp4,113,3.721,True,0.2068,0.0124,21.05,1.75,-1.17,0.399,0.500
phone_glance.mp4,114,3.754,True,0.1741,0.0024,20.61,1.62,-0.86,0.372,0.500
phone_glance.mp4,115,3.787,True,0.1954,0.0052,20.85,1.67,-0.90,0.426,0.497
phone_glance.mp4,116,3.820,True,0.1913,0.0051,21.06,1.59,-1.37,0.380,0.502
phone_glance.mp4,117,3.853,True,0.2063,0.0067,21.14,1.57,-0.71,0.416,0.508
phone_glance.mp4,118,3.885,True,0.1808,0.0043,21.00,1.94,-1.15,0.404,0.509
phone_glance.mp4,119,3.918,True,0.2078,0.0138,20.90,1.78,-0.87,0.409,0.492
phone_glance.mp4,120,3.951,True,0.1612,0.0020,21.03,1.53,-0.83,0.338,0.481
phone_glance.mp4,121,3.984,True,0.1931,0.0061,20.85,1.57,-0.36,0.405,0.502
phone_glance.mp4,122,4.017,True,0.1843,0.0079,20.92,1.46,-0.77,0.380,0.499
phone_glance.mp4,123,4.050,True,0.1550,0.0057,20.85,1.77,-0.95,0.340,0.495
phone_glance.mp4,124,4.083,True,0.1806,0.0046,20.92,1.75,-1.34,0.389,0.510
phone_glance.mp4,125,4.116,True,0.1942,0.0067,20.89,1.82,-1.10,0.386,0.488
phone_glance.mp4,126,4.149,True,0.1688,0.0041,21.16,1.82,-0.88,0.365,0.504
phone_glance.mp4,127,4.182,True,0.1802,0.0083,21.12,1.82,-0.53,0.377,0.504
phone_glance.mp4,128,4.215,True,0.1487,0.0054,20.89,1.49,-0.70,0.308,0.489
phone_glance.mp4,129,4.248,True,0.1719,0.0036,20.79,1.79,-1.01,0.346,0.488
phone_glance.mp4,130,4.281,True,0.1680,0.0039,21.08,1.65,-1.41,0.357,0.495
phone_glance.mp4,131,4.313,True,0.2000,0.0035,21.13,1.80,-1.06,0.397,0.501
phone_glance.mp4,132,4.346,True,0.1997,0.0050,21.02,1.71,-0.74,0.386,0.506
phone_glance.mp4,133,4.379,True,0.1850,0.0094,20.82,1.58,-0.53,0.357,0.496
phone_glance.mp4,134,4.412,True,0.1695,0.0055,20.90,1.72,-0.57,0.357,0.507
phone_glance.mp4,135,4.445,True,0.1726,0.0053,21.13,1.70,-0.52,0.362,0.495
phone_glance.mp4,136,4.478,True,0.1828,0.0077,20.98,1.42,-0.60,0.395,0.492
phone_glance.mp4,137,4.511,True,0.1834,0.0046,20.99,1.77,-0.46,0.393,0.495
phone_glance.mp4,138,4.544,True,0.1887,0.0091,20.96,1.76,-0.44,0.409,0.496
phone_glance.mp4,139,4.577,True,0.1916,0.0081,20.82,1.64,-0.65,0.389,0.502
phone_glance.mp4,140,4.610,True,0.2121,0.0047,21.04,1.85,-0.47,0.394,0.491
phone_glance.mp4,141,4.643,True,0.1843,0.0028,21.40,1.79,-0.34,0.389,0.502
phone_glance.mp4,142,4.676,True,0.2247,0.0052,21.34,1.81,-0.39,0.426,0.504
phone_glance.mp4,143,4.709,True,0.2048,0.0056,20.99,1.89,-0.85,0.407,0.506
phone_glance.mp4,144,4.742,True,0.1835,0.0038,21.16,1.62,-0.62,0.368,0.489
phone_glance.mp4,145,4.774,True,0.1725,0.0051,20.82,1.63,-1.03,0.369,0.487
phone_glance.mp4,146,4.807,True,0.2018,0.0026,21.03,1.78,-0.93,0.410,0.499
phone_glance.mp4,147,4.840,True,0.2204,0.0029,21.00,1.85,-0.79,0.412,0.502
phone_glance.mp4,148,4.873,True,0.1941,0.0076,21.11,1.66,-0.96,0.401,0.492
phone_glance.mp4,149,4.906,True,0.1856,0.0017,20.92,1.78,-0.42,0.400,0.492
phone_glance.mp4,150,4.939,True,0.2092,0.0072,21.35,1.79,-0.74,0.400,0.494
phone_glance.mp4,151,4.972,True,0.1619,0.0029,20.99,1.31,-1.01,0.362,0.484
phone_glance.mp4,152,5.005,True,0.2067,0.0112,21.17,1.92,-1.46,0.405,0.495
phone_glance.mp4,153,5.038,True,0.1914,0.0061,21.02,1.55,-0.68,0.395,0.489
phone_glance.mp4,154,5.071,True,0.2129,0.0061,21.15,1.54,-0.27,0.414,0.509
phone_glance.mp4,155,5.104,True,0.2178,0.0131,21.44,1.69,-0.95,0.419,0.486
phone_glance.mp4,156,5.137,True,0.2168,0.0068,21.21,1.71,-1.49,0.406,0.490
phone_glance.mp4,157,5.170,True,0.1895,0.0061,20.92,1.87,-0.99,0.392,0.495
phone_glance.mp4,158,5.203,True,0.1913,0.0025,21.20,1.73,-0.79,0.398,0.501
phone_glance.mp4,159,5.235,True,0.2265,0.0065,21.06,1.56,-0.68,0.441,0.512
phone_glance.mp4,160,5.268,True,0.2186,0.0116,21.18,1.83,-0.86,0.416,0.509
phone_glance.mp4,161,5.301,True,0.1849,0.0047,21.28,1.81,0.12,0.377,0.509
phone_glance.mp4,162,5.334,True,0.1909,0.0095,21.22,1.93,-0.51,0.398,0.505
phone_glance.mp4,163,5.367,True,0.1934,0.0041,21.53,1.76,-0.60,0.406,0.499
phone_glance.mp4,164,5.400,True,0.2119,0.0052,21.21,1.33,-0.92,0.424,0.497
phone_glance.mp4,165,5.433,True,0.2163,0.0055,21.15,1.87,-1.17,0.415,0.508
phone_glance.mp4,166,5.466,True,0.1870,0.0049,21.33,1.71,-0.95,0.370,0.507
phone_glance.mp4,167,5.499,True,0.1672,0.0107,21.11,1.51,-1.06,0.392,0.504
phone_glance.mp4,168,5.532,True,0.2170,0.0089,21.05,1.72,-0.83,0.410,0.506
phone_glance.mp4,169,5.565,True,0.2116,0.0065,21.07,1.64,-1.13,0.404,0.508
phone_glance.mp4,170,5.598,True,0.2153,0.0138,21.17,1.74,-1.38,0.401,0.513
phone_glance.mp4,171,5.631,True,0.2063,0.0204,21.14,1.60,-0.86,0.398,0.519
phone_glance.mp4,172,5.664,True,0.1695,0.0084,21.01,1.72,-0.95,0.376,0.502
phone_glance.mp4,173,5.696,True,0.2032,0.0039,21.37,2.08,-1.06,0.427,0.516
phone_glance.mp4,174,5.729,True,0.2048,0.0128,21.49,1.68,-0.67,0.398,0.503
phone_glance.mp4,175,5.762,True,0.2172,0.0037,21.28,2.17,-0.74,0.434,0.491
phone_glance.mp4,176,5.795,True,0.1730,0.0049,21.24,1.70,-0.32,0.382,0.497
phone_glance.mp4,177,5.828,True,0.1777,0.0132,21.25,1.86,-0.85,0.380,0.520
phone_glance.mp4,178,5.861,True,0.1883,0.0067,21.38,1.85,-0.85,0.402,0.506
phone_glance.mp4,179,5.894,True,0.2209,0.0046,21.17,1.76,-0.80,0.432,0.507
phone_glance.mp4,180,5.927,True,0.2140,0.0074,20.91,1.32,-0.51,0.413,0.513
phone_glance.mp4,181,5.960,True,0.1962,0.0103,21.22,1.57,-1.58,0.382,0.502
phone_glance.mp4,182,5.993,True,0.1852,0.0046,21.18,1.56,-1.10,0.399,0.496
phone_glance.mp4,183,6.026,True,0.1819,0.0095,21.17,1.89,-1.19,0.401,0.510
phone_glance.mp4,184,6.059,True,0.2115,0.0084,21.13,1.65,-1.23,0.407,0.511
phone_glance.mp4,185,6.092,True,0.2349,0.0057,20.86,2.13,-1.17,0.429,0.502
phone_glance.mp4,186,6.124,True,0.2086,0.0053,21.39,1.89,-1.58,0.418,0.498
phone_glance.mp4,187,6.157,True,0.2034,0.0072,21.11,1.70,-1.30,0.395,0.508
phone_glance.mp4,188,6.190,True,0.1001,0.0067,20.63,1.35,-0.96,0.247,0.509
phone_glance.mp4,189,6.223,True,0.0797,0.0061,20.44,1.77,-0.93,0.234,0.502
phone_glance.mp4,190,6.256,True,0.0586,0.0174,20.47,1.55,-0.92,0.015,0.492
phone_glance.mp4,191,6.289,True,0.0901,0.0109,20.62,1.46,-1.33,0.235,0.504
phone_glance.mp4,192,6.322,True,0.1416,0.0071,21.04,1.64,-1.28,0.366,0.520
phone_glance.mp4,193,6.355,True,0.1618,0.0032,21.40,1.91,-1.13,0.367,0.501
phone_glance.mp4,194,6.388,True,0.1850,0.0028,21.57,1.97,-0.92,0.375,0.499
phone_glance.mp4,195,6.421,True,0.1683,0.0030,21.24,1.81,-1.46,0.385,0.501
phone_glance.mp4,196,6.454,True,0.2061,0.0118,21.29,1.83,-0.74,0.417,0.517
phone_glance.mp4,197,6.487,True,0.1970,0.0039,21.31,1.90,-1.10,0.427,0.503
phone_glance.mp4,198,6.520,True,0.1961,0.0045,21.42,1.84,-1.00,0.421,0.505
phone_glance.mp4,199,6.553,True,0.2204,0.0041,21.48,2.14,-0.65,0.433,0.512
phone_glance.mp4,200,6.585,True,0.2027,0.0263,21.38,1.76,-0.82,0.409,0.504
phone_glance.mp4,201,6.618,True,0.1987,0.0063,20.96,2.05,-0.98,0.395,0.499
phone_glance.mp4,202,6.651,True,0.1960,0.0071,21.25,1.59,-0.88,0.367,0.505
phone_glance.mp4,203,6.684,True,0.2192,0.0140,21.21,1.68,-1.19,0.417,0.514
phone_glance.mp4,204,6.717,True,0.1763,0.0079,21.05,1.37,-1.04,0.380,0.498
phone_glance.mp4,205,6.750,True,0.2166,0.0085,21.49,1.78,-1.20,0.416,0.509
phone_glance.mp4,206,6.783,True,0.2249,0.0102,21.34,1.70,-1.08,0.420,0.493
phone_glance.mp4,207,6.816,True,0.2210,0.0039,21.07,1.64,-0.89,0.414,0.500
phone_glance.mp4,208,6.849,True,0.1845,0.0063,21.29,1.71,-0.95,0.375,0.502
phone_glance.mp4,209,6.882,True,0.1959,0.0109,20.97,1.62,-1.13,0.400,0.493
phone_glance.mp4,210,6.915,True,0.1979,0.0124,21.39,1.74,-1.57,0.416,0.485
phone_glance.mp4,211,6.948,True,0.1700,0.0108,21.46,1.61,-0.35,0.350,0.520
phone_glance.mp4,212,6.981,True,0.2108,0.0143,21.12,1.48,-0.99,0.395,0.509
phone_glance.mp4,213,7.014,True,0.1997,0.0086,21.24,1.91,-0.76,0.397,0.501
phone_glance.mp4,214,7.046,True,0.2095,0.0028,21.21,2.01,-0.71,0.390,0.516
phone_glance.mp4,215,7.079,True,0.2202,0.0035,21.14,1.71,-0.78,0.413,0.518
phone_glance.mp4,216,7.112,True,0.1916,0.0061,21.02,1.94,-0.65,0.388,0.507
phone_glance.mp4,217,7.145,True,0.2033,0.0056,21.21,1.85,-1.12,0.413,0.507
phone_glance.mp4,218,7.178,True,0.2029,0.0094,21.47,1.78,-1.07,0.394,0.499
phone_glance.mp4,219,7.211,True,0.2098,0.0076,21.37,1.61,-1.33,0.425,0.509
phone_glance.mp4,220,7.244,True,0.2001,0.0094,21.14,1.96,-1.10,0.395,0.509
phone_glance.mp4,221,7.277,True,0.1849,0.0057,21.36,1.61,-1.09,0.408,0.496
phone_glance.mp4,222,7.310,True,0.2118,0.0064,21.20,1.96,-1.50,0.433,0.489
phone_glance.mp4,223,7.343,True,0.1819,0.0117,21.35,1.76,-1.14,0.380,0.505
phone_glance.mp4,224,7.376,True,0.1980,0.0033,21.11,1.99,-1.02,0.423,0.513
phone_glance.mp4,225,7.409,True,0.2059,0.0030,21.40,1.62,-1.07,0.407,0.513
phone_glance.mp4,226,7.442,True,0.2238,0.0163,21.59,1.77,-0.66,0.426,0.517
phone_glance.mp4,227,7.475,True,0.1876,0.0027,21.57,1.80,-0.99,0.397,0.503
phone_glance.mp4,228,7.507,True,0.2024,0.0128,21.64,1.88,-1.24,0.402,0.503
phone_glance.mp4,229,7.540,True,0.2170,0.0055,21.09,1.51,-0.66,0.405,0.497
phone_glance.mp4,230,7.573,True,0.2145,0.0084,21.17,1.71,-0.88,0.410,0.512
phone_glance.mp4,231,7.606,True,0.2212,0.0025,21.42,1.89,-0.74,0.425,0.493
phone_glance.mp4,232,7.639,True,0.2067,0.0048,21.43,1.72,-0.36,0.396,0.491
phone_glance.mp4,233,7.672,True,0.1725,0.0191,21.35,1.78,-0.98,0.356,0.488
phone_glance.mp4,234,7.705,True,0.1833,0.0044,21.52,1.62,-0.64,0.366,0.492
phone_glance.mp4,235,7.738,True,0.2156,0.0076,21.46,1.63,-0.69,0.428,0.499
phone_glance.mp4,236,7.771,True,0.2253,0.0055,21.41,1.77,-1.20,0.428,0.501
phone_glance.mp4,237,7.804,True,0.2129,0.0053,21.63,1.78,-0.81,0.425,0.504
phone_glance.mp4,238,7.837,True,0.2006,0.0034,21.17,1.54,-0.75,0.401,0.500
phone_glance.mp4,239,7.870,True,0.1688,0.0034,21.53,1.98,-0.66,0.393,0.499
phone_glance.mp4,240,7.903,True,0.1824,0.0060,21.04,2.06,-0.62,0.396,0.517
phone_glance.mp4,241,7.935,True,0.1330,0.0036,21.13,1.95,-1.58,0.375,0.511
phone_glance.mp4,242,7.968,True,0.1260,0.0188,21.25,1.80,-0.79,0.318,0.487
phone_glance.mp4,243,8.001,True,0.1489,0.0113,21.06,1.69,-0.40,0.368,0.498
phone_glance.mp4,244,8.034,True,0.1166,0.0074,21.07,1.89,-0.05,0.286,0.505
phone_glance.mp4,245,8.067,True,0.1209,0.0036,20.60,1.47,-0.43,0.305,0.518
phone_glance.mp4,246,8.100,True,0.1145,0.0051,20.71,1.71,-0.59,0.285,0.503
phone_glance.mp4,247,8.133,True,0.1216,0.0098,21.11,1.69,-0.15,0.277,0.487
phone_glance.mp4,248,8.166,True,0.1335,0.0122,20.79,1.85,-0.93,0.364,0.501
phone_glance.mp4,249,8.199,True,0.1296,0.0094,21.03,1.73,-0.78,0.344,0.510
phone_glance.mp4,250,8.232,True,0.1074,0.0092,21.19,1.68,-0.77,0.311,0.498
phone_glance.mp4,251,8.265,True,0.1230,0.0143,21.13,1.81,-0.79,0.327,0.492
phone_glance.mp4,252,8.298,True,0.0892,0.0185,21.19,1.85,-0.28,0.191,0.493
phone_glance.mp4,253,8.331,True,0.0927,0.0106,20.84,1.78,-0.37,0.220,0.496
phone_glance.mp4,254,8.364,True,0.1293,0.0087,21.30,1.67,-0.17,0.327,0.493
phone_glance.mp4,255,8.396,True,0.1084,0.0050,20.98,1.78,-0.47,0.298,0.489
phone_glance.mp4,256,8.429,True,0.0898,0.0056,21.10,1.62,0.14,0.258,0.497
phone_glance.mp4,257,8.462,True,0.1099,0.0099,21.17,1.98,-0.44,0.295,0.494
phone_glance.mp4,258,8.495,True,0.1192,0.0141,21.16,1.86,-0.79,0.316,0.515
phone_glance.mp4,259,8.528,True,0.1119,0.0102,20.99,1.80,-0.18,0.328,0.493
phone_glance.mp4,260,8.561,True,0.1027,0.0079,20.89,1.71,-0.41,0.298,0.496
phone_glance.mp4,261,8.594,True,0.0835,0.0033,21.16,1.79,-0.39,0.196,0.506
phone_glance.mp4,262,8.627,True,0.0926,0.0030,21.49,1.78,-0.51,0.227,0.490
phone_glance.mp4,263,8.660,True,0.0832,0.0063,21.03,1.70,-0.38,0.250,0.497
phone_glance.mp4,264,8.693,True,0.0987,0.0081,21.02,1.83,-0.54,0.251,0.496
phone_glance.mp4,265,8.726,True,0.1100,0.0081,21.06,1.86,-0.81,0.291,0.507
phone_glance.mp4,266,8.759,True,0.0968,0.0077,21.03,1.73,-0.44,0.274,0.509
phone_glance.mp4,267,8.792,True,0.1176,0.0085,20.74,1.87,-0.42,0.266,0.525
phone_glance.mp4,268,8.825,True,0.1066,0.0042,20.86,1.70,-0.58,0.279,0.499
phone_glance.mp4,269,8.857,True,0.0917,0.0079,21.27,1.50,-0.15,0.251,0.510
phone_glance.mp4,270,8.890,True,0.0794,0.0051,20.98,1.52,-0.73,0.137,0.512
phone_glance.mp4,271,8.923,True,0.0848,0.0054,21.07,1.38,-0.71,0.216,0.503
phone_glance.mp4,272,8.956,True,0.1108,0.0137,21.21,1.56,0.12,0.316,0.499
phone_glance.mp4,273,8.989,True,0.0880,0.0114,20.87,1.57,-0.44,0.224,0.505
phone_glance.mp4,274,9.022,True,0.1009,0.0080,20.89,1.74,-0.18,0.332,0.500
phone_glance.mp4,275,9.055,True,0.1227,0.0152,21.36,1.65,-0.53,0.347,0.506
phone_glance.mp4,276,9.088,True,0.1081,0.0181,21.35,1.66,-0.37,0.255,0.501
phone_glance.mp4,277,9.121,True,0.1346,0.0073,20.93,1.87,-0.42,0.356,0.503
phone_glance.mp4,278,9.154,True,0.1022,0.0054,20.74,1.46,-0.63,0.328,0.517
phone_glance.mp4,279,9.187,True,0.1197,0.0075,21.07,1.55,0.15,0.372,0.503
phone_glance.mp4,280,9.220,True,0.0844,0.0064,20.82,1.78,-0.32,0.208,0.493
phone_glance.mp4,281,9.253,True,0.0930,0.0100,21.17,1.58,-0.67,0.261,0.505
phone_glance.mp4,282,9.286,True,0.0916,0.0033,21.11,1.50,-0.23,0.317,0.519
phone_glance.mp4,283,9.318,True,0.0959,0.0069,21.22,1.63,-0.78,0.266,0.513
phone_glance.mp4,284,9.351,True,0.1070,0.0036,21.38,1.86,-0.61,0.288,0.509
phone_glance.mp4,285,9.384,True,0.1321,0.0086,20.84,1.90,0.05,0.339,0.508
phone_glance.mp4,286,9.417,True,0.1168,0.0078,20.80,1.65,-0.81,0.337,0.496
phone_glance.mp4,287,9.450,True,0.1016,0.0102,21.35,1.68,-1.17,0.274,0.491
phone_glance.mp4,288,9.483,True,0.0881,0.0054,21.11,1.91,-0.56,0.239,0.498
phone_glance.mp4,289,9.516,True,0.1069,0.0036,21.16,1.85,-0.43,0.337,0.499
phone_glance.mp4,290,9.549,True,0.1091,0.0042,20.81,1.92,-0.49,0.292,0.511
phone_glance.mp4,291,9.582,True,0.1295,0.0038,21.24,1.72,-0.69,0.338,0.511
phone_glance.mp4,292,9.615,True,0.1082,0.0035,20.94,1.89,-0.67,0.330,0.508
phone_glance.mp4,293,9.648,True,0.1171,0.0057,21.02,1.94,-0.82,0.349,0.512
phone_glance.mp4,294,9.681,True,0.1100,0.0078,20.86,1.80,-0.80,0.310,0.513
phone_glance.mp4,295,9.714,True,0.1075,0.0067,21.18,1.83,-0.36,0.310,0.513
phone_glance.mp4,296,9.746,True,0.1206,0.0182,21.17,1.87,-0.51,0.310,0.512
phone_glance.mp4,297,9.779,True,0.1088,0.0060,21.19,1.63,-0.47,0.281,0.499
phone_glance.mp4,298,9.812,True,0.1063,0.0050,21.30,1.99,-0.49,0.272,0.512
phone_glance.mp4,299,9.845,True,0.1137,0.0099,20.89,1.78,-0.50,0.355,0.508
phone_glance.mp4,300,9.878,True,0.1034,0.0099,20.85,1.65,-0.33,0.262,0.503
phone_glance.mp4,301,9.911,True,0.1009,0.0092,21.00,1.73,-0.62,0.275,0.515
phone_glance.mp4,302,9.944,True,0.1297,0.0093,20.94,1.74,-0.34,0.332,0.506
phone_glance.mp4,303,9.977,True,0.1204,0.0063,20.74,1.91,-0.70,0.295,0.496
phone_glance.mp4,304,10.010,True,0.1084,0.0102,21.06,1.69,-0.21,0.284,0.499
phone_glance.mp4,305,10.043,True,0.1172,0.0051,20.92,1.91,-0.12,0.283,0.496
phone_glance.mp4,306,10.076,True,0.1257,0.0056,21.04,1.98,0.03,0.299,0.497
phone_glance.mp4,307,10.109,True,0.1155,0.0129,21.09,1.74,-0.69,0.307,0.497
phone_glance.mp4,308,10.142,True,0.0984,0.0064,20.75,1.66,-0.63,0.267,0.498
phone_glance.mp4,309,10.175,True,0.0965,0.0088,21.03,1.84,-1.03,0.257,0.498
phone_glance.mp4,310,10.207,True,0.1118,0.0157,21.29,1.92,-0.38,0.316,0.504
phone_glance.mp4,311,10.240,True,0.1089,0.0092,20.96,1.92,-0.38,0.282,0.495
phone_glance.mp4,312,10.273,True,0.1194,0.0096,21.07,1.77,-0.68,0.285,0.508
phone_glance.mp4,313,10.306,True,0.0753,0.0097,20.57,1.85,-0.51,0.144,0.497
phone_glance.mp4,314,10.339,True,0.0586,0.0179,20.39,1.78,-0.55,0.065,0.493
phone_glance.mp4,315,10.372,True,0.0494,0.0103,20.32,1.65,-0.28,0.000,0.500
phone_glance.mp4,316,10.405,True,0.0545,0.0155,20.67,1.82,-0.98,0.000,0.511
phone_glance.mp4,317,10.438,True,0.0903,0.0066,20.75,1.91,-0.79,0.240,0.498
phone_glance.mp4,318,10.471,True,0.1049,0.0062,20.73,1.52,-0.50,0.356,0.497
phone_glance.mp4,319,10.504,True,0.0985,0.0066,20.76,1.90,-0.37,0.249,0.500
phone_glance.mp4,320,10.537,True,0.0875,0.0061,21.15,1.73,-0.09,0.251,0.493
phone_glance.mp4,321,10.570,True,0.1123,0.0059,21.10,1.63,-0.23,0.310,0.503
phone_glance.mp4,322,10.603,True,0.0908,0.0025,21.33,1.69,-0.52,0.253,0.497
phone_glance.mp4,323,10.636,True,0.0970,0.0056,21.12,1.59,-0.20,0.240,0.500
phone_glance.mp4,324,10.668,True,0.1050,0.0144,21.19,1.61,-0.22,0.211,0.504
phone_glance.mp4,325,10.701,True,0.0992,0.0059,21.11,1.59,-0.42,0.249,0.498
phone_glance.mp4,326,10.734,True,0.1067,0.0265,21.20,1.86,-0.86,0.258,0.507
phone_glance.mp4,327,10.767,True,0.0921,0.0144,21.10,1.42,-0.61,0.207,0.503
phone_glance.mp4,328,10.800,True,0.1276,0.0147,21.05,1.64,-0.59,0.307,0.497
phone_glance.mp4,329,10.833,True,0.1212,0.0106,21.10,1.89,-0.90,0.310,0.503
phone_glance.mp4,330,10.866,True,0.1118,0.0101,20.96,1.74,-1.05,0.311,0.496
phone_glance.mp4,331,10.899,True,0.1175,0.0061,21.39,1.67,-1.01,0.333,0.516
phone_glance.mp4,332,10.932,True,0.1102,0.0041,21.15,1.76,-0.71,0.337,0.497
phone_glance.mp4,333,10.965,True,0.1141,0.0052,20.88,1.83,-0.39,0.319,0.498
phone_glance.mp4,334,10.998,True,0.1338,0.0067,21.06,1.94,-0.78,0.346,0.500
phone_glance.mp4,335,11.031,True,0.1009,0.0128,21.11,1.90,-0.71,0.187,0.497
phone_glance.mp4,336,11.064,True,0.1214,0.0058,20.73,1.89,-0.61,0.342,0.496
phone_glance.mp4,337,11.097,True,0.1005,0.0082,20.93,1.99,-0.33,0.330,0.504
phone_glance.mp4,338,11.129,True,0.1155,0.0039,20.68,2.28,-0.48,0.281,0.514
phone_glance.mp4,339,11.162,True,0.1260,0.0079,20.66,1.96,-0.51,0.291,0.521
phone_glance.mp4,340,11.195,True,0.1213,0.0165,21.43,1.90,-0.82,0.345,0.512
phone_glance.mp4,341,11.228,True,0.1130,0.0075,21.24,1.73,-0.45,0.276,0.515
phone_glance.mp4,342,11.261,True,0.1329,0.0115,21.20,1.75,-0.41,0.343,0.514
phone_glance.mp4,343,11.294,True,0.1117,0.0211,21.08,1.58,-0.73,0.338,0.509
phone_glance.mp4,344,11.327,True,0.1281,0.0095,21.30,1.79,-0.34,0.301,0.504
phone_glance.mp4,345,11.360,True,0.1092,0.0095,21.01,1.79,-0.34,0.293,0.512
phone_glance.mp4,346,11.393,True,0.1014,0.0054,21.20,1.71,-0.32,0.243,0.502
phone_glance.mp4,347,11.426,True,0.1166,0.0116,20.84,2.12,-0.85,0.347,0.504
phone_glance.mp4,348,11.459,True,0.0770,0.0149,21.14,1.68,-0.69,0.130,0.485
phone_glance.mp4,349,11.492,True,0.0507,0.0176,20.41,2.15,-0.39,0.000,0.478
phone_glance.mp4,350,11.525,True,0.0480,0.0107,20.73,2.06,0.04,0.000,0.479
phone_glance.mp4,351,11.558,True,0.0391,0.0102,20.43,1.91,-0.94,0.000,0.507
phone_glance.mp4,352,11.590,True,0.0643,0.0119,20.80,1.61,-0.44,0.081,0.491
phone_glance.mp4,353,11.623,True,0.0929,0.0137,21.11,1.89,-0.64,0.262,0.487
phone_glance.mp4,354,11.656,True,0.0935,0.0179,20.87,1.77,-0.87,0.224,0.498
phone_glance.mp4,355,11.689,True,0.0853,0.0128,21.26,1.91,0.42,0.206,0.498
phone_glance.mp4,356,11.722,True,0.1050,0.0052,21.05,2.11,-0.33,0.271,0.491
phone_glance.mp4,357,11.755,True,0.0957,0.0109,21.07,1.89,-0.54,0.239,0.491
phone_glance.mp4,358,11.788,True,0.0761,0.0089,21.12,1.90,-0.25,0.124,0.499
phone_glance.mp4,359,11.821,True,0.0772,0.0082,21.05,1.86,-0.07,0.204,0.496
phone_glance.mp4,360,11.854,True,0.0898,0.0093,21.41,1.58,0.10,0.219,0.499
phone_glance.mp4,361,11.887,True,0.0790,0.0147,20.96,1.81,-0.45,0.200,0.502
phone_glance.mp4,362,11.920,True,0.0876,0.0103,21.30,1.69,-0.82,0.196,0.517
phone_glance.mp4,363,11.953,True,0.1170,0.0112,21.47,2.02,-1.09,0.278,0.493
phone_glance.mp4,364,11.986,True,0.0889,0.0144,21.18,1.91,-0.23,0.174,0.479
phone_glance.mp4,365,12.018,True,0.1021,0.0102,21.49,1.89,-0.39,0.244,0.497
phone_glance.mp4,366,12.051,True,0.1159,0.0067,21.24,1.76,0.23,0.312,0.498
phone_glance.mp4,367,12.084,True,0.1015,0.0101,21.31,1.74,0.07,0.259,0.501
phone_glance.mp4,368,12.117,True,0.1002,0.0126,21.08,1.51,0.14,0.261,0.514
phone_glance.mp4,369,12.150,True,0.0962,0.0080,21.26,1.83,0.37,0.277,0.504
phone_glance.mp4,370,12.183,True,0.1284,0.0081,21.61,1.93,-0.17,0.345,0.509
phone_glance.mp4,371,12.216,True,0.1222,0.0169,21.66,1.84,-0.22,0.343,0.505
phone_glance.mp4,372,12.249,True,0.0800,0.0135,21.61,1.62,-0.21,0.108,0.486
phone_glance.mp4,373,12.282,True,0.1045,0.0111,21.63,1.56,-0.44,0.261,0.503
phone_glance.mp4,374,12.315,True,0.1098,0.0201,21.31,1.93,0.11,0.258,0.508
phone_glance.mp4,375,12.348,True,0.1169,0.0157,21.82,1.83,0.12,0.267,0.504
phone_glance.mp4,376,12.381,True,0.0956,0.0083,21.26,1.90,-1.02,0.249,0.490
phone_glance.mp4,377,12.414,True,0.1272,0.0121,21.26,1.76,-0.31,0.333,0.503
phone_glance.mp4,378,12.447,True,0.1290,0.0127,21.18,1.79,-0.69,0.311,0.496
phone_glance.mp4,379,12.479,True,0.1117,0.0113,21.27,2.11,-0.50,0.323,0.508
phone_glance.mp4,380,12.512,True,0.1010,0.0109,21.44,1.75,-0.76,0.228,0.512
phone_glance.mp4,381,12.545,True,0.1055,0.0120,21.26,2.24,-0.70,0.274,0.510
phone_glance.mp4,382,12.578,True,0.1029,0.0109,21.14,1.87,-0.62,0.300,0.506
phone_glance.mp4,383,12.611,True,0.1150,0.0157,21.05,1.52,-0.41,0.302,0.494
phone_glance.mp4,384,12.644,True,0.1090,0.0128,21.42,1.75,-0.76,0.239,0.502
phone_glance.mp4,385,12.677,True,0.1160,0.0048,21.51,2.17,-1.13,0.321,0.507
phone_glance.mp4,386,12.710,True,0.1054,0.0096,21.54,1.83,-0.56,0.245,0.505
phone_glance.mp4,387,12.743,True,0.1081,0.0128,21.66,2.05,-0.81,0.246,0.505
phone_glance.mp4,388,12.776,True,0.1172,0.0083,21.17,1.67,-0.49,0.305,0.502
phone_glance.mp4,389,12.809,True,0.1029,0.0116,21.52,2.07,0.33,0.226,0.502
phone_glance.mp4,390,12.842,True,0.1179,0.0216,21.39,1.84,-0.88,0.341,0.504
phone_glance.mp4,391,12.875,True,0.0987,0.0203,21.41,2.02,-0.81,0.290,0.508
phone_glance.mp4,392,12.908,True,0.0943,0.0230,21.51,1.71,-0.66,0.267,0.486
phone_glance.mp4,393,12.940,True,0.1017,0.0231,21.55,1.63,0.07,0.248,0.507
phone_glance.mp4,394,12.973,True,0.1129,0.0239,21.45,1.86,-0.39,0.327,0.498
phone_glance.mp4,395,13.006,True,0.1037,0.0222,21.45,1.76,-0.77,0.287,0.505
phone_glance.mp4,396,13.039,True,0.1075,0.0204,21.49,1.85,-0.47,0.255,0.508
phone_glance.mp4,397,13.072,True,0.1111,0.0136,21.75,1.98,-0.97,0.268,0.517
phone_glance.mp4,398,13.105,True,0.0981,0.0060,21.84,2.03,-0.92,0.169,0.493
phone_glance.mp4,399,13.138,True,0.1354,0.0084,21.36,1.77,-0.27,0.368,0.502
phone_glance.mp4,400,13.171,True,0.0861,0.0054,21.58,1.64,-0.82,0.232,0.511
phone_glance.mp4,401,13.204,True,0.1079,0.0109,21.62,1.89,-0.48,0.247,0.501
phone_glance.mp4,402,13.237,True,0.1076,0.0083,21.22,1.71,-0.29,0.220,0.509
phone_glance.mp4,403,13.270,True,0.1087,0.0112,21.65,2.06,-1.00,0.249,0.493
phone_glance.mp4,404,13.303,True,0.1250,0.0274,21.86,1.90,-0.55,0.313,0.512
phone_glance.mp4,405,13.336,True,0.1264,0.0125,21.57,2.16,-0.41,0.264,0.511
phone_glance.mp4,406,13.369,True,0.0988,0.0181,21.50,1.85,-0.18,0.197,0.506
phone_glance.mp4,407,13.401,True,0.1180,0.0156,21.64,2.20,-0.89,0.331,0.516
phone_glance.mp4,408,13.434,True,0.1067,0.0162,21.59,2.11,-0.79,0.291,0.504
phone_glance.mp4,409,13.467,True,0.1000,0.0119,21.61,1.61,0.10,0.245,0.489
phone_glance.mp4,410,13.500,True,0.0946,0.0090,21.77,1.79,-0.58,0.215,0.495
phone_glance.mp4,411,13.533,True,0.0935,0.0101,21.66,1.86,-0.67,0.257,0.507
phone_glance.mp4,412,13.566,True,0.0956,0.0133,21.66,1.64,-0.80,0.295,0.505
phone_glance.mp4,413,13.599,True,0.1245,0.0182,21.30,1.87,-1.02,0.358,0.506
phone_glance.mp4,414,13.632,True,0.0874,0.0060,21.49,1.84,-0.72,0.190,0.498
phone_glance.mp4,415,13.665,True,0.1043,0.0285,21.53,1.86,-0.74,0.274,0.505
phone_glance.mp4,416,13.698,True,0.0955,0.0051,21.69,1.78,-0.70,0.247,0.503
phone_glance.mp4,417,13.731,True,0.0990,0.0240,21.67,1.66,-0.19,0.293,0.499
phone_glance.mp4,418,13.764,True,0.1262,0.0107,21.31,1.74,-0.08,0.321,0.517
phone_glance.mp4,419,13.797,True,0.0999,0.0102,21.46,1.77,-0.09,0.307,0.510
phone_glance.mp4,420,13.829,True,0.1102,0.0070,21.75,1.72,-0.41,0.291,0.510
phone_glance.mp4,421,13.862,True,0.1187,0.0070,21.51,1.72,-1.04,0.313,0.489
phone_glance.mp4,422,13.895,True,0.1029,0.0079,21.73,1.81,-0.65,0.293,0.494
phone_glance.mp4,423,13.928,True,0.1033,0.0170,21.43,1.77,-0.71,0.298,0.511
phone_glance.mp4,424,13.961,True,0.1191,0.0099,21.71,1.77,-0.37,0.309,0.511
phone_glance.mp4,425,13.994,True,0.1332,0.0126,21.43,1.72,-0.94,0.332,0.502
phone_glance.mp4,426,14.027,True,0.0980,0.0119,21.51,1.70,-0.96,0.251,0.493
phone_glance.mp4,427,14.060,True,0.0900,0.0134,21.97,2.00,-0.47,0.194,0.504
phone_glance.mp4,428,14.093,True,0.0981,0.0052,21.50,2.07,-0.48,0.256,0.489
phone_glance.mp4,429,14.126,True,0.1316,0.0073,21.31,2.17,-0.59,0.323,0.495
phone_glance.mp4,430,14.159,True,0.1195,0.0049,21.73,1.90,-0.52,0.292,0.501
phone_glance.mp4,431,14.192,True,0.1115,0.0058,21.20,1.82,-0.74,0.327,0.501
phone_glance.mp4,432,14.225,True,0.1080,0.0081,21.47,1.98,-1.08,0.288,0.493
phone_glance.mp4,433,14.258,True,0.1009,0.0179,21.84,1.61,-0.07,0.229,0.507
phone_glance.mp4,434,14.290,True,0.1316,0.0192,21.99,1.88,-0.96,0.319,0.516
phone_glance.mp4,435,14.323,True,0.1103,0.0152,21.70,1.95,-1.13,0.285,0.501
phone_glance.mp4,436,14.356,True,0.1007,0.0149,21.64,1.65,-1.08,0.261,0.500
phone_glance.mp4,437,14.389,True,0.1272,0.0093,21.73,1.82,-0.92,0.337,0.482
phone_glance.mp4,438,14.422,True,0.1070,0.0098,21.57,1.83,-0.86,0.257,0.477
phone_glance.mp4,439,14.455,True,0.1051,0.0130,21.51,1.59,-0.05,0.232,0.495
phone_glance.mp4,440,14.488,True,0.0969,0.0110,21.91,1.40,-1.00,0.248,0.511
phone_glance.mp4,441,14.521,True,0.1166,0.0281,21.54,1.76,-1.00,0.304,0.503
phone_glance.mp4,442,14.554,True,0.1172,0.0078,21.70,1.93,-1.44,0.334,0.501
phone_glance.mp4,443,14.587,True,0.1220,0.0070,21.65,1.69,-0.25,0.290,0.501
phone_glance.mp4,444,14.620,True,0.1009,0.0085,21.58,1.74,-0.82,0.221,0.499
phone_glance.mp4,445,14.653,True,0.1136,0.0183,21.63,1.68,-1.00,0.260,0.505
phone_glance.mp4,446,14.686,True,0.1218,0.0117,21.54,1.63,-1.55,0.271,0.509
phone_glance.mp4,447,14.719,True,0.1296,0.0085,21.58,1.88,-0.98,0.362,0.523
phone_glance.mp4,448,14.751,True,0.1397,0.0029,21.81,1.76,-0.73,0.387,0.518
phone_glance.mp4,449,14.784,True,0.1076,0.0081,21.71,1.76,-0.62,0.248,0.520
phone_glance.mp4,450,14.817,True,0.1177,0.0030,21.66,1.92,-0.63,0.308,0.503
phone_glance.mp4,451,14.850,True,0.1350,0.0068,21.31,2.00,-0.52,0.345,0.509
phone_glance.mp4,452,14.883,True,0.1211,0.0105,21.70,1.73,-0.70,0.307,0.506
phone_glance.mp4,453,14.916,True,0.0940,0.0094,21.55,1.96,-0.07,0.208,0.500
phone_glance.mp4,454,14.949,True,0.1175,0.0109,21.80,1.86,-1.13,0.301,0.506
phone_glance.mp4,455,14.982,True,0.1224,0.0054,21.87,2.22,-0.88,0.288,0.502
phone_glance.mp4,456,15.015,True,0.1134,0.0047,22.02,1.98,-0.28,0.278,0.515
phone_glance.mp4,457,15.048,True,0.1186,0.0251,21.81,1.86,-0.62,0.355,0.511
phone_glance.mp4,458,15.081,True,0.0928,0.0113,21.70,1.95,-0.50,0.222,0.494
phone_glance.mp4,459,15.114,True,0.1047,0.0116,21.96,1.87,-0.31,0.253,0.497
phone_glance.mp4,460,15.147,True,0.0966,0.0109,21.86,1.89,-0.34,0.188,0.501
phone_glance.mp4,461,15.180,True,0.1018,0.0293,21.83,2.07,-0.02,0.320,0.495
phone_glance.mp4,462,15.212,True,0.1160,0.0097,21.89,1.76,-0.64,0.278,0.496
phone_glance.mp4,463,15.245,True,0.1060,0.0199,21.80,1.89,-0.50,0.279,0.489
phone_glance.mp4,464,15.278,True,0.1126,0.0174,21.73,1.62,-0.44,0.257,0.502
phone_glance.mp4,465,15.311,True,0.1128,0.0058,22.17,2.00,-1.07,0.309,0.498
phone_glance.mp4,466,15.344,True,0.1314,0.0115,21.79,1.95,-0.03,0.292,0.492
phone_glance.mp4,467,15.377,True,0.1097,0.0137,21.82,1.76,-0.50,0.277,0.500
phone_glance.mp4,468,15.410,True,0.1385,0.0142,21.73,2.07,-0.93,0.309,0.501
phone_glance.mp4,469,15.443,True,0.1172,0.0139,21.68,1.76,-0.62,0.260,0.508
phone_glance.mp4,470,15.476,True,0.1350,0.0098,21.63,2.15,-0.56,0.338,0.501
phone_glance.mp4,471,15.509,True,0.1302,0.0167,21.58,1.93,-1.15,0.305,0.479
phone_glance.mp4,472,15.542,True,0.0643,0.0196,21.00,1.93,-0.32,0.129,0.497
phone_glance.mp4,473,15.575,True,0.0328,0.0244,21.26,1.77,-0.41,0.000,0.493
phone_glance.mp4,474,15.608,True,0.0499,0.0142,21.32,1.90,-0.28,0.000,0.495
phone_glance.mp4,475,15.640,True,0.0660,0.0074,21.36,2.16,-0.74,0.016,0.499
phone_glance.mp4,476,15.673,True,0.0706,0.0076,21.73,2.23,-0.87,0.169,0.507
phone_glance.mp4,477,15.706,True,0.0640,0.0080,21.53,2.00,-0.54,0.068,0.490
phone_glance.mp4,478,15.739,True,0.0880,0.0171,21.72,2.01,-0.59,0.195,0.495
phone_glance.mp4,479,15.772,True,0.1073,0.0224,21.63,2.04,-0.70,0.277,0.505
phone_glance.mp4,480,15.805,True,0.0894,0.0094,21.58,1.69,-0.25,0.224,0.493
phone_glance.mp4,481,15.838,True,0.0859,0.0135,21.80,1.89,-0.85,0.185,0.499
phone_glance.mp4,482,15.871,True,0.1082,0.0131,21.55,2.01,-0.57,0.263,0.507
phone_glance.mp4,483,15.904,True,0.0822,0.0036,21.65,1.72,-0.79,0.196,0.518
phone_glance.mp4,484,15.937,True,0.1273,0.0125,21.69,2.00,-0.88,0.294,0.510
phone_glance.mp4,485,15.970,True,0.1088,0.0124,21.72,1.76,-0.40,0.278,0.495
phone_glance.mp4,486,16.003,True,0.0951,0.0267,21.70,1.77,-0.61,0.231,0.498
phone_glance.mp4,487,16.036,True,0.0922,0.0244,21.94,1.86,-0.72,0.226,0.497
phone_glance.mp4,488,16.069,True,0.0919,0.0170,21.90,2.18,-0.33,0.221,0.496
phone_glance.mp4,489,16.101,True,0.1188,0.0119,21.66,1.90,-1.01,0.303,0.514
phone_glance.mp4,490,16.134,True,0.1167,0.0075,21.55,1.90,-1.19,0.365,0.503
phone_glance.mp4,491,16.167,True,0.1093,0.0086,21.56,1.85,-0.63,0.281,0.507
phone_glance.mp4,492,16.200,True,0.1143,0.0152,21.72,1.90,-0.86,0.352,0.520
phone_glance.mp4,493,16.233,True,0.0991,0.0125,21.62,1.98,-0.14,0.295,0.501
phone_glance.mp4,494,16.266,True,0.1090,0.0124,21.83,1.74,-0.47,0.293,0.495
phone_glance.mp4,495,16.299,True,0.1203,0.0215,21.69,1.80,-0.14,0.331,0.507
phone_glance.mp4,496,16.332,True,0.1082,0.0225,21.61,1.72,-0.24,0.300,0.508
phone_glance.mp4,497,16.365,True,0.1126,0.0111,21.58,1.86,0.17,0.296,0.503
phone_glance.mp4,498,16.398,True,0.1041,0.0129,22.04,1.92,-0.37,0.235,0.508
phone_glance.mp4,499,16.431,True,0.1168,0.0186,21.58,1.94,-0.69,0.281,0.517
phone_glance.mp4,500,16.464,True,0.1132,0.0060,21.48,2.07,-0.79,0.294,0.495
phone_glance.mp4,501,16.497,True,0.0871,0.0196,21.71,1.82,-0.26,0.222,0.493
phone_glance.mp4,502,16.530,True,0.1117,0.0103,21.77,2.35,-0.40,0.253,0.493
phone_glance.mp4,503,16.562,True,0.1163,0.0101,21.83,1.98,-0.30,0.272,0.509
phone_glance.mp4,504,16.595,True,0.1108,0.0114,22.28,1.95,-0.57,0.244,0.526
phone_glance.mp4,505,16.628,True,0.1564,0.0103,22.08,1.98,-0.57,0.350,0.515
phone_glance.mp4,506,16.661,True,0.1031,0.0070,22.04,1.85,-0.19,0.247,0.494
phone_glance.mp4,507,16.694,True,0.0998,0.0140,22.22,1.88,-0.26,0.253,0.495
phone_glance.mp4,508,16.727,True,0.1091,0.0038,22.31,1.54,-0.52,0.266,0.508
phone_glance.mp4,509,16.760,True,0.1307,0.0187,21.63,1.89,-0.84,0.331,0.488
phone_glance.mp4,510,16.793,True,0.1200,0.0074,21.82,1.91,-0.26,0.368,0.508
phone_glance.mp4,511,16.826,True,0.1060,0.0210,21.94,1.95,-0.36,0.310,0.498
phone_glance.mp4,512,16.859,True,0.1222,0.0194,21.78,2.07,-0.55,0.302,0.488
phone_glance.mp4,513,16.892,True,0.0850,0.0161,21.80,2.13,-0.83,0.188,0.496
phone_glance.mp4,514,16.925,True,0.1163,0.0125,21.69,1.99,-1.29,0.274,0.512
phone_glance.mp4,515,16.958,True,0.1129,0.0181,21.81,1.86,-0.29,0.311,0.509
phone_glance.mp4,516,16.991,True,0.1140,0.0121,21.74,2.23,-0.29,0.326,0.508
phone_glance.mp4,517,17.023,True,0.1112,0.0185,21.65,2.32,-0.69,0.340,0.519
phone_glance.mp4,518,17.056,True,0.1066,0.0132,21.58,1.73,-0.79,0.234,0.502
phone_glance.mp4,519,17.089,True,0.0981,0.0167,21.87,1.98,-1.04,0.280,0.503
phone_glance.mp4,520,17.122,True,0.1027,0.0167,21.60,1.92,-0.44,0.309,0.492
phone_glance.mp4,521,17.155,True,0.1041,0.0217,21.89,1.87,-0.16,0.233,0.493
phone_glance.mp4,522,17.188,True,0.1043,0.0233,21.72,1.76,-0.49,0.308,0.500
phone_glance.mp4,523,17.221,True,0.1232,0.0114,21.71,2.05,-0.51,0.309,0.506
phone_glance.mp4,524,17.254,True,0.0978,0.0047,21.87,1.54,-0.30,0.270,0.503
phone_glance.mp4,525,17.287,True,0.1259,0.0296,22.03,2.02,-0.08,0.320,0.503
phone_glance.mp4,526,17.320,True,0.1172,0.0285,21.80,1.84,-0.52,0.310,0.504
phone_glance.mp4,527,17.353,True,0.1136,0.0156,21.71,1.47,0.24,0.334,0.506
phone_glance.mp4,528,17.386,True,0.0966,0.0253,21.78,1.50,-0.42,0.276,0.511
phone_glance.mp4,529,17.419,True,0.0925,0.0182,21.64,1.96,-0.52,0.227,0.503
phone_glance.mp4,530,17.452,True,0.1094,0.0062,21.48,1.85,0.16,0.326,0.504
phone_glance.mp4,531,17.484,True,0.1046,0.0175,21.84,1.84,-0.61,0.300,0.503
phone_glance.mp4,532,17.517,True,0.1002,0.0284,21.79,1.80,-1.00,0.281,0.513
phone_glance.mp4,533,17.550,True,0.1277,0.0235,21.62,1.99,-0.55,0.337,0.525
phone_glance.mp4,534,17.583,True,0.1141,0.0242,21.63,1.56,-0.88,0.325,0.489
phone_glance.mp4,535,17.616,True,0.0898,0.0096,21.72,1.75,-0.34,0.255,0.508
phone_glance.mp4,536,17.649,True,0.1056,0.0060,21.57,2.04,-0.10,0.270,0.505
phone_glance.mp4,537,17.682,True,0.1217,0.0079,21.98,2.07,-0.49,0.308,0.496
phone_glance.mp4,538,17.715,True,0.0979,0.0079,21.90,2.04,-0.39,0.229,0.510
phone_glance.mp4,539,17.748,True,0.1191,0.0179,21.56,1.99,-0.29,0.318,0.520
phone_glance.mp4,540,17.781,True,0.1172,0.0123,21.43,1.91,-0.67,0.337,0.522
phone_glance.mp4,541,17.814,True,0.1116,0.0145,21.72,1.82,-1.21,0.311,0.514
phone_glance.mp4,542,17.847,True,0.1078,0.0142,21.94,2.08,-0.54,0.284,0.506
phone_glance.mp4,543,17.880,True,0.1435,0.0041,22.02,1.94,-0.39,0.363,0.505
phone_glance.mp4,544,17.912,True,0.1121,0.0057,22.13,2.09,-0.44,0.306,0.502
phone_glance.mp4,545,17.945,True,0.1112,0.0192,22.22,1.99,-0.10,0.260,0.488
phone_glance.mp4,546,17.978,True,0.1229,0.0178,21.93,1.98,-0.63,0.338,0.489
phone_glance.mp4,547,18.011,True,0.1296,0.0307,21.75,2.04,-0.24,0.345,0.495
phone_glance.mp4,548,18.044,True,0.1103,0.0124,21.87,2.25,-0.48,0.307,0.496
phone_glance.mp4,549,18.077,True,0.0943,0.0199,21.72,2.16,-0.54,0.250,0.500
phone_glance.mp4,550,18.110,True,0.1225,0.0312,21.64,1.82,-0.51,0.333,0.498
phone_glance.mp4,551,18.143,True,0.1041,0.0118,21.89,2.16,-0.91,0.248,0.503
phone_glance.mp4,552,18.176,True,0.1019,0.0198,21.99,2.22,-0.53,0.341,0.502
phone_glance.mp4,553,18.209,True,0.0850,0.0215,22.09,2.01,-0.56,0.210,0.512
phone_glance.mp4,554,18.242,True,0.1015,0.0133,21.54,1.59,-0.42,0.304,0.519
phone_glance.mp4,555,18.275,True,0.0925,0.0172,21.86,1.66,0.10,0.214,0.508
phone_glance.mp4,556,18.308,True,0.1097,0.0084,21.82,1.64,-0.55,0.305,0.525
phone_glance.mp4,557,18.341,True,0.1096,0.0066,21.86,2.10,-1.50,0.341,0.512
phone_glance.mp4,558,18.373,True,0.1108,0.0185,21.73,1.88,-0.86,0.281,0.506
phone_glance.mp4,559,18.406,True,0.1234,0.0183,21.79,1.77,-0.99,0.353,0.516
phone_glance.mp4,560,18.439,True,0.1101,0.0145,22.01,1.84,-0.67,0.276,0.507
phone_glance.mp4,561,18.472,True,0.1000,0.0134,21.76,2.17,-0.76,0.271,0.500
phone_glance.mp4,562,18.505,True,0.1281,0.0200,21.76,2.38,-0.51,0.349,0.505
phone_glance.mp4,563,18.538,True,0.1113,0.0142,21.55,1.79,-0.58,0.333,0.521
phone_glance.mp4,564,18.571,True,0.1121,0.0250,21.91,2.24,-0.50,0.315,0.518
phone_glance.mp4,565,18.604,True,0.0920,0.0202,22.09,1.84,-0.64,0.220,0.515
phone_glance.mp4,566,18.637,True,0.1413,0.0125,21.76,1.74,0.06,0.366,0.510
phone_glance.mp4,567,18.670,True,0.1128,0.0128,21.58,2.16,-0.49,0.345,0.490
phone_glance.mp4,568,18.703,True,0.0866,0.0070,21.97,1.93,-0.51,0.237,0.505
phone_glance.mp4,569,18.736,True,0.0854,0.0101,21.37,2.13,-0.42,0.243,0.500
phone_glance.mp4,570,18.769,True,0.1106,0.0238,21.82,1.86,-0.23,0.296,0.495
phone_glance.mp4,571,18.802,True,0.0995,0.0227,22.07,2.29,-0.29,0.286,0.497
phone_glance.mp4,572,18.834,True,0.0999,0.0187,22.07,2.11,0.05,0.282,0.503
phone_glance.mp4,573,18.867,True,0.0854,0.0274,21.69,1.79,-0.12,0.207,0.496
phone_glance.mp4,574,18.900,True,0.0883,0.0105,22.03,1.63,0.16,0.182,0.503
phone_glance.mp4,575,18.933,True,0.0811,0.0127,21.97,2.00,-0.27,0.180,0.498
phone_glance.mp4,576,18.966,True,0.0956,0.0150,21.81,2.03,-0.95,0.251,0.520
phone_glance.mp4,577,18.999,True,0.0952,0.0189,21.99,2.01,-0.90,0.233,0.505
phone_glance.mp4,578,19.032,True,0.0948,0.0198,22.26,1.78,-0.47,0.239,0.503
phone_glance.mp4,579,19.065,True,0.1136,0.0179,21.81,2.02,-0.45,0.317,0.510
phone_glance.mp4,580,19.098,True,0.0920,0.0129,21.91,2.15,-0.85,0.222,0.512
phone_glance.mp4,581,19.131,True,0.0878,0.0223,22.30,2.09,-0.65,0.231,0.495
phone_glance.mp4,582,19.164,True,0.0779,0.0126,22.17,2.05,-0.53,0.160,0.503
phone_glance.mp4,583,19.197,True,0.0750,0.0177,21.84,2.13,-0.15,0.216,0.492
phone_glance.mp4,584,19.230,True,0.0853,0.0318,22.15,2.18,-0.33,0.211,0.518
phone_glance.mp4,585,19.263,True,0.0880,0.0099,22.07,2.07,-0.76,0.194,0.500
phone_glance.mp4,586,19.295,True,0.0790,0.0184,21.88,2.04,0.04,0.141,0.491
phone_glance.mp4,587,19.328,True,0.0779,0.0107,22.05,2.00,-0.37,0.161,0.501
phone_glance.mp4,588,19.361,True,0.0765,0.0138,22.11,2.21,-0.19,0.196,0.504
phone_glance.mp4,589,19.394,True,0.1142,0.0115,21.88,2.13,0.13,0.297,0.497
phone_glance.mp4,590,19.427,True,0.0913,0.0056,21.83,2.44,-0.44,0.233,0.503
phone_glance.mp4,591,19.460,True,0.0977,0.0132,21.99,2.31,-0.23,0.256,0.508
phone_glance.mp4,592,19.493,True,0.0962,0.0096,22.32,2.26,-0.80,0.271,0.515
phone_glance.mp4,593,19.526,True,0.0914,0.0089,21.83,2.15,0.06,0.271,0.497
phone_glance.mp4,594,19.559,True,0.0958,0.0101,22.01,2.01,-0.19,0.220,0.509
phone_glance.mp4,595,19.592,True,0.1117,0.0215,22.10,2.17,-0.53,0.320,0.510
phone_glance.mp4,596,19.625,True,0.0860,0.0074,22.29,1.88,-0.28,0.241,0.496
phone_glance.mp4,597,19.658,True,0.1106,0.0126,22.12,2.44,-0.81,0.323,0.503
phone_glance.mp4,598,19.691,True,0.0815,0.0236,22.23,2.08,-0.51,0.117,0.512
phone_glance.mp4,599,19.723,True,0.1001,0.0148,22.20,2.23,-0.46,0.266,0.523
phone_glance.mp4,600,19.756,True,0.1147,0.0314,21.73,1.82,-0.37,0.341,0.513
phone_glance.mp4,601,19.789,True,0.1102,0.0159,22.15,1.89,-0.32,0.321,0.514
phone_glance.mp4,602,19.822,True,0.0982,0.0230,22.01,1.94,-0.01,0.305,0.503
phone_glance.mp4,603,19.855,True,0.0995,0.0123,22.22,2.15,-0.45,0.235,0.500
phone_glance.mp4,604,19.888,True,0.0733,0.0113,21.80,2.09,-0.53,0.185,0.510
phone_glance.mp4,605,19.921,True,0.0793,0.0144,22.43,2.29,-0.92,0.198,0.504
phone_glance.mp4,606,19.954,True,0.1041,0.0181,22.22,2.35,-0.69,0.263,0.511
phone_glance.mp4,607,19.987,True,0.1051,0.0124,21.85,2.30,-0.35,0.304,0.502
phone_glance.mp4,608,20.020,True,0.0928,0.0174,21.96,2.07,-0.57,0.308,0.492
phone_glance.mp4,609,20.053,True,0.1120,0.0202,21.86,2.23,-0.57,0.327,0.521
phone_glance.mp4,610,20.086,True,0.1094,0.0153,21.76,2.01,-0.55,0.312,0.517
phone_glance.mp4,611,20.119,True,0.1186,0.0185,22.17,2.02,-0.12,0.321,0.496
phone_glance.mp4,612,20.152,True,0.1362,0.0098,22.30,1.98,-0.45,0.360,0.506
phone_glance.mp4,613,20.184,True,0.1501,0.0098,22.39,2.11,0.08,0.346,0.504
phone_glance.mp4,614,20.217,True,0.1136,0.0274,22.19,1.80,0.29,0.256,0.499
phone_glance.mp4,615,20.250,True,0.1356,0.0256,22.30,2.15,-0.05,0.324,0.499
phone_glance.mp4,616,20.283,True,0.1270,0.0185,22.18,1.95,-0.71,0.291,0.503
phone_glance.mp4,617,20.316,True,0.1269,0.0258,22.28,1.48,-0.10,0.308,0.508
phone_glance.mp4,618,20.349,True,0.1666,0.0085,22.49,1.99,-0.12,0.351,0.506
phone_glance.mp4,619,20.382,True,0.1484,0.0062,22.76,2.49,-0.85,0.358,0.511
phone_glance.mp4,620,20.415,True,0.1553,0.0086,22.23,2.11,-1.04,0.352,0.516
phone_glance.mp4,621,20.448,True,0.1503,0.0118,22.21,1.96,0.10,0.342,0.515
phone_glance.mp4,622,20.481,True,0.1571,0.0124,22.59,1.91,-0.43,0.360,0.529
phone_glance.mp4,623,20.514,True,0.1575,0.0305,22.10,2.23,-0.50,0.392,0.517
phone_glance.mp4,624,20.547,True,0.1361,0.0356,22.04,2.11,-0.30,0.342,0.509
phone_glance.mp4,625,20.580,True,0.1517,0.0216,22.55,2.03,-0.49,0.371,0.510
phone_glance.mp4,626,20.613,True,0.1461,0.0221,22.30,2.04,-0.30,0.355,0.504
phone_glance.mp4,627,20.645,True,0.1715,0.0113,22.00,2.17,-0.93,0.383,0.500
phone_glance.mp4,628,20.678,True,0.1534,0.0123,22.47,2.09,-0.54,0.374,0.523
phone_glance.mp4,629,20.711,True,0.1575,0.0071,22.40,2.47,-0.10,0.333,0.506
phone_glance.mp4,630,20.744,True,0.1455,0.0430,22.26,2.04,-0.09,0.339,0.509
phone_glance.mp4,631,20.777,True,0.1360,0.0107,22.30,2.01,-0.64,0.313,0.489
phone_glance.mp4,632,20.810,True,0.1570,0.0278,22.56,1.84,0.06,0.356,0.487
phone_glance.mp4,633,20.843,True,0.1526,0.0189,22.84,2.09,-0.27,0.346,0.513
phone_glance.mp4,634,20.876,True,0.1696,0.0140,22.16,1.80,-0.63,0.364,0.512
phone_glance.mp4,635,20.909,True,0.1699,0.0141,22.43,1.95,-0.60,0.344,0.510
phone_glance.mp4,636,20.942,True,0.1476,0.0161,22.47,2.19,-0.87,0.325,0.508
phone_glance.mp4,637,20.975,True,0.1444,0.0136,22.39,2.22,-0.52,0.348,0.519
phone_glance.mp4,638,21.008,True,0.1809,0.0105,22.41,1.80,0.01,0.365,0.520
phone_glance.mp4,639,21.041,True,0.1752,0.0144,22.56,1.98,-0.31,0.391,0.507
phone_glance.mp4,640,21.074,True,0.1503,0.0195,22.41,1.80,0.07,0.373,0.498
phone_glance.mp4,641,21.106,True,0.1721,0.0087,22.70,2.03,-0.27,0.376,0.502
phone_glance.mp4,642,21.139,True,0.1601,0.0089,22.57,2.17,-0.40,0.336,0.509
phone_glance.mp4,643,21.172,True,0.1675,0.0144,22.09,1.89,-0.34,0.375,0.494
phone_glance.mp4,644,21.205,True,0.1649,0.0129,22.67,2.40,-0.30,0.355,0.505
phone_glance.mp4,645,21.238,True,0.1813,0.0071,22.28,2.01,-0.09,0.374,0.510
phone_glance.mp4,646,21.271,True,0.1628,0.0036,22.51,2.19,-0.39,0.340,0.494
phone_glance.mp4,647,21.304,True,0.1593,0.0035,22.80,2.05,-0.25,0.384,0.504
phone_glance.mp4,648,21.337,True,0.1507,0.0144,22.53,2.04,-0.42,0.336,0.504
phone_glance.mp4,649,21.370,True,0.1936,0.0103,22.56,1.97,-0.19,0.397,0.510
phone_glance.mp4,650,21.403,True,0.1518,0.0177,22.46,1.74,-0.66,0.367,0.522
phone_glance.mp4,651,21.436,True,0.1572,0.0228,22.56,1.90,-0.33,0.352,0.501
phone_glance.mp4,652,21.469,True,0.1707,0.0053,22.82,2.07,-0.66,0.361,0.503
phone_glance.mp4,653,21.502,True,0.1628,0.0241,22.58,2.00,-0.13,0.329,0.513
phone_glance.mp4,654,21.534,True,0.1996,0.0147,22.83,2.01,-0.43,0.401,0.507
phone_glance.mp4,655,21.567,True,0.1805,0.0087,22.79,1.89,-0.22,0.382,0.502
phone_glance.mp4,656,21.600,True,0.1648,0.0084,22.51,1.69,0.13,0.344,0.521
phone_glance.mp4,657,21.633,True,0.1860,0.0188,22.60,2.00,-0.82,0.404,0.509
phone_glance.mp4,658,21.666,True,0.1565,0.0066,22.69,2.10,-0.23,0.347,0.495
phone_glance.mp4,659,21.699,True,0.1834,0.0073,22.63,2.36,-0.33,0.365,0.488
phone_glance.mp4,660,21.732,True,0.1936,0.0109,22.50,2.34,-0.58,0.410,0.515
phone_glance.mp4,661,21.765,True,0.1759,0.0158,22.20,1.92,-0.49,0.360,0.520
phone_glance.mp4,662,21.798,True,0.1849,0.0123,22.82,2.12,-0.58,0.377,0.501
phone_glance.mp4,663,21.831,True,0.1920,0.0128,22.62,1.91,-0.34,0.373,0.499
phone_glance.mp4,664,21.864,True,0.1739,0.0160,22.64,2.01,0.20,0.348,0.506
phone_glance.mp4,665,21.897,True,0.1838,0.0069,22.80,1.92,-0.38,0.362,0.483
phone_glance.mp4,666,21.930,True,0.1779,0.0175,22.78,2.08,-0.51,0.357,0.499
phone_glance.mp4,667,21.963,True,0.1880,0.0040,22.89,2.15,-0.95,0.381,0.483
phone_glance.mp4,668,21.995,True,0.2039,0.0061,22.97,2.06,-0.75,0.409,0.505
phone_glance.mp4,669,22.028,True,0.1581,0.0151,22.84,2.36,-0.78,0.362,0.495
phone_glance.mp4,670,22.061,True,0.1591,0.0068,22.61,2.29,-0.31,0.347,0.499
phone_glance.mp4,671,22.094,True,0.1832,0.0118,22.88,2.05,-0.70,0.370,0.506
phone_glance.mp4,672,22.127,True,0.1657,0.0138,22.84,2.10,-0.62,0.356,0.501
phone_glance.mp4,673,22.160,True,0.1589,0.0064,22.98,2.45,-0.18,0.322,0.488
phone_glance.mp4,674,22.193,True,0.1570,0.0211,22.57,2.19,-0.42,0.366,0.497
phone_glance.mp4,675,22.226,True,0.1747,0.0108,22.68,2.55,-0.44,0.360,0.513
phone_glance.mp4,676,22.259,True,0.1825,0.0134,22.79,2.12,-0.55,0.374,0.483
phone_glance.mp4,677,22.292,True,0.1868,0.0072,22.61,2.14,-0.34,0.377,0.505
phone_glance.mp4,678,22.325,True,0.1722,0.0349,22.45,2.19,-0.45,0.350,0.495
phone_glance.mp4,679,22.358,True,0.1939,0.0095,22.59,2.11,-0.53,0.368,0.494
phone_glance.mp4,680,22.391,True,0.1931,0.0192,22.76,2.07,-0.23,0.375,0.495
phone_glance.mp4,681,22.424,True,0.1649,0.0054,22.90,1.94,-1.08,0.349,0.490
phone_glance.mp4,682,22.456,True,0.1821,0.0114,22.73,2.40,-0.07,0.369,0.484
phone_glance.mp4,683,22.489,True,0.1678,0.0165,22.72,2.15,0.01,0.320,0.491
phone_glance.mp4,684,22.522,True,0.1862,0.0299,22.73,1.92,-0.05,0.384,0.503
phone_glance.mp4,685,22.555,True,0.1955,0.0055,22.72,1.97,-0.11,0.362,0.513
phone_glance.mp4,686,22.588,True,0.1838,0.0141,22.85,2.06,-0.60,0.353,0.505
phone_glance.mp4,687,22.621,True,0.1815,0.0030,23.02,2.38,-0.81,0.368,0.503
phone_glance.mp4,688,22.654,True,0.1834,0.0048,22.90,2.23,-0.94,0.367,0.492
phone_glance.mp4,689,22.687,True,0.1924,0.0192,22.72,2.37,-0.76,0.378,0.508
phone_glance.mp4,690,22.720,True,0.1564,0.0084,22.78,2.08,-0.18,0.305,0.485
phone_glance.mp4,691,22.753,True,0.1856,0.0254,23.13,2.13,-0.37,0.400,0.502
phone_glance.mp4,692,22.786,True,0.1495,0.0067,22.87,1.89,-0.38,0.319,0.499
phone_glance.mp4,693,22.819,True,0.1729,0.0223,22.72,1.94,-0.41,0.376,0.503
phone_glance.mp4,694,22.852,True,0.1880,0.0082,22.96,2.12,-0.32,0.382,0.500
phone_glance.mp4,695,22.885,True,0.1866,0.0060,23.00,2.41,-0.98,0.370,0.488
phone_glance.mp4,696,22.917,True,0.1795,0.0106,22.65,2.34,-0.66,0.363,0.515
phone_glance.mp4,697,22.950,True,0.1924,0.0093,22.41,2.21,-0.46,0.391,0.507
phone_glance.mp4,698,22.983,True,0.2012,0.0093,22.74,2.22,-0.62,0.391,0.488
phone_glance.mp4,699,23.016,True,0.1726,0.0205,22.61,2.14,-0.05,0.356,0.517
phone_glance.mp4,700,23.049,True,0.1506,0.0154,22.70,2.15,-0.27,0.328,0.510
phone_glance.mp4,701,23.082,True,0.1609,0.0139,22.86,2.15,0.00,0.326,0.516
phone_glance.mp4,702,23.115,True,0.1984,0.0116,22.80,2.13,-0.37,0.372,0.506
phone_glance.mp4,703,23.148,True,0.1949,0.0059,22.94,2.56,-0.60,0.364,0.496
phone_glance.mp4,704,23.181,True,0.1802,0.0045,23.25,2.22,-1.07,0.376,0.483
phone_glance.mp4,705,23.214,True,0.2004,0.0109,22.66,2.12,-0.58,0.373,0.509
phone_glance.mp4,706,23.247,True,0.2001,0.0198,22.76,2.24,-0.15,0.375,0.492
phone_glance.mp4,707,23.280,True,0.2114,0.0132,22.52,2.15,-0.40,0.405,0.503
phone_glance.mp4,708,23.313,True,0.1940,0.0034,23.17,2.37,-0.79,0.371,0.496
phone_glance.mp4,709,23.346,True,0.1784,0.0036,23.18,2.22,-1.14,0.377,0.503
phone_glance.mp4,710,23.378,True,0.1702,0.0206,22.74,2.19,-0.30,0.377,0.502
phone_glance.mp4,711,23.411,True,0.1600,0.0063,22.86,2.24,-0.79,0.340,0.493
phone_glance.mp4,712,23.444,True,0.1322,0.0157,22.81,1.94,-0.47,0.314,0.516
phone_glance.mp4,713,23.477,True,0.1331,0.0082,23.17,1.96,-0.39,0.264,0.516
phone_glance.mp4,714,23.510,True,0.1750,0.0097,22.95,2.08,-0.60,0.378,0.501
phone_glance.mp4,715,23.543,True,0.1591,0.0045,22.79,2.24,-1.05,0.358,0.478
phone_glance.mp4,716,23.576,True,0.1703,0.0245,22.67,2.01,-0.84,0.375,0.513
phone_glance.mp4,717,23.609,True,0.1777,0.0032,22.95,2.12,-1.19,0.395,0.513
phone_glance.mp4,718,23.642,True,0.1606,0.0038,22.93,2.10,-0.73,0.341,0.495
phone_glance.mp4,719,23.675,True,0.1658,0.0031,23.25,2.09,-1.17,0.358,0.496
phone_glance.mp4,720,23.708,True,0.1974,0.0042,23.01,2.11,-0.71,0.383,0.506
phone_glance.mp4,721,23.741,True,0.1938,0.0023,22.61,2.30,-0.66,0.403,0.491
phone_glance.mp4,722,23.774,True,0.1535,0.0037,22.95,2.15,-0.91,0.348,0.507
phone_glance.mp4,723,23.806,True,0.1569,0.0037,22.69,2.30,-0.76,0.378,0.506
phone_glance.mp4,724,23.839,True,0.1606,0.0031,22.83,2.18,-0.70,0.362,0.519
phone_glance.mp4,725,23.872,True,0.1836,0.0125,22.96,2.04,-0.49,0.370,0.512
head_tilt_left.mp4,0,0.000,True,1.1290,0.1870,22.97,-21.03,-16.00,0.322,0.052
head_tilt_left.mp4,1,0.035,True,1.1121,0.0632,22.81,-20.37,-17.84,0.300,0.148
head_tilt_left.mp4,2,0.069,True,1.3755,0.1116,22.71,-21.10,-18.43,0.265,0.389
head_tilt_left.mp4,3,0.104,True,1.1897,0.0976,22.64,-20.60,-17.87,0.307,0.169
head_tilt_left.mp4,4,0.139,True,1.5847,0.1192,22.18,-21.65,-16.83,0.376,0.000
head_tilt_left.mp4,5,0.173,True,0.9884,0.1688,22.57,-20.23,-15.62,0.342,0.186
head_tilt_left.mp4,6,0.208,True,1.3481,0.0968,22.53,-20.79,-18.16,0.285,0.099
head_tilt_left.mp4,7,0.243,True,1.1917,0.0695,22.36,-21.06,-17.31,0.384,0.000
head_tilt_left.mp4,8,0.277,True,1.0950,0.0794,22.17,-20.43,-17.00,0.347,0.128
head_tilt_left.mp4,9,0.312,True,1.1273,0.0358,22.51,-20.62,-18.38,0.318,0.056
head_tilt_left.mp4,10,0.347,True,1.1720,0.0610,22.57,-21.29,-17.46,0.294,0.157
head_tilt_left.mp4,11,0.381,True,1.2971,0.0822,23.29,-20.82,-18.75,0.304,0.084
head_tilt_left.mp4,12,0.416,True,1.4409,0.0536,22.84,-21.38,-17.60,0.380,0.000
head_tilt_left.mp4,13,0.451,True,1.1964,0.0575,22.61,-20.74,-17.96,0.378,0.003
head_tilt_left.mp4,14,0.485,True,1.0176,0.0369,22.12,-19.62,-18.77,0.360,0.000
head_tilt_left.mp4,15,0.520,True,1.1372,0.0306,22.86,-21.03,-17.96,0.407,0.000
head_tilt_left.mp4,16,0.555,True,1.3017,0.0646,22.03,-20.63,-17.46,0.390,0.000
head_tilt_left.mp4,17,0.589,True,1.3432,0.0412,21.43,-20.87,-16.73,0.371,0.047
head_tilt_left.mp4,18,0.624,True,1.2958,0.0169,23.38,-20.66,-18.27,0.369,0.119
head_tilt_left.mp4,19,0.659,True,1.6662,0.0721,23.11,-21.82,-18.67,0.372,0.000
head_tilt_left.mp4,20,0.693,True,1.1557,0.0234,23.06,-20.58,-19.44,0.359,0.132
head_tilt_left.mp4,21,0.728,True,1.7604,0.1083,21.90,-21.26,-18.46,0.373,0.000
head_tilt_left.mp4,22,0.763,True,2.0155,0.0320,23.25,-21.32,-19.43,0.345,0.058
head_tilt_left.mp4,23,0.797,True,1.6979,0.0691,22.79,-22.30,-18.56,0.372,0.000
head_tilt_left.mp4,24,0.832,True,1.4355,0.0271,23.57,-20.57,-18.69,0.457,0.000
head_tilt_left.mp4,25,0.867,True,1.5568,0.0296,23.24,-20.28,-20.17,0.357,0.000
head_tilt_left.mp4,26,0.901,True,1.2086,0.0271,22.51,-19.92,-19.78,0.363,0.123
head_tilt_left.mp4,27,0.936,True,1.4327,0.0439,23.37,-20.45,-19.05,0.383,0.000
head_tilt_left.mp4,28,0.971,True,1.4934,0.0247,22.50,-21.10,-18.14,0.376,0.000
head_tilt_left.mp4,29,1.005,True,1.4415,0.0178,22.43,-20.90,-18.79,0.374,0.000
head_tilt_left.mp4,30,1.040,True,1.7169,0.0386,23.78,-21.08,-19.09,0.429,0.000
head_tilt_left.mp4,31,1.075,True,1.6895,0.1117,23.44,-21.21,-20.10,0.410,0.000
head_tilt_left.mp4,32,1.109,True,1.8604,0.1114,22.69,-20.95,-18.91,0.377,0.000
head_tilt_left.mp4,33,1.144,True,2.0269,0.0352,24.20,-21.29,-20.68,0.423,0.000
head_tilt_left.mp4,34,1.179,True,1.7695,0.0466,23.36,-20.50,-20.74,0.350,0.000
head_tilt_left.mp4,35,1.213,True,1.5800,0.0403,23.85,-21.26,-19.43,0.378,0.000
head_tilt_left.mp4,36,1.248,True,1.7490,0.0880,23.35,-21.11,-19.51,0.436,0.000
head_tilt_left.mp4,37,1.283,True,2.2207,0.0240,23.71,-21.78,-20.89,0.405,0.000
head_tilt_left.mp4,38,1.317,True,1.4052,0.0247,22.48,-20.85,-17.58,0.426,0.000
head_tilt_left.mp4,39,1.352,True,1.1991,0.0308,22.74,-20.38,-19.68,0.407,0.013
head_tilt_left.mp4,40,1.387,True,2.3590,0.0467,22.76,-21.66,-20.36,0.398,0.000
head_tilt_left.mp4,41,1.421,True,2.0320,0.0364,22.89,-21.20,-19.74,0.373,0.000
head_tilt_left.mp4,42,1.456,True,1.6900,0.0785,22.25,-21.69,-18.98,0.354,0.008
head_tilt_left.mp4,43,1.491,True,1.6956,0.0671,22.85,-21.55,-19.07,0.370,0.000
head_tilt_left.mp4,44,1.525,True,1.7917,0.0511,23.04,-21.26,-21.31,0.399,0.000
head_tilt_left.mp4,45,1.560,True,1.5074,0.0494,23.41,-20.35,-20.22,0.401,0.000
head_tilt_left.mp4,46,1.595,True,1.4629,0.0931,22.75,-21.46,-18.86,0.365,0.000
head_tilt_left.mp4,47,1.629,True,2.5439,0.0266,23.66,-21.60,-18.57,0.378,0.000
head_tilt_left.mp4,48,1.664,True,2.1938,0.0952,23.02,-20.97,-20.47,0.348,0.000
head_tilt_left.mp4,49,1.699,True,2.2413,0.0578,23.18,-21.53,-20.24,0.320,0.000
head_tilt_left.mp4,50,1.733,True,2.7654,0.0346,22.86,-21.89,-18.77,0.402,0.000
head_tilt_left.mp4,51,1.768,True,3.8711,0.0800,23.03,-22.25,-20.64,0.322,0.000
head_tilt_left.mp4,52,1.802,True,1.2074,0.0263,22.15,-20.27,-18.36,0.411,0.000
head_tilt_left.mp4,53,1.837,True,1.8463,0.0356,22.69,-20.93,-19.74,0.410,0.000
head_tilt_left.mp4,54,1.872,True,1.7769,0.0173,22.65,-20.85,-18.65,0.420,0.000
head_tilt_left.mp4,55,1.906,True,1.9308,0.0293,22.67,-21.11,-19.45,0.423,0.000
head_tilt_left.mp4,56,1.941,True,1.1766,0.0251,22.24,-19.56,-18.32,0.411,0.000
head_tilt_left.mp4,57,1.976,True,1.7187,0.0398,22.37,-21.26,-16.09,0.411,0.000
head_tilt_left.mp4,58,2.010,True,1.5864,0.0359,23.15,-21.32,-18.20,0.400,0.000
head_tilt_left.mp4,59,2.045,True,2.0158,0.0701,22.95,-21.31,-18.32,0.342,0.116
head_tilt_left.mp4,60,2.080,True,1.9803,0.0147,23.33,-21.76,-19.82,0.422,0.000
head_tilt_left.mp4,61,2.114,True,2.0660,0.0148,23.01,-21.92,-19.43,0.369,0.000
head_tilt_left.mp4,62,2.149,True,1.5632,0.0261,22.93,-20.66,-17.55,0.388,0.001
head_tilt_left.mp4,63,2.184,True,2.1811,0.0199,23.26,-21.70,-19.04,0.426,0.000
head_tilt_left.mp4,64,2.218,True,1.9722,0.0180,23.35,-21.17,-20.26,0.421,0.000
head_tilt_left.mp4,65,2.253,True,2.0234,0.0314,23.21,-21.09,-19.81,0.351,0.162
head_tilt_left.mp4,66,2.288,True,1.4187,0.0469,23.20,-20.90,-20.61,0.398,0.078
head_tilt_left.mp4,67,2.322,True,1.7582,0.0426,23.04,-21.23,-18.89,0.418,0.000
head_tilt_left.mp4,68,2.357,True,1.4093,0.0402,23.05,-20.85,-20.07,0.430,0.000
head_tilt_left.mp4,69,2.392,True,2.0126,0.0507,22.81,-20.79,-18.16,0.460,0.000
head_tilt_left.mp4,70,2.426,True,1.4521,0.0187,23.50,-20.13,-19.01,0.368,0.120
head_tilt_left.mp4,71,2.461,True,1.7178,0.0136,23.36,-20.96,-19.11,0.432,0.000
head_tilt_left.mp4,72,2.496,True,1.3657,0.0287,22.75,-20.04,-20.05,0.408,0.000
head_tilt_left.mp4,73,2.530,True,1.4950,0.0376,23.24,-20.76,-19.25,0.434,0.000
head_tilt_left.mp4,74,2.565,True,1.6058,0.0795,23.50,-21.17,-15.36,0.468,0.000
head_tilt_left.mp4,75,2.600,True,1.4027,0.0543,24.09,-20.57,-18.16,0.417,0.000
head_tilt_left.mp4,76,2.634,True,1.4560,0.0562,23.34,-21.34,-18.20,0.430,0.000
head_tilt_left.mp4,77,2.669,True,1.4133,0.0229,23.33,-20.86,-19.03,0.450,0.000
head_tilt_left.mp4,78,2.704,True,1.6835,0.0675,23.06,-20.84,-15.06,0.372,0.008
head_tilt_left.mp4,79,2.738,True,3.1853,0.1043,22.48,-22.05,-20.18,0.351,0.017
head_tilt_left.mp4,80,2.773,True,1.6264,0.0273,23.53,-20.78,-19.66,0.448,0.000
head_tilt_left.mp4,81,2.808,True,1.7620,0.0640,23.86,-21.34,-17.03,0.466,0.000
head_tilt_left.mp4,82,2.842,True,3.0005,0.0489,22.87,-22.09,-19.90,0.430,0.000
head_tilt_left.mp4,83,2.877,True,2.9592,0.1115,23.40,-21.79,-17.57,0.446,0.000
head_tilt_left.mp4,84,2.912,True,1.8488,0.0393,23.01,-21.47,-15.37,0.437,0.000
head_tilt_left.mp4,85,2.946,True,1.8619,0.0669,23.71,-21.18,-16.91,0.456,0.000
head_tilt_left.mp4,86,2.981,True,2.8978,0.0454,23.74,-21.99,-19.47,0.467,0.000
head_tilt_left.mp4,87,3.016,True,1.2561,0.0546,22.80,-19.85,-19.64,0.459,0.000
head_tilt_left.mp4,88,3.050,True,1.8975,0.0534,23.55,-21.57,-19.77,0.461,0.000
head_tilt_left.mp4,89,3.085,True,1.1690,0.0286,23.65,-20.11,-16.58,0.431,0.000
head_tilt_left.mp4,90,3.120,True,1.9598,0.0984,23.11,-20.93,-17.24,0.435,0.000
head_tilt_left.mp4,91,3.154,True,2.1090,0.0682,23.51,-21.16,-16.62,0.467,0.000
head_tilt_left.mp4,92,3.189,True,1.8410,0.0414,23.11,-21.59,-18.57,0.409,0.000
head_tilt_left.mp4,93,3.224,True,1.9224,0.0614,22.75,-21.11,-18.98,0.369,0.000
head_tilt_left.mp4,94,3.258,True,1.1381,0.0328,22.37,-19.89,-19.02,0.371,0.114
head_tilt_left.mp4,95,3.293,True,1.5297,0.0404,23.46,-19.82,-21.57,0.411,0.007
head_tilt_left.mp4,96,3.328,True,1.3720,0.0359,23.24,-20.83,-17.97,0.429,0.000
head_tilt_left.mp4,97,3.362,True,2.0782,0.0209,23.22,-21.00,-19.37,0.449,0.000
head_tilt_left.mp4,98,3.397,True,1.0879,0.0372,22.73,-19.73,-18.77,0.435,0.000
head_tilt_left.mp4,99,3.432,True,1.8088,0.0568,23.35,-21.54,-17.10,0.433,0.000
head_tilt_left.mp4,100,3.466,True,1.7269,0.0366,23.44,-21.30,-17.15,0.469,0.000
head_tilt_left.mp4,101,3.501,True,1.7643,0.0721,23.24,-20.71,-19.23,0.424,0.000
head_tilt_left.mp4,102,3.536,True,1.7209,0.0737,23.01,-20.93,-18.80,0.411,0.000
head_tilt_left.mp4,103,3.570,True,1.5397,0.0576,23.20,-21.47,-17.01,0.451,0.000
head_tilt_left.mp4,104,3.605,True,2.1569,0.0366,23.37,-21.79,-16.60,0.423,0.000
head_tilt_left.mp4,105,3.640,True,5.7534,0.1326,23.67,-23.13,-15.93,0.459,0.000
head_tilt_left.mp4,106,3.674,True,3.1460,0.0680,23.35,-21.78,-18.94,0.412,0.000
head_tilt_left.mp4,107,3.709,True,2.3943,0.0521,23.14,-21.86,-20.39,0.405,0.000
head_tilt_left.mp4,108,3.744,True,2.0078,0.0688,22.18,-21.12,-18.17,0.442,0.000
head_tilt_left.mp4,109,3.778,True,1.8584,0.0858,22.91,-20.72,-18.72,0.402,0.000
head_tilt_left.mp4,110,3.813,True,1.2656,0.0730,23.02,-20.12,-16.64,0.442,0.000
head_tilt_left.mp4,111,3.848,True,1.7811,0.0828,23.11,-20.51,-17.21,0.509,0.000
head_tilt_left.mp4,112,3.882,True,1.0881,0.0573,22.26,-19.12,-16.83,0.446,0.000
head_tilt_left.mp4,113,3.917,True,1.4810,0.0657,22.97,-20.64,-18.82,0.437,0.000
head_tilt_left.mp4,114,3.952,True,1.7092,0.0868,23.09,-21.04,-18.34,0.459,0.000
head_tilt_left.mp4,115,3.986,True,1.6999,0.0251,23.36,-20.40,-19.24,0.413,0.000
head_tilt_left.mp4,116,4.021,True,1.4387,0.0870,22.81,-19.77,-17.92,0.448,0.000
head_tilt_left.mp4,117,4.056,True,2.1613,0.0424,23.14,-21.92,-18.56,0.429,0.000
head_tilt_left.mp4,118,4.090,True,1.5576,0.0538,23.81,-21.38,-16.88,0.461,0.000
head_tilt_left.mp4,119,4.125,True,1.4281,0.0228,23.38,-20.63,-16.80,0.418,0.000
head_tilt_left.mp4,120,4.160,True,2.0028,0.0551,23.50,-21.82,-17.99,0.446,0.000
head_tilt_left.mp4,121,4.194,True,3.3336,0.0902,22.44,-21.23,-20.09,0.433,0.000
head_tilt_left.mp4,122,4.229,True,1.9299,0.0741,22.49,-21.24,-20.27,0.397,0.000
head_tilt_left.mp4,123,4.264,True,2.4385,0.0661,23.67,-21.59,-19.83,0.458,0.000
head_tilt_left.mp4,124,4.298,True,2.2826,0.0475,23.36,-21.66,-18.88,0.404,0.000
head_tilt_left.mp4,125,4.333,True,2.0985,0.0385,23.50,-21.95,-19.39,0.434,0.000
head_tilt_left.mp4,126,4.368,True,1.9417,0.0381,22.95,-20.93,-19.40,0.420,0.000
head_tilt_left.mp4,127,4.402,True,1.4675,0.0497,23.12,-20.75,-18.44,0.445,0.000
head_tilt_left.mp4,128,4.437,True,2.1968,0.0421,22.72,-21.86,-18.36,0.451,0.000
head_tilt_left.mp4,129,4.472,True,1.7124,0.0152,23.45,-21.45,-19.75,0.410,0.000
head_tilt_left.mp4,130,4.506,True,1.4094,0.0148,23.17,-20.12,-21.25,0.356,0.276
head_tilt_left.mp4,131,4.541,True,1.7838,0.0500,23.91,-21.28,-18.04,0.446,0.000
head_tilt_left.mp4,132,4.576,True,1.4813,0.0395,23.00,-20.40,-18.50,0.431,0.000
head_tilt_left.mp4,133,4.610,True,2.5207,0.0137,23.32,-21.69,-21.00,0.436,0.000
head_tilt_left.mp4,134,4.645,True,1.5673,0.0272,23.09,-20.57,-20.11,0.428,0.000
head_tilt_left.mp4,135,4.680,True,1.3345,0.0350,23.36,-20.83,-17.77,0.459,0.000
head_tilt_left.mp4,136,4.714,True,2.5249,0.0456,23.38,-21.90,-18.43,0.438,0.000
head_tilt_left.mp4,137,4.749,True,1.3317,0.0346,23.80,-20.11,-18.44,0.380,0.177
head_tilt_left.mp4,138,4.784,True,1.9445,0.0592,23.84,-20.73,-19.90,0.387,0.000
head_tilt_left.mp4,139,4.818,True,2.0045,0.0975,23.02,-21.58,-19.16,0.398,0.000
head_tilt_left.mp4,140,4.853,True,1.3733,0.0772,23.33,-20.65,-20.03,0.368,0.115
head_tilt_left.mp4,141,4.888,True,2.1377,0.0410,23.63,-21.74,-18.92,0.379,0.000
head_tilt_left.mp4,142,4.922,True,1.8902,0.0407,23.26,-21.45,-20.33,0.440,0.000
head_tilt_left.mp4,143,4.957,True,2.2631,0.1107,22.85,-21.28,-18.69,0.434,0.000
head_tilt_left.mp4,144,4.992,True,2.7889,0.0935,23.06,-22.20,-18.48,0.368,0.000
head_tilt_left.mp4,145,5.026,True,1.5857,0.0331,23.23,-20.70,-19.83,0.428,0.000
head_tilt_left.mp4,146,5.061,True,1.5488,0.0816,22.94,-20.88,-19.32,0.417,0.000
head_tilt_left.mp4,147,5.096,True,1.3346,0.0123,23.68,-19.52,-20.61,0.406,0.127
head_tilt_left.mp4,148,5.130,True,2.7176,0.0431,24.61,-20.87,-21.12,0.340,0.078
head_tilt_left.mp4,149,5.165,True,1.6603,0.0423,23.14,-20.26,-20.53,0.326,0.349
head_tilt_left.mp4,150,5.200,True,1.7968,0.0721,22.83,-21.80,-20.16,0.362,0.000
head_tilt_left.mp4,151,5.234,True,1.4731,0.0482,22.90,-19.42,-20.39,0.398,0.000
head_tilt_left.mp4,152,5.269,True,1.5475,0.0637,23.31,-20.64,-19.66,0.397,0.000
head_tilt_left.mp4,153,5.304,True,1.8033,0.0440,23.39,-21.71,-18.90,0.461,0.000
head_tilt_left.mp4,154,5.338,True,2.3578,0.0481,22.77,-21.64,-20.61,0.425,0.000
head_tilt_left.mp4,155,5.373,True,2.6769,0.0785,23.58,-22.17,-18.97,0.427,0.000
head_tilt_left.mp4,156,5.407,True,1.5324,0.0545,23.33,-21.02,-19.48,0.394,0.012
head_tilt_left.mp4,157,5.442,True,1.2943,0.0601,22.83,-20.37,-16.69,0.471,0.000
head_tilt_left.mp4,158,5.477,True,1.8138,0.0670,23.33,-21.22,-17.77,0.430,0.000
head_tilt_left.mp4,159,5.511,True,1.4412,0.0740,23.33,-20.35,-18.21,0.356,0.048
head_tilt_left.mp4,160,5.546,True,1.5882,0.0651,23.33,-21.26,-20.47,0.428,0.000
head_tilt_left.mp4,161,5.581,True,1.9732,0.0838,23.53,-21.41,-16.78,0.482,0.000
head_tilt_left.mp4,162,5.615,True,4.0182,0.0389,22.93,-22.07,-19.03,0.452,0.000
head_tilt_left.mp4,163,5.650,True,1.9329,0.0917,23.03,-21.27,-17.24,0.502,0.000
head_tilt_left.mp4,164,5.685,True,1.7150,0.1305,22.57,-21.02,-16.99,0.445,0.000
head_tilt_left.mp4,165,5.719,True,1.8899,0.0643,22.77,-20.80,-18.75,0.399,0.129
head_tilt_left.mp4,166,5.754,True,2.6073,0.0599,23.32,-21.87,-20.10,0.385,0.000
head_tilt_left.mp4,167,5.789,True,1.4015,0.0683,23.02,-21.36,-18.21,0.443,0.000
head_tilt_left.mp4,168,5.823,True,1.6104,0.0673,22.39,-21.62,-20.42,0.421,0.000
head_tilt_left.mp4,169,5.858,True,1.8494,0.0695,22.64,-21.22,-19.87,0.455,0.000
head_tilt_left.mp4,170,5.893,True,2.2024,0.0741,22.89,-21.80,-19.09,0.421,0.000
head_tilt_left.mp4,171,5.927,True,2.5524,0.0422,23.18,-21.83,-18.16,0.396,0.000
head_tilt_left.mp4,172,5.962,True,2.6468,0.0235,23.63,-22.69,-19.93,0.456,0.000
head_tilt_left.mp4,173,5.997,True,3.7682,0.1441,22.64,-22.36,-19.10,0.383,0.000
head_tilt_left.mp4,174,6.031,True,2.1067,0.1102,23.19,-21.69,-18.51,0.412,0.000
head_tilt_left.mp4,175,6.066,True,3.4898,0.0406,24.17,-21.86,-21.81,0.399,0.000
head_tilt_left.mp4,176,6.101,True,1.8179,0.0269,23.69,-20.78,-20.41,0.361,0.183
head_tilt_left.mp4,177,6.135,True,2.6214,0.0297,24.75,-21.64,-20.84,0.393,0.000
head_tilt_left.mp4,178,6.170,True,3.0263,0.0645,23.28,-21.84,-19.08,0.390,0.000
head_tilt_left.mp4,179,6.205,True,2.6996,0.0264,24.58,-21.92,-20.89,0.399,0.000
head_tilt_left.mp4,180,6.239,True,1.9123,0.0498,23.02,-21.69,-22.13,0.391,0.000
head_tilt_left.mp4,181,6.274,False,,,,,,,
head_tilt_left.mp4,182,6.309,True,4.0015,0.0404,24.35,-22.10,-20.31,0.413,0.000
head_tilt_left.mp4,183,6.343,True,3.0251,0.0210,23.57,-22.08,-21.15,0.426,0.000
head_tilt_left.mp4,184,6.378,True,2.8701,0.0215,24.35,-21.58,-20.46,0.397,0.000
head_tilt_left.mp4,185,6.413,True,2.4581,0.0382,23.81,-22.37,-20.91,0.414,0.000
head_tilt_left.mp4,186,6.447,True,2.8888,0.0572,23.90,-21.86,-20.13,0.397,0.000
head_tilt_left.mp4,187,6.482,True,1.3248,0.0193,22.96,-20.23,-19.18,0.450,0.000
head_tilt_left.mp4,188,6.517,True,1.3119,0.0279,23.09,-19.57,-20.20,0.476,0.000
head_tilt_left.mp4,189,6.551,True,1.7604,0.0173,24.23,-20.74,-22.24,0.425,0.000
head_tilt_left.mp4,190,6.586,True,1.7117,0.0241,24.26,-20.35,-19.52,0.399,0.000
head_tilt_left.mp4,191,6.621,True,3.4470,0.0606,23.50,-22.45,-19.65,0.392,0.000
head_tilt_left.mp4,192,6.655,True,1.5466,0.0241,23.69,-20.17,-19.66,0.410,0.039
head_tilt_left.mp4,193,6.690,True,1.8029,0.0246,23.14,-21.21,-19.96,0.459,0.000
head_tilt_left.mp4,194,6.725,True,1.8438,0.0343,23.24,-20.77,-18.71,0.420,0.000
head_tilt_left.mp4,195,6.759,True,1.7742,0.0229,23.31,-20.96,-18.35,0.430,0.000
head_tilt_left.mp4,196,6.794,True,1.6600,0.0558,23.39,-20.67,-16.38,0.456,0.000
head_tilt_left.mp4,197,6.829,True,1.6669,0.0764,23.05,-20.62,-19.14,0.427,0.000
head_tilt_left.mp4,198,6.863,True,7.3572,0.0342,23.55,-21.33,-18.65,0.450,0.000
head_tilt_left.mp4,199,6.898,True,2.2562,0.0144,22.84,-21.03,-20.16,0.412,0.000
head_tilt_left.mp4,200,6.933,True,4.6430,0.0845,22.66,-21.56,-18.55,0.434,0.000
head_tilt_left.mp4,201,6.967,True,3.4438,0.0241,23.98,-21.79,-18.85,0.373,0.000
head_tilt_left.mp4,202,7.002,True,1.8053,0.0185,24.42,-21.08,-21.15,0.407,0.000
head_tilt_left.mp4,203,7.037,False,,,,,,,
head_tilt_left.mp4,204,7.071,True,2.9959,0.0596,23.31,-21.55,-19.59,0.429,0.000
head_tilt_left.mp4,205,7.106,True,3.4373,0.0289,23.83,-22.00,-21.10,0.423,0.000
head_tilt_left.mp4,206,7.141,True,2.0121,0.0221,24.06,-21.80,-19.31,0.402,0.000
head_tilt_left.mp4,207,7.175,True,2.7193,0.0202,24.00,-21.06,-20.32,0.409,0.000
head_tilt_left.mp4,208,7.210,True,1.2715,0.0358,24.32,-18.53,-21.82,0.543,0.000
head_tilt_left.mp4,209,7.245,True,1.7718,0.0214,23.71,-21.28,-19.28,0.423,0.000
head_tilt_left.mp4,210,7.279,True,2.6871,0.0173,24.51,-21.29,-20.23,0.416,0.000
head_tilt_left.mp4,211,7.314,True,5.6544,0.0427,23.38,-21.46,-23.21,0.385,0.000
head_tilt_left.mp4,212,7.349,True,1.5387,0.0290,24.03,-20.90,-20.85,0.425,0.000
head_tilt_left.mp4,213,7.383,True,2.0301,0.0313,24.06,-21.35,-20.93,0.340,0.113
head_tilt_left.mp4,214,7.418,True,2.1654,0.0245,23.63,-21.58,-21.12,0.375,0.000
head_tilt_left.mp4,215,7.453,True,1.2369,0.0377,24.38,-19.91,-19.64,0.527,0.000
head_tilt_left.mp4,216,7.487,True,1.5026,0.0173,24.43,-19.47,-19.22,0.473,0.000
head_tilt_left.mp4,217,7.522,True,1.3320,0.0224,24.37,-20.19,-19.64,0.477,0.000
head_tilt_left.mp4,218,7.557,True,1.8025,0.0203,23.44,-20.77,-21.45,0.383,0.000
head_tilt_left.mp4,219,7.591,True,3.4733,0.0348,24.67,-21.86,-22.30,0.417,0.000
head_tilt_left.mp4,220,7.626,True,1.5838,0.0403,23.79,-21.48,-20.09,0.442,0.000
head_tilt_left.mp4,221,7.661,False,,,,,,,
head_tilt_left.mp4,222,7.695,True,1.8675,0.0230,24.31,-20.70,-20.20,0.433,0.000
head_tilt_left.mp4,223,7.730,True,2.1231,0.0281,24.53,-20.71,-21.50,0.429,0.000
head_tilt_left.mp4,224,7.765,True,1.1087,0.0281,24.02,-18.06,-22.24,0.528,0.000
head_tilt_left.mp4,225,7.799,True,1.7504,0.0185,24.41,-20.47,-19.25,0.421,0.000
head_tilt_left.mp4,226,7.834,True,1.3930,0.0278,24.37,-19.83,-20.03,0.493,0.000
head_tilt_left.mp4,227,7.869,True,2.6796,0.0152,23.92,-20.90,-20.05,0.407,0.000
head_tilt_left.mp4,228,7.903,True,1.2885,0.0306,23.79,-19.42,-20.20,0.522,0.000
head_tilt_left.mp4,229,7.938,True,1.6259,0.0534,23.60,-20.89,-20.88,0.405,0.034
head_tilt_left.mp4,230,7.973,True,1.3050,0.0431,24.11,-19.58,-20.40,0.494,0.000
head_tilt_left.mp4,231,8.007,True,1.3539,0.0376,23.37,-19.07,-23.47,0.411,0.000
head_tilt_left.mp4,232,8.042,True,2.2395,0.0300,24.04,-21.11,-22.04,0.435,0.000
head_tilt_left.mp4,233,8.077,True,2.2993,0.0710,23.83,-21.45,-22.19,0.406,0.000
head_tilt_left.mp4,234,8.111,True,2.2109,0.0170,24.06,-21.60,-21.29,0.399,0.000
head_tilt_left.mp4,235,8.146,True,1.9005,0.0179,24.07,-21.52,-21.22,0.410,0.000
head_tilt_left.mp4,236,8.181,True,1.6264,0.0154,24.06,-20.57,-18.91,0.365,0.054
head_tilt_left.mp4,237,8.215,True,4.5961,0.0369,23.29,-22.16,-17.21,0.421,0.000
head_tilt_left.mp4,238,8.250,True,1.9469,0.0208,23.75,-21.64,-21.11,0.395,0.000
head_tilt_left.mp4,239,8.285,True,2.0538,0.0287,24.54,-20.29,-22.58,0.380,0.000
head_tilt_left.mp4,240,8.319,True,1.6593,0.0199,24.32,-20.80,-21.66,0.475,0.000
head_tilt_left.mp4,241,8.354,True,2.3797,0.0178,24.13,-22.13,-21.51,0.412,0.000
head_tilt_left.mp4,242,8.389,True,2.7232,0.0235,24.57,-21.76,-21.77,0.429,0.000
head_tilt_left.mp4,243,8.423,True,2.4229,0.0212,24.61,-21.98,-21.59,0.397,0.000
head_tilt_left.mp4,244,8.458,True,1.3233,0.0174,24.40,-20.68,-21.51,0.406,0.034
head_tilt_left.mp4,245,8.493,True,1.7444,0.0594,24.13,-20.49,-21.35,0.378,0.000
head_tilt_left.mp4,246,8.527,False,,,,,,,
head_tilt_left.mp4,247,8.562,True,1.8607,0.0408,23.40,-20.98,-21.32,0.391,0.068
head_tilt_left.mp4,248,8.597,True,2.0875,0.0267,24.56,-20.76,-21.92,0.441,0.000
head_tilt_left.mp4,249,8.631,True,1.4979,0.0207,23.25,-20.28,-20.44,0.481,0.000
head_tilt_left.mp4,250,8.666,True,1.5182,0.0355,24.02,-18.85,-20.92,0.468,0.000
head_tilt_left.mp4,251,8.701,True,1.9855,0.0445,23.42,-21.09,-19.03,0.334,0.095
head_tilt_left.mp4,252,8.735,True,1.5390,0.0388,24.05,-20.08,-21.35,0.347,0.102
head_tilt_left.mp4,253,8.770,True,2.1734,0.0271,23.83,-21.04,-19.79,0.401,0.000
head_tilt_left.mp4,254,8.805,True,2.5084,0.0300,23.79,-21.00,-22.99,0.410,0.000
head_tilt_left.mp4,255,8.839,True,1.6350,0.0192,23.40,-20.38,-22.80,0.417,0.000
head_tilt_left.mp4,256,8.874,True,1.4207,0.0183,24.10,-20.00,-21.39,0.425,0.000
head_tilt_left.mp4,257,8.909,True,1.7616,0.0205,23.19,-21.69,-19.10,0.417,0.000
head_tilt_left.mp4,258,8.943,True,1.3484,0.0203,23.87,-19.31,-19.64,0.459,0.000
head_tilt_left.mp4,259,8.978,True,2.7648,0.0472,23.54,-20.72,-22.97,0.350,0.143
head_tilt_left.mp4,260,9.012,True,2.0580,0.0194,23.94,-20.49,-19.53,0.369,0.046
head_tilt_left.mp4,261,9.047,True,2.9378,0.0155,24.43,-21.05,-22.02,0.381,0.000
head_tilt_left.mp4,262,9.082,True,1.6844,0.0193,24.20,-21.10,-18.89,0.381,0.000
head_tilt_left.mp4,263,9.116,True,1.4723,0.0175,23.06,-20.62,-23.82,0.462,0.000
head_tilt_left.mp4,264,9.151,True,1.2427,0.0196,23.50,-19.19,-21.09,0.426,0.000
head_tilt_left.mp4,265,9.186,True,1.2314,0.0233,23.83,-20.35,-20.37,0.448,0.000
head_tilt_left.mp4,266,9.220,True,1.3648,0.0262,23.68,-18.71,-24.11,0.434,0.000
head_tilt_left.mp4,267,9.255,True,2.1854,0.0185,23.44,-20.67,-22.01,0.383,0.000
head_tilt_left.mp4,268,9.290,True,1.7900,0.0209,23.52,-20.52,-22.14,0.369,0.049
head_tilt_left.mp4,269,9.324,True,1.8303,0.0221,23.47,-20.16,-22.21,0.413,0.000
head_tilt_left.mp4,270,9.359,True,1.7242,0.0241,24.32,-20.67,-22.00,0.407,0.000
head_tilt_left.mp4,271,9.394,True,2.4988,0.0534,23.76,-20.68,-22.21,0.343,0.156
head_tilt_left.mp4,272,9.428,True,1.2308,0.0159,23.57,-18.73,-22.35,0.453,0.000
head_tilt_left.mp4,273,9.463,True,1.3586,0.0257,23.26,-19.29,-21.32,0.469,0.000
head_tilt_left.mp4,274,9.498,True,1.8424,0.0326,23.35,-21.25,-22.80,0.387,0.025
head_tilt_left.mp4,275,9.532,True,1.5046,0.0234,23.64,-19.81,-23.83,0.381,0.131
head_tilt_left.mp4,276,9.567,True,1.4645,0.0329,23.84,-19.07,-22.12,0.441,0.000
head_tilt_left.mp4,277,9.602,True,2.1053,0.0242,23.74,-21.10,-20.87,0.411,0.000
head_tilt_left.mp4,278,9.636,False,,,,,,,
head_tilt_left.mp4,279,9.671,True,1.7725,0.0342,23.42,-20.30,-20.88,0.316,0.267
head_tilt_left.mp4,280,9.706,True,1.8063,0.0365,24.12,-20.23,-20.62,0.442,0.000
head_tilt_left.mp4,281,9.740,True,2.1253,0.0528,23.30,-21.28,-21.38,0.335,0.000
head_tilt_left.mp4,282,9.775,False,,,,,,,
head_tilt_left.mp4,283,9.810,True,1.9161,0.0149,23.70,-20.27,-22.15,0.393,0.000
head_tilt_left.mp4,284,9.844,True,1.9775,0.0345,23.69,-20.29,-22.02,0.359,0.155
head_tilt_left.mp4,285,9.879,True,1.6142,0.0174,24.07,-19.00,-20.85,0.378,0.000
head_tilt_left.mp4,286,9.914,True,2.0908,0.0631,23.76,-19.82,-20.64,0.381,0.000
head_tilt_left.mp4,287,9.948,True,1.7560,0.0335,23.88,-20.93,-22.68,0.408,0.000
head_tilt_left.mp4,288,9.983,True,2.1796,0.0295,23.47,-20.69,-23.04,0.408,0.000
head_tilt_left.mp4,289,10.018,True,2.1642,0.0315,23.54,-20.82,-21.70,0.397,0.000
head_tilt_left.mp4,290,10.052,True,1.7322,0.0410,23.57,-20.43,-21.04,0.370,0.000
head_tilt_left.mp4,291,10.087,True,1.9791,0.0285,23.52,-20.71,-19.92,0.379,0.000
head_tilt_left.mp4,292,10.122,True,1.7490,0.0374,23.81,-20.70,-21.16,0.425,0.000
head_tilt_left.mp4,293,10.156,False,,,,,,,
head_tilt_left.mp4,294,10.191,True,1.4427,0.0266,24.56,-19.20,-21.87,0.483,0.000
head_tilt_left.mp4,295,10.226,True,1.3034,0.0193,23.94,-19.04,-20.68,0.437,0.000
head_tilt_left.mp4,296,10.260,True,1.6640,0.0270,24.61,-19.99,-21.22,0.443,0.000
head_tilt_left.mp4,297,10.295,True,2.5034,0.0498,23.75,-20.74,-20.26,0.346,0.000
head_tilt_left.mp4,298,10.330,False,,,,,,,
head_tilt_left.mp4,299,10.364,True,1.5246,0.0235,23.02,-19.41,-23.14,0.357,0.000
head_tilt_left.mp4,300,10.399,False,,,,,,,
head_tilt_left.mp4,301,10.434,True,1.5988,0.0280,23.70,-20.37,-21.25,0.402,0.000
head_tilt_left.mp4,302,10.468,True,3.0527,0.0229,23.24,-21.19,-21.74,0.401,0.000
head_tilt_left.mp4,303,10.503,True,2.2914,0.0398,23.86,-21.22,-22.90,0.358,0.255
head_tilt_left.mp4,304,10.538,True,2.5093,0.0380,23.78,-20.95,-23.47,0.395,0.000
head_tilt_left.mp4,305,10.572,True,3.2764,0.0319,24.23,-21.08,-23.81,0.396,0.000
head_tilt_left.mp4,306,10.607,True,3.3040,0.0457,23.20,-21.33,-21.52,0.448,0.000
head_tilt_left.mp4,307,10.642,True,1.5712,0.0366,23.39,-20.46,-19.56,0.332,0.182
head_tilt_left.mp4,308,10.676,True,1.5470,0.0192,23.70,-20.01,-22.11,0.471,0.000
head_tilt_left.mp4,309,10.711,True,1.6583,0.0274,23.64,-20.66,-19.65,0.368,0.000
head_tilt_left.mp4,310,10.746,True,1.7027,0.0380,23.94,-20.45,-21.34,0.393,0.000
head_tilt_left.mp4,311,10.780,True,2.2817,0.0260,23.52,-21.22,-22.01,0.322,0.000
head_tilt_left.mp4,312,10.815,True,2.1946,0.0421,22.76,-20.68,-21.54,0.370,0.000
head_tilt_left.mp4,313,10.850,True,1.6149,0.0358,23.88,-19.98,-22.21,0.367,0.000
head_tilt_left.mp4,314,10.884,True,3.0917,0.0801,22.77,-20.80,-23.45,0.414,0.000
head_tilt_left.mp4,315,10.919,True,1.8362,0.0440,23.30,-19.60,-22.10,0.361,0.130
head_tilt_left.mp4,316,10.954,True,1.6947,0.0333,22.76,-20.19,-21.88,0.374,0.000
head_tilt_left.mp4,317,10.988,True,2.5281,0.0580,22.74,-20.94,-20.76,0.367,0.000
head_tilt_left.mp4,318,11.023,True,1.8947,0.0491,22.95,-20.44,-20.16,0.337,0.087
head_tilt_left.mp4,319,11.058,True,2.0710,0.0480,23.29,-20.61,-19.92,0.313,0.165
head_tilt_left.mp4,320,11.092,True,2.3046,0.0194,23.61,-20.67,-20.43,0.410,0.000
head_tilt_left.mp4,321,11.127,True,1.8454,0.0587,23.57,-20.96,-22.02,0.330,0.040
head_tilt_left.mp4,322,11.162,True,1.9250,0.1036,23.35,-20.02,-21.18,0.428,0.000
head_tilt_left.mp4,323,11.196,True,3.2741,0.0466,23.06,-20.26,-21.26,0.429,0.000
head_tilt_left.mp4,324,11.231,True,1.4158,0.0488,22.98,-19.97,-23.52,0.412,0.000
head_tilt_left.mp4,325,11.266,True,1.8705,0.0606,23.58,-20.10,-22.57,0.407,0.000
head_tilt_left.mp4,326,11.300,True,2.2660,0.0281,24.14,-20.31,-23.93,0.401,0.000
head_tilt_left.mp4,327,11.335,True,1.1916,0.0312,23.35,-19.31,-23.14,0.402,0.075
head_tilt_left.mp4,328,11.370,True,1.9800,0.0676,22.91,-20.34,-21.70,0.387,0.000
head_tilt_left.mp4,329,11.404,True,1.9878,0.0720,23.18,-19.97,-20.29,0.404,0.000
head_tilt_left.mp4,330,11.439,True,1.7976,0.0672,23.09,-20.92,-21.72,0.340,0.171
head_tilt_left.mp4,331,11.474,True,1.7348,0.0564,23.06,-19.63,-21.38,0.394,0.260
head_tilt_left.mp4,332,11.508,True,2.0988,0.0182,23.24,-20.70,-22.43,0.411,0.000
head_tilt_left.mp4,333,11.543,True,6.9289,0.0489,22.67,-21.14,-21.21,0.458,0.000
head_tilt_left.mp4,334,11.578,True,1.1943,0.0366,23.05,-19.17,-21.26,0.399,0.048
head_tilt_left.mp4,335,11.612,True,1.6536,0.0241,23.48,-20.65,-20.11,0.388,0.000
head_tilt_left.mp4,336,11.647,True,1.5411,0.0451,23.44,-20.45,-21.28,0.384,0.000
head_tilt_left.mp4,337,11.682,True,3.3314,0.1105,22.87,-21.46,-21.03,0.388,0.000
head_tilt_left.mp4,338,11.716,True,3.6233,0.0639,23.36,-20.66,-22.31,0.322,0.176
head_tilt_left.mp4,339,11.751,True,1.7834,0.0622,22.71,-20.21,-20.87,0.417,0.000
head_tilt_left.mp4,340,11.786,True,2.5074,0.0566,22.77,-20.74,-20.27,0.384,0.000
head_tilt_left.mp4,341,11.820,True,2.9194,0.0746,22.74,-20.81,-20.42,0.390,0.000
head_tilt_left.mp4,342,11.855,True,2.2386,0.0529,23.32,-20.69,-20.75,0.362,0.006
head_tilt_left.mp4,343,11.890,True,4.9869,0.0442,23.50,-21.36,-21.93,0.457,0.000
head_tilt_left.mp4,344,11.924,True,1.7830,0.0713,23.57,-20.61,-18.46,0.462,0.000
head_tilt_left.mp4,345,11.959,True,2.8911,0.0349,23.20,-21.51,-18.85,0.441,0.000
head_tilt_left.mp4,346,11.994,True,2.9540,0.0923,23.30,-20.83,-21.33,0.425,0.000
head_tilt_left.mp4,347,12.028,True,4.9085,0.0720,22.85,-21.06,-19.98,0.428,0.000
head_tilt_left.mp4,348,12.063,True,2.1734,0.0952,22.70,-20.97,-21.47,0.400,0.000
head_tilt_left.mp4,349,12.098,True,1.5121,0.0358,23.08,-20.89,-20.89,0.421,0.000
head_tilt_left.mp4,350,12.132,True,1.3677,0.0281,23.60,-18.88,-21.47,0.375,0.159
head_tilt_left.mp4,351,12.167,True,1.3462,0.0371,24.19,-19.95,-20.55,0.390,0.027
head_tilt_left.mp4,352,12.202,True,2.0878,0.0663,22.52,-20.31,-21.51,0.390,0.000
head_tilt_left.mp4,353,12.236,True,4.0845,0.0272,23.83,-20.85,-22.78,0.416,0.000
head_tilt_left.mp4,354,12.271,True,2.6472,0.0509,23.47,-21.12,-20.86,0.449,0.000
head_tilt_left.mp4,355,12.306,True,1.4755,0.0320,24.32,-18.94,-22.66,0.461,0.000
head_tilt_left.mp4,356,12.340,True,2.6444,0.0146,23.95,-21.07,-20.69,0.413,0.000
head_tilt_left.mp4,357,12.375,True,1.4439,0.0165,23.31,-20.32,-21.57,0.402,0.066
head_tilt_left.mp4,358,12.410,True,1.4912,0.0315,22.76,-19.74,-20.43,0.447,0.000
head_tilt_left.mp4,359,12.444,True,2.0864,0.0264,23.07,-20.52,-23.50,0.440,0.000
head_tilt_left.mp4,360,12.479,True,1.6752,0.0336,23.92,-19.93,-21.90,0.412,0.000
head_tilt_left.mp4,361,12.514,True,1.4447,0.0200,24.43,-20.00,-19.94,0.470,0.000
head_tilt_left.mp4,362,12.548,True,1.5574,0.0412,23.39,-19.63,-22.41,0.419,0.000
head_tilt_left.mp4,363,12.583,True,4.7978,0.0657,23.04,-20.71,-21.43,0.415,0.000
head_tilt_left.mp4,364,12.617,True,2.0608,0.0280,24.17,-20.35,-21.83,0.380,0.000
head_tilt_left.mp4,365,12.652,True,1.7668,0.0268,22.93,-19.76,-20.68,0.429,0.000
head_tilt_left.mp4,366,12.687,True,2.0599,0.0207,23.33,-20.53,-21.22,0.420,0.000
head_tilt_left.mp4,367,12.721,True,1.9394,0.0442,24.11,-19.99,-21.86,0.394,0.005
head_tilt_left.mp4,368,12.756,True,7.0965,0.0512,23.28,-21.40,-21.12,0.388,0.000
head_tilt_left.mp4,369,12.791,True,1.8981,0.0507,23.30,-20.16,-20.94,0.412,0.000
head_tilt_left.mp4,370,12.825,False,,,,,,,
head_tilt_left.mp4,371,12.860,True,1.6898,0.0157,24.26,-20.36,-21.73,0.443,0.000
head_tilt_left.mp4,372,12.895,True,2.3580,0.0207,22.97,-21.13,-20.00,0.500,0.000
head_tilt_left.mp4,373,12.929,True,3.0444,0.0272,24.13,-21.30,-22.50,0.394,0.000
head_tilt_left.mp4,374,12.964,True,1.2932,0.0172,23.92,-19.62,-21.67,0.422,0.048
head_tilt_left.mp4,375,12.999,True,1.3303,0.0432,23.01,-19.63,-21.55,0.399,0.000
head_tilt_left.mp4,376,13.033,True,1.8072,0.0269,23.01,-20.71,-19.30,0.474,0.000
head_tilt_left.mp4,377,13.068,True,3.2169,0.0540,23.45,-21.52,-21.05,0.405,0.000
head_tilt_left.mp4,378,13.103,True,2.1643,0.0639,22.95,-20.94,-21.07,0.384,0.000
head_tilt_left.mp4,379,13.137,True,4.2860,0.0472,23.27,-20.76,-22.27,0.387,0.000
head_tilt_left.mp4,380,13.172,True,2.0482,0.0406,24.05,-19.75,-22.47,0.393,0.000
head_tilt_left.mp4,381,13.207,True,3.1959,0.0644,23.34,-21.42,-21.74,0.436,0.000
head_tilt_left.mp4,382,13.241,True,1.3448,0.0497,23.08,-20.16,-21.77,0.432,0.000
head_tilt_left.mp4,383,13.276,True,1.7254,0.0710,23.02,-20.56,-20.34,0.420,0.000
head_tilt_left.mp4,384,13.311,True,1.8103,0.0646,23.71,-20.67,-19.45,0.446,0.000
head_tilt_left.mp4,385,13.345,True,2.1552,0.0385,23.36,-20.45,-21.61,0.438,0.000
head_tilt_left.mp4,386,13.380,True,1.6654,0.0172,24.33,-19.88,-22.00,0.444,0.000
head_tilt_left.mp4,387,13.415,True,1.7126,0.0127,24.20,-20.56,-22.39,0.469,0.000
head_tilt_left.mp4,388,13.449,True,2.0123,0.0531,23.08,-20.44,-19.89,0.467,0.000
head_tilt_left.mp4,389,13.484,True,2.0378,0.0361,22.81,-20.82,-20.86,0.436,0.000
head_tilt_left.mp4,390,13.519,True,1.8594,0.0158,24.33,-20.86,-22.21,0.374,0.000
head_tilt_left.mp4,391,13.553,True,1.4315,0.0264,23.92,-19.95,-23.22,0.401,0.104
head_tilt_left.mp4,392,13.588,True,2.3589,0.0117,23.83,-20.43,-22.16,0.435,0.000
head_tilt_left.mp4,393,13.623,True,2.4340,0.0335,24.49,-21.22,-20.96,0.395,0.000
head_tilt_left.mp4,394,13.657,True,2.6393,0.0436,23.40,-21.00,-19.66,0.490,0.000
head_tilt_left.mp4,395,13.692,True,1.9848,0.0664,24.23,-20.93,-23.27,0.405,0.000
head_tilt_left.mp4,396,13.727,True,2.2373,0.0824,23.42,-20.51,-18.24,0.416,0.000
head_tilt_left.mp4,397,13.761,True,2.2863,0.0206,24.18,-22.05,-19.61,0.439,0.000
head_tilt_left.mp4,398,13.796,True,2.7619,0.0352,23.59,-21.76,-20.58,0.409,0.000
head_tilt_left.mp4,399,13.831,True,3.0587,0.0254,23.52,-21.66,-20.69,0.449,0.000
head_tilt_left.mp4,400,13.865,True,2.3854,0.0671,23.05,-20.50,-20.06,0.429,0.000
head_tilt_left.mp4,401,13.900,True,3.6784,0.0845,23.64,-20.89,-19.34,0.437,0.000
head_tilt_left.mp4,402,13.935,True,14.4144,0.0450,23.80,-21.29,-21.67,0.459,0.000
head_tilt_left.mp4,403,13.969,True,2.1976,0.0444,23.70,-20.75,-19.00,0.460,0.000
head_tilt_left.mp4,404,14.004,True,1.8937,0.0495,23.63,-20.30,-19.17,0.479,0.000
head_tilt_left.mp4,405,14.039,True,2.6995,0.0532,23.09,-19.59,-15.67,0.432,0.000
head_tilt_left.mp4,406,14.073,True,2.6439,0.0222,23.70,-21.22,-20.91,0.431,0.000
head_tilt_left.mp4,407,14.108,True,1.9448,0.0155,23.37,-20.60,-22.06,0.420,0.000
head_tilt_left.mp4,408,14.143,True,2.8500,0.0184,23.37,-20.09,-21.83,0.439,0.000
head_tilt_left.mp4,409,14.177,True,1.9544,0.0303,22.95,-20.84,-22.74,0.430,0.000
head_tilt_left.mp4,410,14.212,True,3.9136,0.0725,23.74,-21.25,-18.21,0.435,0.000
head_tilt_left.mp4,411,14.247,True,4.3315,0.0345,23.26,-20.99,-19.24,0.460,0.000
head_tilt_left.mp4,412,14.281,True,5.2726,0.0513,23.48,-21.49,-22.44,0.412,0.000
head_tilt_left.mp4,413,14.316,True,5.1721,0.0589,23.49,-21.15,-22.50,0.471,0.000
head_tilt_left.mp4,414,14.351,True,3.0309,0.0411,23.87,-21.28,-19.64,0.476,0.000
head_tilt_left.mp4,415,14.385,True,1.7058,0.0377,23.03,-19.86,-18.48,0.454,0.000
head_tilt_left.mp4,416,14.420,True,1.9881,0.0208,23.06,-20.18,-18.22,0.429,0.000
head_tilt_left.mp4,417,14.455,True,4.8507,0.0521,23.54,-20.40,-23.68,0.434,0.000
head_tilt_left.mp4,418,14.489,True,3.4970,0.0272,22.99,-20.95,-22.72,0.421,0.000
head_tilt_left.mp4,419,14.524,True,2.4507,0.0480,23.07,-21.11,-19.92,0.453,0.000
head_tilt_left.mp4,420,14.559,True,2.2997,0.0393,23.15,-20.61,-21.13,0.418,0.000
head_tilt_left.mp4,421,14.593,True,2.5456,0.0311,23.14,-21.38,-20.83,0.476,0.000
head_tilt_left.mp4,422,14.628,True,2.2876,0.0592,23.36,-20.31,-19.89,0.424,0.000
head_tilt_left.mp4,423,14.663,True,1.6902,0.0331,22.07,-19.88,-17.71,0.500,0.000
head_tilt_left.mp4,424,14.697,True,3.5667,0.0918,23.22,-21.20,-18.29,0.429,0.000
head_tilt_left.mp4,425,14.732,True,5.8944,0.0498,23.03,-20.93,-21.85,0.415,0.000
head_tilt_left.mp4,426,14.767,True,3.5402,0.0813,22.69,-21.00,-18.83,0.438,0.000
head_tilt_left.mp4,427,14.801,True,1.8412,0.0579,23.10,-19.61,-19.18,0.474,0.000
head_tilt_left.mp4,428,14.836,True,1.8068,0.0346,23.66,-20.69,-19.03,0.467,0.000
head_tilt_left.mp4,429,14.871,True,2.0541,0.0234,23.88,-20.55,-22.19,0.453,0.000
head_tilt_left.mp4,430,14.905,True,2.5200,0.0303,23.64,-21.02,-19.21,0.447,0.000
head_tilt_left.mp4,431,14.940,True,2.4274,0.0625,23.61,-21.02,-16.21,0.472,0.000
head_tilt_left.mp4,432,14.975,True,2.9441,0.1124,23.10,-20.93,-20.85,0.412,0.000
head_tilt_left.mp4,433,15.009,True,2.1880,0.0480,23.52,-20.25,-16.70,0.445,0.000
head_tilt_left.mp4,434,15.044,True,2.4809,0.0496,23.52,-21.21,-18.78,0.481,0.000
head_tilt_left.mp4,435,15.079,True,2.5259,0.0211,22.87,-21.10,-17.54,0.477,0.000
head_tilt_left.mp4,436,15.113,False,,,,,,,
head_tilt_left.mp4,437,15.148,True,1.8294,0.0143,22.88,-20.46,-17.52,0.496,0.000
head_tilt_left.mp4,438,15.183,True,2.0477,0.0643,23.87,-20.78,-17.98,0.455,0.000
head_tilt_left.mp4,439,15.217,True,5.4940,0.0592,23.70,-21.19,-21.60,0.475,0.000
head_tilt_left.mp4,440,15.252,True,1.6203,0.0228,24.65,-19.33,-21.52,0.417,0.000
head_tilt_left.mp4,441,15.287,True,4.9432,0.0960,23.74,-21.55,-17.67,0.473,0.000
head_tilt_left.mp4,442,15.321,True,4.4736,0.0634,23.94,-20.57,-19.39,0.467,0.000
head_tilt_left.mp4,443,15.356,True,1.3509,0.0628,23.38,-19.81,-18.06,0.466,0.000
head_tilt_left.mp4,444,15.391,True,2.6003,0.0595,23.56,-20.73,-18.66,0.443,0.000
head_tilt_left.mp4,445,15.425,True,2.4754,0.0557,22.92,-20.44,-17.95,0.440,0.000
head_tilt_left.mp4,446,15.460,True,2.2610,0.0436,23.95,-21.03,-20.12,0.463,0.000
head_tilt_left.mp4,447,15.495,True,3.6496,0.0734,23.18,-20.44,-17.88,0.439,0.000
head_tilt_left.mp4,448,15.529,True,2.3445,0.0241,23.27,-20.75,-20.41,0.417,0.000
head_tilt_left.mp4,449,15.564,True,2.9165,0.0557,23.59,-20.98,-19.16,0.458,0.000
head_tilt_left.mp4,450,15.599,True,1.5588,0.0462,23.63,-19.97,-16.20,0.438,0.000
head_tilt_left.mp4,451,15.633,True,2.5749,0.0829,23.54,-20.59,-20.05,0.428,0.000
head_tilt_left.mp4,452,15.668,True,2.8490,0.1270,24.09,-21.72,-19.05,0.440,0.000
head_tilt_left.mp4,453,15.703,True,2.4078,0.0713,23.36,-20.71,-17.12,0.453,0.000
head_tilt_left.mp4,454,15.737,True,2.3509,0.0314,22.66,-19.74,-17.66,0.449,0.000
head_tilt_left.mp4,455,15.772,True,3.3882,0.0366,24.05,-20.91,-18.70,0.406,0.000
head_tilt_left.mp4,456,15.807,True,1.9290,0.0504,22.73,-20.77,-18.18,0.467,0.000
head_tilt_right.mp4,0,0.000,False,,,,,,,
head_tilt_right.mp4,1,0.033,False,,,,,,,
head_tilt_right.mp4,2,0.066,False,,,,,,,
head_tilt_right.mp4,3,0.099,False,,,,,,,
head_tilt_right.mp4,4,0.132,False,,,,,,,
head_tilt_right.mp4,5,0.165,False,,,,,,,
head_tilt_right.mp4,6,0.197,False,,,,,,,
head_tilt_right.mp4,7,0.230,False,,,,,,,
head_tilt_right.mp4,8,0.263,False,,,,,,,
head_tilt_right.mp4,9,0.296,False,,,,,,,
head_tilt_right.mp4,10,0.329,False,,,,,,,
head_tilt_right.mp4,11,0.362,False,,,,,,,
head_tilt_right.mp4,12,0.395,False,,,,,,,
head_tilt_right.mp4,13,0.428,False,,,,,,,
head_tilt_right.mp4,14,0.461,False,,,,,,,
head_tilt_right.mp4,15,0.494,False,,,,,,,
head_tilt_right.mp4,16,0.527,False,,,,,,,
head_tilt_right.mp4,17,0.560,False,,,,,,,
head_tilt_right.mp4,18,0.592,False,,,,,,,
head_tilt_right.mp4,19,0.625,False,,,,,,,
head_tilt_right.mp4,20,0.658,False,,,,,,,
head_tilt_right.mp4,21,0.691,False,,,,,,,
head_tilt_right.mp4,22,0.724,True,2.5422,1.7643,15.86,23.34,12.43,0.596,0.000
head_tilt_right.mp4,23,0.757,False,,,,,,,
head_tilt_right.mp4,24,0.790,False,,,,,,,
head_tilt_right.mp4,25,0.823,False,,,,,,,
head_tilt_right.mp4,26,0.856,False,,,,,,,
head_tilt_right.mp4,27,0.889,True,1.6367,1.0063,18.22,21.88,32.42,0.660,0.000
head_tilt_right.mp4,28,0.922,True,1.0380,0.0731,18.44,21.71,22.51,0.569,1.000
head_tilt_right.mp4,29,0.955,True,0.8059,0.2283,18.94,19.59,28.47,0.747,1.000
head_tilt_right.mp4,30,0.987,True,0.7791,0.0883,19.78,19.43,31.46,0.827,1.000
head_tilt_right.mp4,31,1.020,True,0.6345,0.0817,18.57,19.07,30.19,0.777,1.000
head_tilt_right.mp4,32,1.053,True,0.6515,0.0439,17.92,19.49,22.38,0.566,1.000
head_tilt_right.mp4,33,1.086,True,0.6650,0.0419,17.45,20.07,26.71,0.588,1.000
head_tilt_right.mp4,34,1.119,True,0.6725,0.0416,17.53,19.93,21.86,0.536,1.000
head_tilt_right.mp4,35,1.152,True,0.6020,0.0385,17.66,19.99,20.42,0.480,0.892
head_tilt_right.mp4,36,1.185,True,0.6269,0.0300,17.70,20.18,20.70,0.494,1.000
head_tilt_right.mp4,37,1.218,True,0.6247,0.0494,17.65,20.94,19.43,0.522,0.962
head_tilt_right.mp4,38,1.251,True,0.5551,0.0415,16.86,20.07,21.45,0.558,1.000
head_tilt_right.mp4,39,1.284,True,0.5356,0.0238,16.99,19.71,23.56,0.551,0.994
head_tilt_right.mp4,40,1.317,True,0.6425,0.0426,16.57,20.11,20.19,0.499,0.953
head_tilt_right.mp4,41,1.350,True,0.6746,0.0374,17.35,20.33,18.78,0.531,0.994
head_tilt_right.mp4,42,1.382,True,0.6055,0.0546,17.85,20.56,20.37,0.548,0.984
head_tilt_right.mp4,43,1.415,True,0.6348,0.0223,17.11,21.14,19.93,0.511,0.969
head_tilt_right.mp4,44,1.448,True,0.6115,0.0575,17.47,20.43,20.69,0.567,1.000
head_tilt_right.mp4,45,1.481,True,0.6137,0.0415,18.32,19.54,21.64,0.584,1.000
head_tilt_right.mp4,46,1.514,True,0.6968,0.0498,17.87,20.64,25.04,0.597,1.000
head_tilt_right.mp4,47,1.547,True,0.6623,0.0320,17.07,21.13,22.03,0.546,1.000
head_tilt_right.mp4,48,1.580,True,0.6860,0.0344,17.56,20.50,21.10,0.544,1.000
head_tilt_right.mp4,49,1.613,True,0.6621,0.0488,17.99,20.41,22.79,0.624,1.000
head_tilt_right.mp4,50,1.646,True,0.6121,0.0366,18.14,19.93,22.31,0.563,1.000
head_tilt_right.mp4,51,1.679,True,0.5450,0.0294,17.20,20.33,23.80,0.635,1.000
head_tilt_right.mp4,52,1.712,True,0.6775,0.0357,17.48,20.91,23.81,0.638,1.000
head_tilt_right.mp4,53,1.744,True,0.6097,0.0222,16.85,20.19,22.31,0.592,1.000
head_tilt_right.mp4,54,1.777,True,0.6837,0.0426,17.41,19.96,21.69,0.575,1.000
head_tilt_right.mp4,55,1.810,True,0.7109,0.0339,17.53,20.83,21.57,0.528,1.000
head_tilt_right.mp4,56,1.843,True,0.6311,0.0488,17.44,20.78,23.63,0.613,1.000
head_tilt_right.mp4,57,1.876,True,0.5786,0.0255,17.51,20.50,24.29,0.620,1.000
head_tilt_right.mp4,58,1.909,True,0.7672,0.0375,19.28,19.73,25.56,0.657,1.000
head_tilt_right.mp4,59,1.942,True,0.6423,0.0518,18.26,18.60,25.18,0.702,1.000
head_tilt_right.mp4,60,1.975,True,0.6381,0.0304,18.34,18.81,27.05,0.728,1.000
head_tilt_right.mp4,61,2.008,True,0.6091,0.0462,17.07,19.91,26.25,0.653,1.000
head_tilt_right.mp4,62,2.041,True,0.6148,0.0350,18.19,19.30,24.32,0.623,1.000
head_tilt_right.mp4,63,2.074,True,0.7159,0.0300,18.90,20.28,28.07,0.744,1.000
head_tilt_right.mp4,64,2.107,True,0.6178,0.0356,17.16,20.25,24.51,0.682,1.000
head_tilt_right.mp4,65,2.139,True,0.6816,0.0372,17.88,20.69,22.27,0.590,1.000
head_tilt_right.mp4,66,2.172,True,0.6142,0.0357,17.75,20.01,26.20,0.718,1.000
head_tilt_right.mp4,67,2.205,True,0.7673,0.0400,18.88,20.17,29.70,0.736,1.000
head_tilt_right.mp4,68,2.238,True,0.6068,0.0396,17.74,19.98,25.63,0.650,1.000
head_tilt_right.mp4,69,2.271,True,0.6405,0.0508,17.75,20.36,24.32,0.546,1.000
head_tilt_right.mp4,70,2.304,True,0.7279,0.0640,18.09,19.45,25.87,0.680,1.000
head_tilt_right.mp4,71,2.337,True,0.6893,0.0464,17.98,19.82,25.91,0.628,1.000
head_tilt_right.mp4,72,2.370,True,0.6818,0.0474,17.49,20.52,21.03,0.526,0.973
head_tilt_right.mp4,73,2.403,True,0.6769,0.0378,18.03,20.32,23.98,0.602,1.000
head_tilt_right.mp4,74,2.436,True,0.6647,0.0509,17.70,20.01,24.76,0.650,1.000
head_tilt_right.mp4,75,2.469,True,0.6945,0.0670,17.91,19.97,23.22,0.678,1.000
head_tilt_right.mp4,76,2.502,True,0.6387,0.0623,18.12,19.65,25.27,0.629,0.986
head_tilt_right.mp4,77,2.534,True,0.7727,0.1081,18.72,20.13,25.75,0.676,1.000
head_tilt_right.mp4,78,2.567,True,0.6463,0.0438,18.46,19.81,24.16,0.646,1.000
head_tilt_right.mp4,79,2.600,True,0.5820,0.0648,17.35,19.22,22.85,0.666,1.000
head_tilt_right.mp4,80,2.633,True,0.5996,0.0737,17.90,18.47,25.82,0.682,1.000
head_tilt_right.mp4,81,2.666,True,0.6290,0.0266,18.20,19.80,23.65,0.594,1.000
head_tilt_right.mp4,82,2.699,True,0.7280,0.0413,17.80,20.08,23.39,0.564,1.000
head_tilt_right.mp4,83,2.732,True,0.5890,0.0451,18.71,19.26,24.53,0.664,1.000
head_tilt_right.mp4,84,2.765,True,0.6106,0.0303,17.00,20.32,24.57,0.614,1.000
head_tilt_right.mp4,85,2.798,True,0.5848,0.0373,18.56,18.95,26.10,0.657,1.000
head_tilt_right.mp4,86,2.831,True,0.6514,0.0409,17.99,19.55,24.85,0.661,1.000
head_tilt_right.mp4,87,2.864,True,0.6137,0.0611,17.60,21.01,24.32,0.604,1.000
head_tilt_right.mp4,88,2.897,True,0.6797,0.0377,16.91,20.32,25.01,0.568,1.000
head_tilt_right.mp4,89,2.929,True,0.7258,0.0326,17.26,20.21,24.95,0.567,1.000
head_tilt_right.mp4,90,2.962,True,0.6497,0.0695,17.40,19.71,24.39,0.632,1.000
head_tilt_right.mp4,91,2.995,True,0.6979,0.0525,18.04,20.64,24.03,0.646,1.000
head_tilt_right.mp4,92,3.028,True,0.6955,0.0341,18.12,20.16,23.73,0.556,1.000
head_tilt_right.mp4,93,3.061,True,0.6941,0.0331,18.56,20.52,23.52,0.555,1.000
head_tilt_right.mp4,94,3.094,True,0.7475,0.0286,18.05,20.12,25.58,0.570,1.000
head_tilt_right.mp4,95,3.127,True,0.7525,0.0360,17.79,20.74,23.31,0.546,1.000
head_tilt_right.mp4,96,3.160,True,0.8843,0.0289,17.91,20.49,22.11,0.540,1.000
head_tilt_right.mp4,97,3.193,True,0.7036,0.0440,18.07,20.27,23.28,0.666,1.000
head_tilt_right.mp4,98,3.226,True,0.7680,0.0320,17.74,20.39,24.50,0.573,1.000
head_tilt_right.mp4,99,3.259,True,0.6548,0.0759,17.60,19.98,23.76,0.625,1.000
head_tilt_right.mp4,100,3.291,True,0.7165,0.0478,18.23,19.48,26.53,0.682,1.000
head_tilt_right.mp4,101,3.324,True,0.5697,0.0494,17.25,19.35,24.35,0.642,1.000
head_tilt_right.mp4,102,3.357,True,0.6407,0.0709,17.39,19.08,25.93,0.611,1.000
head_tilt_right.mp4,103,3.390,True,0.7806,0.0361,18.16,20.06,26.33,0.628,1.000
head_tilt_right.mp4,104,3.423,True,0.7980,0.0370,18.07,20.71,18.29,0.549,1.000
head_tilt_right.mp4,105,3.456,True,0.7573,0.0472,16.90,20.89,23.90,0.556,1.000
head_tilt_right.mp4,106,3.489,False,,,,,,,
head_tilt_right.mp4,107,3.522,True,0.7481,0.0506,18.29,20.25,25.50,0.715,1.000
head_tilt_right.mp4,108,3.555,True,0.6341,0.0302,16.82,20.57,24.24,0.619,1.000
head_tilt_right.mp4,109,3.588,True,0.7216,0.0285,18.11,21.31,21.02,0.593,0.998
head_tilt_right.mp4,110,3.621,True,0.8101,0.0287,18.39,20.98,20.77,0.566,1.000
head_tilt_right.mp4,111,3.654,True,0.7713,0.0856,18.21,20.23,24.38,0.611,1.000
head_tilt_right.mp4,112,3.686,True,0.7288,0.0716,17.72,19.96,24.45,0.628,1.000
head_tilt_right.mp4,113,3.719,True,0.7063,0.0534,18.49,19.72,27.37,0.695,1.000
head_tilt_right.mp4,114,3.752,True,0.7896,0.0744,18.39,20.26,25.88,0.629,1.000
head_tilt_right.mp4,115,3.785,True,0.6684,0.0503,17.79,20.23,23.88,0.637,1.000
head_tilt_right.mp4,116,3.818,True,0.8448,0.0563,18.43,20.51,23.52,0.564,1.000
head_tilt_right.mp4,117,3.851,True,0.7580,0.0494,18.15,20.54,22.39,0.549,0.925
head_tilt_right.mp4,118,3.884,True,0.6957,0.1452,18.22,19.09,25.17,0.663,1.000
head_tilt_right.mp4,119,3.917,True,0.6375,0.0764,18.02,19.93,25.11,0.622,1.000
head_tilt_right.mp4,120,3.950,True,0.8679,0.0291,18.25,21.53,21.80,0.547,1.000
head_tilt_right.mp4,121,3.983,True,0.8179,0.0375,17.70,20.47,21.36,0.572,1.000
head_tilt_right.mp4,122,4.016,True,0.6618,0.0578,17.20,19.64,24.76,0.632,1.000
head_tilt_right.mp4,123,4.049,True,0.6822,0.0659,17.85,20.56,26.31,0.647,1.000
head_tilt_right.mp4,124,4.081,True,0.7777,0.1622,19.00,19.29,27.10,0.707,1.000
head_tilt_right.mp4,125,4.114,True,0.9003,0.1139,18.15,21.04,24.58,0.725,1.000
head_tilt_right.mp4,126,4.147,True,0.6439,0.0370,17.81,19.92,27.23,0.610,1.000
head_tilt_right.mp4,127,4.180,True,0.7472,0.0459,17.28,19.88,25.39,0.544,1.000
head_tilt_right.mp4,128,4.213,True,0.6636,0.0471,17.76,20.15,25.28,0.645,1.000
head_tilt_right.mp4,129,4.246,True,0.7185,0.0424,17.35,20.67,23.95,0.556,1.000
head_tilt_right.mp4,130,4.279,True,0.6784,0.1260,17.68,19.22,25.53,0.650,1.000
head_tilt_right.mp4,131,4.312,True,0.6425,0.0357,17.03,19.28,24.58,0.614,1.000
head_tilt_right.mp4,132,4.345,True,0.6383,0.0503,17.36,19.30,28.49,0.696,1.000
head_tilt_right.mp4,133,4.378,True,0.6367,0.0457,17.34,20.48,25.17,0.663,1.000
head_tilt_right.mp4,134,4.411,True,0.7879,0.0446,18.36,20.15,26.93,0.651,1.000
head_tilt_right.mp4,135,4.444,True,0.6656,0.0410,17.95,19.78,26.26,0.639,1.000
head_tilt_right.mp4,136,4.476,True,0.7437,0.0631,18.38,19.65,28.67,0.726,1.000
head_tilt_right.mp4,137,4.509,True,0.6747,0.0786,18.17,19.95,27.42,0.700,1.000
head_tilt_right.mp4,138,4.542,True,0.7389,0.0910,18.78,19.03,26.96,0.692,1.000
head_tilt_right.mp4,139,4.575,True,0.7459,0.0584,17.57,20.53,24.64,0.649,1.000
head_tilt_right.mp4,140,4.608,True,0.7365,0.1333,19.44,19.30,28.08,0.711,1.000
head_tilt_right.mp4,141,4.641,True,0.8599,0.0699,19.08,20.10,26.37,0.641,1.000
head_tilt_right.mp4,142,4.674,True,0.6775,0.0662,18.16,20.19,27.71,0.683,1.000
head_tilt_right.mp4,143,4.707,True,0.7155,0.0498,18.95,20.23,27.86,0.687,1.000
head_tilt_right.mp4,144,4.740,True,0.7902,0.0985,19.25,19.80,28.86,0.738,1.000
head_tilt_right.mp4,145,4.773,True,0.7275,0.0449,18.27,19.19,26.40,0.741,1.000
head_tilt_right.mp4,146,4.806,True,0.9003,0.1195,19.61,19.52,27.11,0.692,1.000
head_tilt_right.mp4,147,4.838,False,,,,,,,
head_tilt_right.mp4,148,4.871,True,0.8328,0.0432,19.23,19.82,28.63,0.723,1.000
head_tilt_right.mp4,149,4.904,True,0.7013,0.0412,19.08,19.54,26.18,0.690,1.000
head_tilt_right.mp4,150,4.937,True,0.6420,0.0478,18.28,20.07,25.01,0.634,1.000
head_tilt_right.mp4,151,4.970,True,0.6994,0.0466,17.67,20.17,25.74,0.655,1.000
head_tilt_right.mp4,152,5.003,True,0.7264,0.1331,19.26,19.29,29.29,0.746,1.000
head_tilt_right.mp4,153,5.036,True,0.6767,0.0459,17.29,19.91,24.16,0.686,1.000
head_tilt_right.mp4,154,5.069,True,0.7344,0.1399,18.86,19.31,30.44,0.781,1.000
head_tilt_right.mp4,155,5.102,False,,,,,,,
head_tilt_right.mp4,156,5.135,True,0.6066,0.0696,17.21,19.29,26.42,0.664,1.000
head_tilt_right.mp4,157,5.168,True,0.6495,0.0412,17.44,19.79,25.61,0.583,1.000
head_tilt_right.mp4,158,5.201,True,0.7046,0.0721,17.52,19.42,27.65,0.674,1.000
head_tilt_right.mp4,159,5.233,True,0.7514,0.1187,17.75,19.36,26.22,0.630,1.000
head_tilt_right.mp4,160,5.266,False,,,,,,,
head_tilt_right.mp4,161,5.299,True,0.6599,0.0486,19.10,18.73,27.92,0.667,1.000
head_tilt_right.mp4,162,5.332,True,0.7218,0.0742,17.41,20.52,24.17,0.632,1.000
head_tilt_right.mp4,163,5.365,True,0.7195,0.0636,18.32,19.15,28.16,0.632,1.000
head_tilt_right.mp4,164,5.398,True,0.7878,0.1429,18.63,18.71,28.19,0.715,1.000
head_tilt_right.mp4,165,5.431,True,0.7020,0.1424,19.13,18.75,28.45,0.734,1.000
head_tilt_right.mp4,166,5.464,True,0.8158,0.0297,19.28,19.56,30.66,0.761,1.000
head_tilt_right.mp4,167,5.497,True,0.6841,0.0595,18.79,19.57,29.15,0.703,1.000
head_tilt_right.mp4,168,5.530,True,0.7782,0.1253,16.80,20.73,27.49,0.814,1.000
head_tilt_right.mp4,169,5.563,True,0.7292,0.0452,17.99,19.93,21.53,0.572,1.000
head_tilt_right.mp4,170,5.596,True,0.7125,0.0547,17.06,19.40,25.35,0.649,1.000
head_tilt_right.mp4,171,5.628,True,0.8167,0.2236,18.19,19.74,25.71,0.694,1.000
head_tilt_right.mp4,172,5.661,True,0.7482,0.0484,17.26,20.64,23.44,0.605,1.000
head_tilt_right.mp4,173,5.694,True,0.7151,0.0495,17.42,20.71,25.35,0.630,1.000
head_tilt_right.mp4,174,5.727,True,0.7214,0.0463,17.26,21.32,21.86,0.575,1.000
head_tilt_right.mp4,175,5.760,True,0.7278,0.0804,18.37,19.60,26.31,0.700,1.000
head_tilt_right.mp4,176,5.793,True,0.6893,0.0610,18.90,19.02,25.97,0.655,1.000
head_tilt_right.mp4,177,5.826,True,0.6791,0.0483,17.78,20.29,23.87,0.626,1.000
head_tilt_right.mp4,178,5.859,True,0.8158,0.0449,17.88,20.62,23.51,0.613,1.000
head_tilt_right.mp4,179,5.892,True,0.7830,0.0580,17.69,20.78,28.56,0.690,1.000
head_tilt_right.mp4,180,5.925,True,0.8607,0.0493,18.02,22.03,24.76,0.668,1.000
head_tilt_right.mp4,181,5.958,True,0.7924,0.0594,18.48,20.20,27.20,0.726,1.000
head_tilt_right.mp4,182,5.990,True,0.6431,0.0464,17.70,19.78,23.02,0.642,1.000
head_tilt_right.mp4,183,6.023,True,0.6661,0.0555,17.31,19.56,25.62,0.673,1.000
head_tilt_right.mp4,184,6.056,True,0.7483,0.0392,18.01,20.32,26.58,0.566,1.000
head_tilt_right.mp4,185,6.089,True,0.7317,0.0473,17.39,21.00,21.97,0.579,1.000
head_tilt_right.mp4,186,6.122,True,0.7001,0.0538,17.31,20.61,24.12,0.663,1.000
head_tilt_right.mp4,187,6.155,True,0.7351,0.1113,17.84,19.97,25.98,0.668,1.000
head_tilt_right.mp4,188,6.188,True,0.7335,0.0534,17.31,20.54,24.42,0.571,1.000
head_tilt_right.mp4,189,6.221,False,,,,,,,
head_tilt_right.mp4,190,6.254,True,0.7910,0.0479,17.27,19.82,25.35,0.650,1.000
head_tilt_right.mp4,191,6.287,False,,,,,,,
head_tilt_right.mp4,192,6.320,True,0.5371,0.0278,16.35,20.72,25.03,0.644,1.000
head_tilt_right.mp4,193,6.353,True,0.5467,0.0400,16.72,19.39,23.95,0.677,1.000
head_tilt_right.mp4,194,6.385,False,,,,,,,
head_tilt_right.mp4,195,6.418,False,,,,,,,
head_tilt_right.mp4,196,6.451,False,,,,,,,
head_tilt_right.mp4,197,6.484,True,0.4867,0.1170,17.66,18.79,24.89,0.711,1.000
head_tilt_right.mp4,198,6.517,False,,,,,,,
head_tilt_right.mp4,199,6.550,False,,,,,,,
head_tilt_right.mp4,200,6.583,True,0.7851,0.0709,17.73,19.40,27.40,0.604,1.000
head_tilt_right.mp4,201,6.616,True,0.7150,0.1550,17.39,19.23,27.05,0.643,1.000
head_tilt_right.mp4,202,6.649,True,0.6896,0.0407,18.44,19.24,26.87,0.661,1.000
head_tilt_right.mp4,203,6.682,True,0.7088,0.1393,18.00,19.61,27.63,0.761,1.000
head_tilt_right.mp4,204,6.715,False,,,,,,,
head_tilt_right.mp4,205,6.748,True,0.6815,0.0604,17.42,19.58,25.49,0.637,1.000
head_tilt_right.mp4,206,6.780,False,,,,,,,
head_tilt_right.mp4,207,6.813,True,0.8429,0.1399,17.69,19.09,28.74,0.679,1.000
head_tilt_right.mp4,208,6.846,True,0.7392,0.1307,17.53,19.51,27.79,0.733,1.000
head_tilt_right.mp4,209,6.879,True,0.7717,0.1173,17.41,19.82,28.09,0.667,1.000
head_tilt_right.mp4,210,6.912,True,0.6822,0.0648,17.76,20.29,26.88,0.678,1.000
head_tilt_right.mp4,211,6.945,True,0.7625,0.0626,17.94,19.92,27.42,0.712,1.000
head_tilt_right.mp4,212,6.978,True,0.7284,0.0378,18.36,19.78,23.64,0.591,1.000
head_tilt_right.mp4,213,7.011,True,0.7815,0.0858,17.62,19.72,25.94,0.698,1.000
head_tilt_right.mp4,214,7.044,True,0.8565,0.1833,18.45,20.17,26.98,0.703,1.000
head_tilt_right.mp4,215,7.077,True,1.2374,0.0419,20.17,21.47,32.18,0.747,1.000
head_tilt_right.mp4,216,7.110,True,0.7328,0.0551,17.02,20.88,25.53,0.626,1.000
head_tilt_right.mp4,217,7.143,True,0.7188,0.0485,17.17,21.01,23.15,0.601,1.000
head_tilt_right.mp4,218,7.175,True,0.7188,0.0500,17.38,20.91,24.75,0.578,1.000
head_tilt_right.mp4,219,7.208,True,0.7145,0.0402,17.90,21.32,19.33,0.577,1.000
head_tilt_right.mp4,220,7.241,True,0.7458,0.0369,16.98,21.18,16.11,0.514,0.921
head_tilt_right.mp4,221,7.274,True,0.7600,0.0491,18.27,21.52,15.87,0.515,0.881
head_tilt_right.mp4,222,7.307,True,0.6686,0.0457,17.05,21.63,14.36,0.574,0.933
head_tilt_right.mp4,223,7.340,True,0.6674,0.0334,16.42,20.54,15.73,0.569,0.878
head_tilt_right.mp4,224,7.373,True,0.7235,0.0327,17.07,20.72,16.74,0.512,1.000
head_tilt_right.mp4,225,7.406,True,0.7129,0.0317,16.82,21.24,11.26,0.547,0.979
head_tilt_right.mp4,226,7.439,True,0.7018,0.0398,17.07,20.98,16.74,0.506,0.980
head_tilt_right.mp4,227,7.472,True,0.7113,0.0676,17.35,20.89,11.99,0.576,1.000
head_tilt_right.mp4,228,7.505,True,0.7179,0.0585,17.04,21.03,13.87,0.548,1.000
head_tilt_right.mp4,229,7.537,True,0.6991,0.0432,17.16,20.52,14.96,0.502,0.967
head_tilt_right.mp4,230,7.570,True,0.6252,0.0344,16.96,20.05,13.51,0.562,0.932
head_tilt_right.mp4,231,7.603,True,0.6620,0.0445,16.78,20.91,13.24,0.554,0.993
head_tilt_right.mp4,232,7.636,True,0.6779,0.0448,17.66,20.59,14.67,0.524,0.910
head_tilt_right.mp4,233,7.669,True,0.6750,0.0878,16.48,21.07,12.84,0.584,0.974
head_tilt_right.mp4,234,7.702,True,0.6775,0.0476,17.02,21.52,13.95,0.540,0.921
head_tilt_right.mp4,235,7.735,True,0.7481,0.0598,16.16,21.65,13.93,0.535,1.000
head_tilt_right.mp4,236,7.768,True,0.6876,0.0267,16.95,20.72,16.62,0.529,0.988
head_tilt_right.mp4,237,7.801,True,0.7310,0.0400,15.96,21.13,14.88,0.507,1.000
head_tilt_right.mp4,238,7.834,True,0.7904,0.0385,17.04,21.46,19.98,0.502,1.000
head_tilt_right.mp4,239,7.867,True,0.6571,0.0526,15.90,22.04,12.21,0.573,1.000
head_tilt_right.mp4,240,7.900,True,0.6905,0.0511,17.11,21.16,16.60,0.585,1.000
head_tilt_right.mp4,241,7.932,True,0.7469,0.0835,17.07,21.64,12.45,0.531,0.956
head_tilt_right.mp4,242,7.965,True,0.7244,0.0412,17.07,20.45,14.34,0.550,0.953
head_tilt_right.mp4,243,7.998,True,0.7237,0.0630,16.93,20.69,14.85,0.546,0.994
head_tilt_right.mp4,244,8.031,True,0.6588,0.0479,16.62,20.95,13.06,0.529,1.000
head_tilt_right.mp4,245,8.064,True,0.7273,0.0581,16.57,22.08,16.08,0.526,0.941
head_tilt_right.mp4,246,8.097,True,0.7032,0.0376,16.97,21.38,12.80,0.532,0.991
head_tilt_right.mp4,247,8.130,True,0.6302,0.1159,17.65,20.55,17.22,0.573,1.000
head_tilt_right.mp4,248,8.163,True,0.7054,0.0563,17.12,21.10,15.46,0.546,1.000
head_tilt_right.mp4,249,8.196,True,0.6122,0.0464,17.46,21.08,11.40,0.542,0.957
head_tilt_right.mp4,250,8.229,True,0.6281,0.0683,16.85,20.85,15.30,0.567,1.000
head_tilt_right.mp4,251,8.262,True,0.6409,0.0612,17.44,21.17,13.16,0.562,0.961
head_tilt_right.mp4,252,8.295,True,0.7013,0.0651,17.99,21.20,16.56,0.469,1.000
head_tilt_right.mp4,253,8.327,True,0.6155,0.0413,17.48,20.98,15.21,0.572,1.000
head_tilt_right.mp4,254,8.360,True,0.6464,0.0604,17.61,20.85,15.73,0.544,0.964
head_tilt_right.mp4,255,8.393,True,0.6480,0.0637,16.74,21.75,17.37,0.513,1.000
head_tilt_right.mp4,256,8.426,True,0.6076,0.0376,16.76,21.11,20.85,0.530,1.000
head_tilt_right.mp4,257,8.459,True,0.6912,0.0328,17.03,20.98,17.23,0.469,1.000
head_tilt_right.mp4,258,8.492,True,0.6220,0.0758,16.76,21.10,16.82,0.508,0.999
head_tilt_right.mp4,259,8.525,True,0.6585,0.0641,16.68,22.30,14.58,0.554,0.992
head_tilt_right.mp4,260,8.558,True,0.6153,0.0528,15.66,22.48,13.50,0.515,0.913
head_tilt_right.mp4,261,8.591,True,0.5943,0.0411,16.28,21.63,14.20,0.496,0.860
head_tilt_right.mp4,262,8.624,True,0.5230,0.0405,16.23,21.16,13.06,0.540,0.827
head_tilt_right.mp4,263,8.657,True,0.6107,0.0493,16.81,21.31,16.29,0.558,0.944
head_tilt_right.mp4,264,8.690,True,0.6173,0.0580,16.69,22.09,14.57,0.470,0.946
head_tilt_right.mp4,265,8.722,True,0.6133,0.0602,16.23,22.51,15.18,0.471,0.888
head_tilt_right.mp4,266,8.755,True,0.6063,0.0622,16.24,21.97,14.05,0.578,0.894
head_tilt_right.mp4,267,8.788,True,0.5928,0.0548,16.65,22.89,12.99,0.544,0.941
head_tilt_right.mp4,268,8.821,True,0.6012,0.0411,15.70,22.03,14.82,0.533,0.904
head_tilt_right.mp4,269,8.854,True,0.5570,0.0500,15.71,21.88,13.93,0.586,0.891
head_tilt_right.mp4,270,8.887,True,0.6227,0.0581,16.56,21.23,13.97,0.623,0.914
head_tilt_right.mp4,271,8.920,True,0.6104,0.0685,16.41,21.26,12.78,0.565,0.910
head_tilt_right.mp4,272,8.953,True,0.5718,0.0539,16.00,21.46,13.38,0.546,0.907
head_tilt_right.mp4,273,8.986,True,0.6123,0.0483,16.33,21.20,14.38,0.558,0.947
head_tilt_right.mp4,274,9.019,True,0.5598,0.0428,15.55,22.41,12.14,0.551,0.898
head_tilt_right.mp4,275,9.052,True,0.5734,0.0505,16.41,21.59,13.01,0.546,0.951
head_tilt_right.mp4,276,9.084,True,0.6162,0.0531,16.49,21.89,14.44,0.551,0.914
head_tilt_right.mp4,277,9.117,True,0.6369,0.0571,16.34,22.32,15.13,0.569,0.974
head_tilt_right.mp4,278,9.150,True,0.5808,0.0417,16.15,21.48,14.86,0.498,0.933
head_tilt_right.mp4,279,9.183,True,0.6233,0.0454,16.21,21.60,16.34,0.455,0.966
head_tilt_right.mp4,280,9.216,True,0.5840,0.0464,16.78,21.51,15.05,0.513,0.859
head_tilt_right.mp4,281,9.249,True,0.4724,0.0517,15.66,21.28,17.25,0.499,0.890
head_tilt_right.mp4,282,9.282,True,0.2813,0.0967,13.74,20.13,15.54,0.493,0.783
head_tilt_right.mp4,283,9.315,True,0.3148,0.0229,14.55,20.40,18.09,0.445,0.852
head_tilt_right.mp4,284,9.348,True,0.2973,0.0303,14.55,20.86,17.63,0.373,0.880
head_tilt_right.mp4,285,9.381,True,0.3757,0.0242,14.76,20.63,16.47,0.481,0.853
head_tilt_right.mp4,286,9.414,True,0.4297,0.0426,15.65,20.58,13.06,0.505,0.767
head_tilt_right.mp4,287,9.447,True,0.4796,0.0392,15.89,20.75,14.61,0.462,0.857
head_tilt_right.mp4,288,9.479,True,0.5035,0.0352,15.51,21.33,14.14,0.507,0.840
head_tilt_right.mp4,289,9.512,True,0.5122,0.0382,15.81,20.85,16.12,0.499,0.833
head_tilt_right.mp4,290,9.545,True,0.5280,0.0344,16.25,20.21,13.27,0.528,0.840
head_tilt_right.mp4,291,9.578,True,0.5172,0.0396,15.49,21.71,13.18,0.541,0.861
head_tilt_right.mp4,292,9.611,True,0.5180,0.0471,15.37,20.86,12.42,0.559,0.859
head_tilt_right.mp4,293,9.644,True,0.5236,0.0601,15.53,21.12,12.80,0.565,0.866
head_tilt_right.mp4,294,9.677,True,0.5434,0.0367,16.16,20.73,12.82,0.536,0.872
head_tilt_right.mp4,295,9.710,True,0.5875,0.0373,16.64,22.19,15.64,0.496,0.960
head_tilt_right.mp4,296,9.743,True,0.6146,0.0416,16.98,22.06,15.46,0.531,0.893
head_tilt_right.mp4,297,9.776,True,0.5260,0.0433,15.70,20.72,12.18,0.562,0.817
head_tilt_right.mp4,298,9.809,True,0.5636,0.0445,15.78,21.31,12.75,0.535,0.851
head_tilt_right.mp4,299,9.842,True,0.5870,0.0543,15.76,22.05,13.81,0.532,0.909
head_tilt_right.mp4,300,9.874,True,0.5712,0.0565,15.56,20.95,13.74,0.528,0.877
head_tilt_right.mp4,301,9.907,True,0.5696,0.0540,16.21,21.21,14.27,0.578,0.912
head_tilt_right.mp4,302,9.940,True,0.5525,0.0549,16.09,21.07,13.94,0.558,0.884
head_tilt_right.mp4,303,9.973,True,0.5536,0.0453,15.89,21.03,14.45,0.496,0.867
head_tilt_right.mp4,304,10.006,True,0.5656,0.0509,15.99,22.00,14.28,0.514,0.876
head_tilt_right.mp4,305,10.039,True,0.5516,0.0396,15.64,21.56,14.47,0.494,0.833
head_tilt_right.mp4,306,10.072,True,0.5472,0.0226,15.61,21.61,16.12,0.532,0.850
head_tilt_right.mp4,307,10.105,True,0.5232,0.0199,15.05,21.81,15.77,0.510,0.861
head_tilt_right.mp4,308,10.138,True,0.5597,0.0189,15.68,21.12,15.72,0.504,0.891
head_tilt_right.mp4,309,10.171,True,0.5482,0.0368,15.74,21.87,16.14,0.524,0.897
head_tilt_right.mp4,310,10.204,True,0.5154,0.0285,15.16,21.63,15.53,0.530,0.880
head_tilt_right.mp4,311,10.237,True,0.5286,0.0213,15.35,21.65,14.22,0.526,0.920
head_tilt_right.mp4,312,10.269,True,0.5372,0.0314,15.48,21.51,14.73,0.521,0.878
head_tilt_right.mp4,313,10.302,True,0.5447,0.0326,15.43,21.54,14.58,0.524,0.878
head_tilt_right.mp4,314,10.335,True,0.5331,0.0305,15.57,21.94,15.09,0.533,0.896
head_tilt_right.mp4,315,10.368,True,0.5436,0.0360,15.59,22.32,14.74,0.505,0.837
head_tilt_right.mp4,316,10.401,True,0.5111,0.0345,15.53,21.15,13.57,0.515,0.814
head_tilt_right.mp4,317,10.434,True,0.4427,0.0226,14.74,21.30,15.52,0.535,0.834
head_tilt_right.mp4,318,10.467,True,0.5375,0.0273,15.29,21.95,14.34,0.493,0.866
head_tilt_right.mp4,319,10.500,True,0.4929,0.0397,14.75,22.30,13.03,0.530,0.824
head_tilt_right.mp4,320,10.533,True,0.5027,0.0251,15.22,21.86,14.72,0.498,0.799
head_tilt_right.mp4,321,10.566,True,0.4699,0.0284,14.89,21.04,16.00,0.532,0.842
head_tilt_right.mp4,322,10.599,True,0.4662,0.0150,15.30,21.23,15.06,0.542,0.829
head_tilt_right.mp4,323,10.631,True,0.5447,0.0376,15.23,21.64,14.71,0.521,0.803
head_tilt_right.mp4,324,10.664,True,0.5067,0.0286,15.03,21.17,13.82,0.534,0.850
head_tilt_right.mp4,325,10.697,True,0.4385,0.0185,14.64,21.25,15.52,0.559,0.854
head_tilt_right.mp4,326,10.730,True,0.5128,0.0381,14.91,21.77,16.52,0.541,0.862
head_tilt_right.mp4,327,10.763,True,0.4907,0.0228,15.28,22.05,16.19,0.517,0.849
head_tilt_right.mp4,328,10.796,True,0.4457,0.0165,13.90,20.70,16.84,0.522,0.815
head_tilt_right.mp4,329,10.829,True,0.5065,0.0300,15.06,21.30,14.61,0.555,0.847
head_tilt_right.mp4,330,10.862,True,0.4905,0.0295,14.48,21.61,15.73,0.538,0.849
head_tilt_right.mp4,331,10.895,True,0.4581,0.0241,14.70,21.35,16.56,0.553,0.864
head_tilt_right.mp4,332,10.928,True,0.4973,0.0212,14.95,21.29,15.27,0.543,0.837
head_tilt_right.mp4,333,10.961,True,0.4383,0.0163,14.09,21.30,18.24,0.555,0.833
head_tilt_right.mp4,334,10.994,True,0.4821,0.0151,14.43,21.74,15.47,0.565,0.860
head_tilt_right.mp4,335,11.026,True,0.5193,0.0335,15.55,21.67,15.06,0.522,0.847
head_tilt_right.mp4,336,11.059,True,0.5134,0.0276,15.04,22.19,14.35,0.514,0.818
head_tilt_right.mp4,337,11.092,True,0.5108,0.0258,15.27,21.83,13.99,0.534,0.837
head_tilt_right.mp4,338,11.125,True,0.5350,0.0222,15.18,22.15,13.90,0.532,0.823
head_tilt_right.mp4,339,11.158,True,0.5114,0.0176,14.86,21.51,15.48,0.540,0.850
head_tilt_right.mp4,340,11.191,True,0.4516,0.0235,14.05,21.12,16.33,0.571,0.856
head_tilt_right.mp4,341,11.224,True,0.4533,0.0189,15.02,22.12,14.74,0.526,0.827
head_tilt_right.mp4,342,11.257,True,0.5175,0.0204,15.67,22.00,13.43,0.510,0.837
head_tilt_right.mp4,343,11.290,True,0.4843,0.0309,15.38,21.12,14.75,0.525,0.820
head_tilt_right.mp4,344,11.323,True,0.5136,0.0279,15.28,21.85,12.74,0.490,0.775
head_tilt_right.mp4,345,11.356,True,0.4865,0.0196,15.23,21.61,15.36,0.529,0.866
head_tilt_right.mp4,346,11.389,True,0.4434,0.0218,15.39,21.00,15.12,0.533,0.801
head_tilt_right.mp4,347,11.421,True,0.4719,0.0341,15.75,21.49,14.14,0.521,0.814
head_tilt_right.mp4,348,11.454,True,0.4583,0.0260,16.17,20.58,14.78,0.531,0.813
head_tilt_right.mp4,349,11.487,True,0.4622,0.0205,15.45,21.50,15.92,0.525,0.829
head_tilt_right.mp4,350,11.520,True,0.4527,0.0194,15.34,21.50,14.05,0.525,0.816
head_tilt_right.mp4,351,11.553,True,0.4896,0.0245,15.25,21.33,15.39,0.552,0.854
head_tilt_right.mp4,352,11.586,True,0.4475,0.0179,15.73,20.57,16.23,0.529,0.823
head_tilt_right.mp4,353,11.619,True,0.4394,0.0150,15.74,21.57,15.93,0.514,0.803
head_tilt_right.mp4,354,11.652,True,0.4580,0.0285,15.31,21.17,15.79,0.539,0.805
head_tilt_right.mp4,355,11.685,True,0.4683,0.0291,16.09,21.18,14.20,0.516,0.830
head_tilt_right.mp4,356,11.718,True,0.4928,0.0187,15.47,20.99,13.94,0.544,0.805
head_tilt_right.mp4,357,11.751,True,0.4705,0.0295,15.49,21.32,15.34,0.528,0.838
head_tilt_right.mp4,358,11.784,True,0.4785,0.0344,16.02,20.49,14.66,0.528,0.751
head_tilt_right.mp4,359,11.816,True,0.4645,0.0244,14.99,20.68,17.04,0.566,0.824
head_tilt_right.mp4,360,11.849,True,0.4375,0.0238,15.08,20.18,14.40,0.531,0.790
head_tilt_right.mp4,361,11.882,True,0.4376,0.0282,14.75,19.81,15.86,0.557,0.803
head_tilt_right.mp4,362,11.915,True,0.4518,0.0287,15.70,21.15,14.13,0.532,0.787
head_tilt_right.mp4,363,11.948,True,0.4644,0.0205,14.97,21.04,13.79,0.521,0.794
head_tilt_right.mp4,364,11.981,True,0.4778,0.0292,15.50,20.40,13.15,0.554,0.785
head_tilt_right.mp4,365,12.014,True,0.4700,0.0224,14.72,21.00,16.07,0.561,0.824
head_tilt_right.mp4,366,12.047,True,0.4787,0.0274,15.62,20.74,14.93,0.520,0.788
head_tilt_right.mp4,367,12.080,True,0.4493,0.0205,15.46,20.74,16.08,0.553,0.788
head_tilt_right.mp4,368,12.113,True,0.4387,0.0124,14.90,20.32,16.99,0.583,0.807
head_tilt_right.mp4,369,12.146,True,0.4205,0.0214,13.87,20.41,18.30,0.577,0.813
head_tilt_right.mp4,370,12.178,True,0.4633,0.0156,14.93,21.03,16.74,0.550,0.820
head_tilt_right.mp4,371,12.211,True,0.4514,0.0112,15.77,20.32,14.63,0.543,0.823
head_tilt_right.mp4,372,12.244,True,0.4669,0.0206,15.55,20.75,13.73,0.538,0.806
head_tilt_right.mp4,373,12.277,True,0.4206,0.0158,15.13,20.78,15.19,0.532,0.798
head_tilt_right.mp4,374,12.310,True,0.4539,0.0194,15.49,20.84,14.95,0.525,0.783
head_tilt_right.mp4,375,12.343,True,0.4579,0.0199,15.77,21.05,14.94,0.548,0.777
head_tilt_right.mp4,376,12.376,True,0.4953,0.0280,15.41,21.91,13.41,0.524,0.795
head_tilt_right.mp4,377,12.409,True,0.4572,0.0215,15.15,21.26,15.02,0.544,0.827
head_tilt_right.mp4,378,12.442,True,0.4663,0.0211,15.67,21.20,15.71,0.542,0.815
head_tilt_right.mp4,379,12.475,True,0.4588,0.0107,15.39,20.48,14.82,0.527,0.795
head_tilt_right.mp4,380,12.508,True,0.4635,0.0174,15.45,20.91,17.79,0.553,0.816
head_tilt_right.mp4,381,12.541,True,0.4626,0.0217,14.41,21.02,15.46,0.573,0.822
head_tilt_right.mp4,382,12.573,True,0.4416,0.0205,15.36,20.49,15.38,0.524,0.812
head_tilt_right.mp4,383,12.606,True,0.4689,0.0242,14.93,21.45,14.55,0.541,0.833
head_tilt_right.mp4,384,12.639,True,0.4507,0.0262,15.37,20.93,15.38,0.548,0.857
head_tilt_right.mp4,385,12.672,True,0.4567,0.0230,15.15,20.72,14.37,0.553,0.825
head_tilt_right.mp4,386,12.705,True,0.4439,0.0158,14.68,20.95,17.95,0.583,0.840
head_tilt_right.mp4,387,12.738,True,0.4387,0.0172,14.81,20.30,15.34,0.557,0.822
head_tilt_right.mp4,388,12.771,True,0.4405,0.0229,15.16,20.26,15.50,0.560,0.837
head_tilt_right.mp4,389,12.804,True,0.4494,0.0250,14.89,21.18,14.97,0.536,0.806
head_tilt_right.mp4,390,12.837,True,0.4823,0.0290,15.08,21.52,14.94,0.538,0.810
head_tilt_right.mp4,391,12.870,True,0.4640,0.0211,15.26,21.46,14.74,0.543,0.838
head_tilt_right.mp4,392,12.903,True,0.4220,0.0295,15.05,21.54,15.83,0.526,0.787
head_tilt_right.mp4,393,12.936,True,0.4526,0.0275,15.27,20.98,14.82,0.540,0.832
head_tilt_right.mp4,394,12.968,True,0.4567,0.0249,16.13,21.10,13.41,0.542,0.765
head_tilt_right.mp4,395,13.001,True,0.4513,0.0194,15.41,21.03,15.76,0.545,0.823
head_tilt_right.mp4,396,13.034,True,0.4949,0.0301,15.26,21.55,15.27,0.521,0.842
head_tilt_right.mp4,397,13.067,True,0.4908,0.0241,15.69,21.81,15.58,0.525,0.849
head_tilt_right.mp4,398,13.100,True,0.4657,0.0178,14.86,20.88,15.13,0.537,0.835
head_tilt_right.mp4,399,13.133,True,0.4532,0.0177,15.21,20.49,16.07,0.540,0.820
head_tilt_right.mp4,400,13.166,True,0.4558,0.0206,14.25,20.95,16.42,0.556,0.824
head_tilt_right.mp4,401,13.199,True,0.4473,0.0185,15.09,20.89,15.91,0.529,0.804
head_tilt_right.mp4,402,13.232,True,0.4670,0.0228,15.67,21.53,16.19,0.510,0.860
head_tilt_right.mp4,403,13.265,True,0.4476,0.0193,15.17,20.77,15.61,0.528,0.817
head_tilt_right.mp4,404,13.298,True,0.4948,0.0251,14.82,21.42,15.36,0.541,0.864
head_tilt_right.mp4,405,13.331,True,0.4850,0.0162,15.10,21.05,16.18,0.531,0.857
head_tilt_right.mp4,406,13.363,True,0.4746,0.0215,15.52,20.83,15.91,0.527,0.804
head_tilt_right.mp4,407,13.396,True,0.4954,0.0261,15.68,20.95,15.02,0.537,0.835
head_tilt_right.mp4,408,13.429,True,0.4346,0.0162,15.53,21.05,15.07,0.542,0.805
head_tilt_right.mp4,409,13.462,True,0.4463,0.0259,15.07,21.63,15.31,0.533,0.866
head_tilt_right.mp4,410,13.495,True,0.4924,0.0179,15.40,21.08,13.75,0.534,0.830
head_tilt_right.mp4,411,13.528,True,0.4555,0.0181,16.07,20.90,15.05,0.507,0.797
head_tilt_right.mp4,412,13.561,True,0.4925,0.0222,15.83,20.86,14.45,0.515,0.814
head_tilt_right.mp4,413,13.594,True,0.5132,0.0294,16.00,21.44,16.13,0.519,0.837
head_tilt_right.mp4,414,13.627,True,0.5253,0.0297,15.82,21.83,14.86,0.523,0.867
head_tilt_right.mp4,415,13.660,True,0.4779,0.0252,15.14,21.26,14.62,0.544,0.833
head_tilt_right.mp4,416,13.693,True,0.4811,0.0232,15.62,20.99,12.94,0.546,0.777
head_tilt_right.mp4,417,13.725,True,0.4665,0.0135,15.55,21.21,15.96,0.538,0.848
head_tilt_right.mp4,418,13.758,True,0.5163,0.0148,15.24,21.10,16.24,0.547,0.876
head_tilt_right.mp4,419,13.791,True,0.4764,0.0282,15.24,21.49,14.97,0.519,0.829
head_tilt_right.mp4,420,13.824,True,0.4500,0.0201,14.82,20.71,16.43,0.540,0.850
head_tilt_right.mp4,421,13.857,True,0.4706,0.0207,15.34,21.77,15.30,0.527,0.825
head_tilt_right.mp4,422,13.890,True,0.4676,0.0239,14.96,21.00,16.19,0.550,0.820
head_tilt_right.mp4,423,13.923,True,0.4484,0.0191,14.49,20.29,17.37,0.576,0.835
head_tilt_right.mp4,424,13.956,True,0.4969,0.0142,15.31,20.70,16.35,0.551,0.880
head_tilt_right.mp4,425,13.989,True,0.4779,0.0173,15.32,20.80,16.04,0.561,0.877
head_tilt_right.mp4,426,14.022,True,0.4663,0.0157,15.43,20.81,14.90,0.539,0.832
head_tilt_right.mp4,427,14.055,True,0.4798,0.0219,15.82,21.78,15.88,0.525,0.838
head_tilt_right.mp4,428,14.088,True,0.4905,0.0196,15.58,20.69,15.90,0.534,0.829
head_tilt_right.mp4,429,14.120,True,0.4794,0.0271,15.83,20.75,14.72,0.506,0.835
head_tilt_right.mp4,430,14.153,True,0.4644,0.0160,15.92,20.29,14.78,0.540,0.841
head_tilt_right.mp4,431,14.186,True,0.4343,0.0221,15.09,20.09,17.72,0.531,0.827
head_tilt_right.mp4,432,14.219,True,0.2838,0.0158,13.30,20.08,15.65,0.491,0.765
head_tilt_right.mp4,433,14.252,True,0.2278,0.0187,13.66,19.36,17.70,0.460,0.710
head_tilt_right.mp4,434,14.285,True,0.2252,0.0204,13.80,19.22,15.91,0.473,0.675
head_tilt_right.mp4,435,14.318,True,0.2642,0.0199,14.10,20.10,14.06,0.392,0.694
head_tilt_right.mp4,436,14.351,True,0.2732,0.0307,13.35,19.35,17.34,0.562,0.774
head_tilt_right.mp4,437,14.384,True,0.3302,0.0149,14.27,20.59,17.32,0.538,0.791
head_tilt_right.mp4,438,14.417,True,0.3901,0.0230,15.81,21.06,17.12,0.525,0.792
head_tilt_right.mp4,439,14.450,True,0.4213,0.0191,15.38,21.59,15.68,0.490,0.783
head_tilt_right.mp4,440,14.483,True,0.4472,0.0235,15.27,21.24,16.69,0.534,0.821
head_tilt_right.mp4,441,14.515,True,0.4429,0.0182,15.71,21.20,16.66,0.516,0.833
head_tilt_right.mp4,442,14.548,True,0.4730,0.0129,15.59,21.35,16.51,0.510,0.844
head_tilt_right.mp4,443,14.581,True,0.4682,0.0166,14.77,21.14,16.38,0.531,0.864
head_tilt_right.mp4,444,14.614,True,0.4399,0.0190,15.89,21.37,16.50,0.500,0.856
head_tilt_right.mp4,445,14.647,True,0.4406,0.0117,14.93,20.84,18.00,0.534,0.838
head_tilt_right.mp4,446,14.680,True,0.4482,0.0145,15.33,21.38,15.94,0.532,0.811
head_tilt_right.mp4,447,14.713,True,0.4972,0.0265,15.83,21.73,14.77,0.494,0.806
head_tilt_right.mp4,448,14.746,True,0.4987,0.0252,15.26,20.11,15.12,0.538,0.845
head_tilt_right.mp4,449,14.779,True,0.4880,0.0206,15.80,21.41,16.31,0.511,0.841
head_tilt_right.mp4,450,14.812,True,0.4663,0.0302,15.19,21.01,15.18,0.545,0.797
head_tilt_right.mp4,451,14.845,True,0.4782,0.0200,15.91,21.39,16.10,0.514,0.813
head_tilt_right.mp4,452,14.878,True,0.4498,0.0156,15.22,20.96,16.62,0.537,0.822
head_tilt_right.mp4,453,14.910,True,0.5003,0.0331,15.47,21.19,13.84,0.518,0.808
head_tilt_right.mp4,454,14.943,True,0.4696,0.0148,15.67,20.79,15.87,0.524,0.847
head_tilt_right.mp4,455,14.976,True,0.4847,0.0192,16.01,20.97,14.81,0.527,0.835
head_tilt_right.mp4,456,15.009,True,0.4825,0.0174,15.53,21.36,16.52,0.533,0.834
head_tilt_right.mp4,457,15.042,True,0.5039,0.0310,15.96,21.36,14.65,0.504,0.795
head_tilt_right.mp4,458,15.075,True,0.4731,0.0199,15.84,21.66,14.82,0.519,0.834
head_tilt_right.mp4,459,15.108,True,0.4583,0.0173,14.91,20.41,16.62,0.540,0.785
head_tilt_right.mp4,460,15.141,True,0.4772,0.0195,14.92,20.71,15.76,0.549,0.869
head_tilt_right.mp4,461,15.174,True,0.4427,0.0207,14.99,21.50,16.79,0.522,0.810
head_tilt_right.mp4,462,15.207,True,0.4784,0.0200,15.33,21.54,16.85,0.537,0.847
head_tilt_right.mp4,463,15.240,True,0.4930,0.0231,15.38,21.46,15.88,0.524,0.857
head_tilt_right.mp4,464,15.272,True,0.4910,0.0205,15.62,21.62,15.88,0.545,0.827
head_tilt_right.mp4,465,15.305,True,0.4984,0.0230,15.37,21.30,16.76,0.538,0.865
head_tilt_right.mp4,466,15.338,True,0.4771,0.0217,15.69,22.19,16.15,0.518,0.836
head_tilt_right.mp4,467,15.371,True,0.4592,0.0160,15.08,20.44,18.56,0.559,0.885
head_tilt_right.mp4,468,15.404,True,0.4638,0.0164,15.39,21.03,15.91,0.555,0.858
head_tilt_right.mp4,469,15.437,True,0.5116,0.0216,16.40,21.78,16.47,0.498,0.831
head_tilt_right.mp4,470,15.470,True,0.4640,0.0145,16.33,21.57,16.23,0.504,0.811
head_tilt_right.mp4,471,15.503,True,0.5092,0.0275,15.59,21.22,15.96,0.538,0.847
head_tilt_right.mp4,472,15.536,True,0.4794,0.0241,15.25,20.57,14.43,0.517,0.826
head_tilt_right.mp4,473,15.569,True,0.4913,0.0234,15.89,20.81,11.88,0.507,0.757
head_tilt_right.mp4,474,15.602,True,0.5071,0.0194,15.65,21.60,13.83,0.500,0.802
head_tilt_right.mp4,475,15.635,True,0.4827,0.0344,15.23,21.55,15.63,0.548,0.856
head_tilt_right.mp4,476,15.667,True,0.5048,0.0306,15.40,21.20,15.95,0.544,0.822
head_tilt_right.mp4,477,15.700,True,0.5041,0.0340,16.00,21.09,15.50,0.529,0.837
head_tilt_right.mp4,478,15.733,True,0.4699,0.0223,15.03,21.23,15.77,0.541,0.832
head_tilt_right.mp4,479,15.766,True,0.4698,0.0242,15.45,20.83,14.99,0.538,0.826
head_tilt_right.mp4,480,15.799,True,0.4558,0.0154,15.55,20.34,15.62,0.521,0.807
head_tilt_right.mp4,481,15.832,True,0.4833,0.0150,15.67,21.24,15.43,0.531,0.820
head_tilt_right.mp4,482,15.865,True,0.4558,0.0190,15.37,21.08,15.75,0.522,0.785
head_tilt_right.mp4,483,15.898,True,0.4598,0.0265,15.98,21.62,13.54,0.525,0.790
head_tilt_right.mp4,484,15.931,True,0.4875,0.0164,15.46,21.01,12.26,0.539,0.766
head_tilt_right.mp4,485,15.964,True,0.4682,0.0196,15.55,21.07,14.44,0.521,0.840
head_tilt_right.mp4,486,15.997,True,0.4732,0.0175,16.07,21.54,15.02,0.507,0.823
head_tilt_right.mp4,487,16.030,True,0.4386,0.0120,14.83,21.18,14.99,0.524,0.797
head_tilt_right.mp4,488,16.062,True,0.4857,0.0197,15.56,21.34,14.43,0.536,0.813
head_tilt_right.mp4,489,16.095,True,0.4528,0.0183,15.01,20.65,15.28,0.549,0.835
head_tilt_right.mp4,490,16.128,True,0.4181,0.0162,14.69,20.08,16.14,0.547,0.764
head_tilt_right.mp4,491,16.161,True,0.4799,0.0095,15.25,20.71,16.39,0.559,0.825
head_tilt_right.mp4,492,16.194,True,0.4605,0.0135,14.51,19.72,16.39,0.575,0.837
head_tilt_right.mp4,493,16.227,True,0.4534,0.0123,15.28,20.55,17.26,0.555,0.836
head_tilt_right.mp4,494,16.260,True,0.4550,0.0175,15.29,20.89,17.41,0.582,0.818
head_tilt_right.mp4,495,16.293,True,0.4669,0.0179,15.35,19.52,17.68,0.560,0.827
head_tilt_right.mp4,496,16.326,True,0.4508,0.0139,14.63,20.38,16.78,0.558,0.817
head_tilt_right.mp4,497,16.359,True,0.4710,0.0219,14.68,19.62,15.91,0.561,0.801
head_tilt_right.mp4,498,16.392,True,0.4887,0.0156,15.29,20.79,15.87,0.556,0.829
head_tilt_right.mp4,499,16.424,True,0.4164,0.0139,14.58,19.82,19.16,0.561,0.853
head_tilt_right.mp4,500,16.457,True,0.4539,0.0122,14.90,19.83,17.80,0.560,0.828
head_tilt_right.mp4,501,16.490,True,0.4312,0.0156,14.36,20.66,17.60,0.568,0.836
head_tilt_right.mp4,502,16.523,True,0.4668,0.0199,15.26,21.01,15.85,0.557,0.866
head_tilt_right.mp4,503,16.556,True,0.4800,0.0256,15.24,21.28,15.41,0.535,0.813
head_tilt_right.mp4,504,16.589,True,0.4883,0.0190,14.99,20.73,16.01,0.561,0.826
head_tilt_right.mp4,505,16.622,True,0.4217,0.0161,14.08,20.24,18.29,0.576,0.825
head_tilt_right.mp4,506,16.655,True,0.5217,0.0179,14.99,20.15,16.96,0.556,0.862
head_tilt_right.mp4,507,16.688,True,0.4692,0.0196,15.31,19.82,16.97,0.585,0.845
head_tilt_right.mp4,508,16.721,True,0.4961,0.0214,14.92,20.16,15.88,0.575,0.839
head_tilt_right.mp4,509,16.754,True,0.4753,0.0201,15.58,20.14,14.24,0.542,0.830
head_tilt_right.mp4,510,16.787,True,0.4805,0.0188,14.86,20.62,16.81,0.526,0.828
head_tilt_right.mp4,511,16.819,True,0.4714,0.0191,15.20,21.06,14.46,0.536,0.808
head_tilt_right.mp4,512,16.852,True,0.4134,0.0130,15.19,20.46,16.35,0.537,0.804
head_tilt_right.mp4,513,16.885,True,0.4697,0.0157,14.63,20.39,17.15,0.544,0.860
head_tilt_right.mp4,514,16.918,True,0.4581,0.0206,15.60,20.85,13.90,0.526,0.843
head_tilt_right.mp4,515,16.951,True,0.4650,0.0104,15.35,20.24,16.81,0.530,0.875
head_tilt_right.mp4,516,16.984,True,0.4580,0.0191,15.46,19.63,17.11,0.529,0.807
head_tilt_right.mp4,517,17.017,True,0.4960,0.0257,15.18,21.33,15.50,0.542,0.799
head_tilt_right.mp4,518,17.050,True,0.4754,0.0218,15.22,20.74,16.16,0.539,0.833
head_tilt_right.mp4,519,17.083,True,0.4475,0.0164,15.24,21.13,15.71,0.520,0.809
head_tilt_right.mp4,520,17.116,True,0.4761,0.0194,15.99,20.57,13.84,0.518,0.781
head_tilt_right.mp4,521,17.149,True,0.4825,0.0141,16.33,20.30,13.22,0.517,0.842
head_tilt_right.mp4,522,17.182,True,0.4926,0.0140,15.66,20.42,15.90,0.523,0.823
head_tilt_right.mp4,523,17.214,True,0.4724,0.0118,15.08,20.64,15.54,0.545,0.861
head_tilt_right.mp4,524,17.247,True,0.4569,0.0308,14.62,20.46,14.90,0.540,0.840
head_tilt_right.mp4,525,17.280,True,0.5390,0.0176,15.63,21.37,14.00,0.539,0.836
head_tilt_right.mp4,526,17.313,True,0.5022,0.0235,15.13,20.72,15.52,0.549,0.855
head_tilt_right.mp4,527,17.346,True,0.4904,0.0145,15.58,20.78,16.97,0.550,0.843
head_tilt_right.mp4,528,17.379,True,0.4729,0.0169,15.37,20.56,16.34,0.534,0.793
head_tilt_right.mp4,529,17.412,True,0.4770,0.0160,15.02,20.20,16.78,0.527,0.804
head_tilt_right.mp4,530,17.445,True,0.4905,0.0182,15.45,20.99,16.05,0.548,0.835
head_tilt_right.mp4,531,17.478,True,0.4911,0.0180,15.10,20.73,16.40,0.508,0.841
head_tilt_right.mp4,532,17.511,True,0.4529,0.0178,15.39,19.96,15.83,0.544,0.802
head_tilt_right.mp4,533,17.544,True,0.4886,0.0157,15.23,20.54,15.92,0.537,0.836
head_tilt_right.mp4,534,17.577,True,0.4627,0.0200,15.41,20.64,15.30,0.530,0.825
head_tilt_right.mp4,535,17.609,True,0.4535,0.0190,15.02,20.69,15.26,0.547,0.819
head_tilt_right.mp4,536,17.642,True,0.4596,0.0159,14.76,20.16,15.68,0.556,0.842
head_tilt_right.mp4,537,17.675,True,0.4747,0.0146,14.78,20.63,15.75,0.546,0.846
head_tilt_right.mp4,538,17.708,True,0.4988,0.0152,15.46,21.44,15.27,0.531,0.862
head_tilt_right.mp4,539,17.741,True,0.4892,0.0133,16.24,20.89,12.92,0.513,0.823
head_tilt_right.mp4,540,17.774,True,0.4985,0.0157,16.00,21.18,15.89,0.522,0.852
head_tilt_right.mp4,541,17.807,True,0.5104,0.0160,16.22,20.64,16.03,0.529,0.863
head_tilt_right.mp4,542,17.840,True,0.4999,0.0211,16.00,20.13,14.86,0.535,0.853
head_tilt_right.mp4,543,17.873,True,0.4502,0.0172,15.68,20.15,14.86,0.516,0.857
